{
  "StepModels": [
    {
      "$type": "WholesomeDungeonCrawler.Models.MoveAlongPathModel, WholesomeDungeonCrawler",
      "Path": [
        {
          "X": -72.87178,
          "Y": 159.696976,
          "Z": -3.4660933,
          "Type": "None",
          "Action": ""
        },
        {
          "X": -72.9476,
          "Y": 168.984116,
          "Z": -3.467498,
          "Type": "None",
          "Action": ""
        },
        {
          "X": -72.83964,
          "Y": 177.544418,
          "Z": -3.473203,
          "Type": "None",
          "Action": ""
        },
        {
          "X": -71.7043839,
          "Y": 185.9347,
          "Z": -3.47470522,
          "Type": "None",
          "Action": ""
        },
        {
          "X": -67.43347,
          "Y": 198.994171,
          "Z": -3.71045232,
          "Type": "None",
          "Action": ""
        },
        {
          "X": -70.92325,
          "Y": 206.352509,
          "Z": -4.98578644,
          "Type": "None",
          "Action": ""
        },
        {
          "X": -72.78417,
          "Y": 214.677444,
          "Z": -4.98578644,
          "Type": "None",
          "Action": ""
        },
        {
          "X": -74.85901,
          "Y": 222.910721,
          "Z": -4.98578644,
          "Type": "None",
          "Action": ""
        },
        {
          "X": -77.69715,
          "Y": 231.069,
          "Z": -4.98578644,
          "Type": "None",
          "Action": ""
        },
        {
          "X": -80.48657,
          "Y": 239.073868,
          "Z": -4.98578644,
          "Type": "None",
          "Action": ""
        },
        {
          "X": -83.0821152,
          "Y": 247.178925,
          "Z": -4.98578644,
          "Type": "None",
          "Action": ""
        },
        {
          "X": -85.29053,
          "Y": 255.508133,
          "Z": -4.98578644,
          "Type": "None",
          "Action": ""
        },
        {
          "X": -87.13238,
          "Y": 263.8269,
          "Z": -4.98578644,
          "Type": "None",
          "Action": ""
        },
        {
          "X": -87.07163,
          "Y": 272.310638,
          "Z": -4.98578644,
          "Type": "None",
          "Action": ""
        },
        {
          "X": -86.77007,
          "Y": 280.838318,
          "Z": -4.98578644,
          "Type": "None",
          "Action": ""
        },
        {
          "X": -86.54334,
          "Y": 289.291138,
          "Z": -4.98578644,
          "Type": "None",
          "Action": ""
        },
        {
          "X": -86.3427658,
          "Y": 297.800781,
          "Z": -4.98578644,
          "Type": "None",
          "Action": ""
        },
        {
          "X": -86.13699,
          "Y": 306.530853,
          "Z": -4.98578644,
          "Type": "None",
          "Action": ""
        },
        {
          "X": -85.250206,
          "Y": 314.8396,
          "Z": -4.98578644,
          "Type": "None",
          "Action": ""
        },
        {
          "X": -81.9096,
          "Y": 322.6915,
          "Z": -4.98578644,
          "Type": "None",
          "Action": ""
        },
        {
          "X": -78.51199,
          "Y": 330.4943,
          "Z": -4.98578644,
          "Type": "None",
          "Action": ""
        },
        {
          "X": -73.30233,
          "Y": 337.2579,
          "Z": -4.98578644,
          "Type": "None",
          "Action": ""
        },
        {
          "X": -56.4585,
          "Y": 341.4808,
          "Z": -4.99011469,
          "Type": "None",
          "Action": ""
        },
        {
          "X": -47.6496925,
          "Y": 341.036774,
          "Z": -4.99011469,
          "Type": "None",
          "Action": ""
        },
        {
          "X": -39.2100945,
          "Y": 341.477936,
          "Z": -4.99011469,
          "Type": "None",
          "Action": ""
        },
        {
          "X": -30.6900425,
          "Y": 341.903351,
          "Z": -4.987228,
          "Type": "None",
          "Action": ""
        },
        {
          "X": -22.1371536,
          "Y": 342.0413,
          "Z": -4.987228,
          "Type": "None",
          "Action": ""
        },
        {
          "X": -13.5772667,
          "Y": 342.179382,
          "Z": -4.987228,
          "Type": "None",
          "Action": ""
        },
        {
          "X": -4.80040741,
          "Y": 342.320953,
          "Z": -4.987228,
          "Type": "None",
          "Action": ""
        },
        {
          "X": 3.73847961,
          "Y": 342.458679,
          "Z": -4.987228,
          "Type": "None",
          "Action": ""
        },
        {
          "X": 12.27737,
          "Y": 342.596436,
          "Z": -4.987228,
          "Type": "None",
          "Action": ""
        },
        {
          "X": 12.0044727,
          "Y": 370.1553,
          "Z": -3.5946734,
          "Type": "None",
          "Action": ""
        },
        {
          "X": 13.2678938,
          "Y": 378.883423,
          "Z": -3.60263467,
          "Type": "None",
          "Action": ""
        },
        {
          "X": 13.4875946,
          "Y": 387.4836,
          "Z": -3.60263467,
          "Type": "None",
          "Action": ""
        },
        {
          "X": 13.5525885,
          "Y": 395.937225,
          "Z": -3.60402417,
          "Type": "None",
          "Action": ""
        },
        {
          "X": 13.2841282,
          "Y": 404.3959,
          "Z": -3.60402417,
          "Type": "None",
          "Action": ""
        },
        {
          "X": 12.9832335,
          "Y": 413.182739,
          "Z": -3.60402417,
          "Type": "None",
          "Action": ""
        },
        {
          "X": 12.9372435,
          "Y": 421.60965,
          "Z": -5.910496,
          "Type": "None",
          "Action": ""
        },
        {
          "X": 12.8797073,
          "Y": 428.7494,
          "Z": -9.916882,
          "Type": "None",
          "Action": ""
        },
        {
          "X": 12.8101311,
          "Y": 435.847046,
          "Z": -13.8996668,
          "Type": "None",
          "Action": ""
        },
        {
          "X": 12.0966139,
          "Y": 442.837219,
          "Z": -17.8221855,
          "Type": "None",
          "Action": ""
        },
        {
          "X": 9.797492,
          "Y": 449.639282,
          "Z": -21.63907,
          "Type": "None",
          "Action": ""
        },
        {
          "X": 7.028017,
          "Y": 457.6363,
          "Z": -23.3195286,
          "Type": "None",
          "Action": ""
        },
        {
          "X": 4.21730947,
          "Y": 465.75238,
          "Z": -23.3053455,
          "Type": "None",
          "Action": ""
        },
        {
          "X": 0.6917286,
          "Y": 473.597565,
          "Z": -23.3016415,
          "Type": "None",
          "Action": ""
        }
      ],
      "Name": "Boss - Tendris Warpwood",
      "Order": 0,
      "CompleteCondition": {
        "HasCompleteCondition": false,
        "ConditionType": 0,
        "GameObjectId": 0,
        "InitialFlags": 0,
        "ItemId": 0,
        "CSharpCondition": null,
        "DeadMobId": 0,
        "MobPositionId": 0,
        "MobId": 0,
        "MobPositionVector": null,
        "LOSPositionVector": null,
        "WaitTime": 0
      }
    },
    {
      "$type": "WholesomeDungeonCrawler.Models.MoveAlongPathModel, WholesomeDungeonCrawler",
      "Path": [
        {
          "X": 13.1696968,
          "Y": 461.314484,
          "Z": -23.312067,
          "Type": "None",
          "Action": ""
        },
        {
          "X": 14.8240175,
          "Y": 452.9281,
          "Z": -23.3278542,
          "Type": "None",
          "Action": ""
        },
        {
          "X": 16.0244389,
          "Y": 445.121765,
          "Z": -19.10419,
          "Type": "None",
          "Action": ""
        },
        {
          "X": 16.597435,
          "Y": 437.128937,
          "Z": -14.61908,
          "Type": "None",
          "Action": ""
        },
        {
          "X": 16.7783012,
          "Y": 430.134064,
          "Z": -10.6939306,
          "Type": "None",
          "Action": ""
        },
        {
          "X": 16.9833584,
          "Y": 422.203644,
          "Z": -6.2439146,
          "Type": "None",
          "Action": ""
        },
        {
          "X": 17.145483,
          "Y": 414.297974,
          "Z": -3.60518241,
          "Type": "None",
          "Action": ""
        },
        {
          "X": 16.7807789,
          "Y": 406.270538,
          "Z": -3.60518241,
          "Type": "None",
          "Action": ""
        },
        {
          "X": 16.5001011,
          "Y": 397.3424,
          "Z": -3.60516143,
          "Type": "None",
          "Action": ""
        },
        {
          "X": 16.2747746,
          "Y": 388.40274,
          "Z": -3.60516143,
          "Type": "None",
          "Action": ""
        },
        {
          "X": 16.0221214,
          "Y": 379.3906,
          "Z": -3.60499763,
          "Type": "None",
          "Action": ""
        },
        {
          "X": 15.3843269,
          "Y": 370.529816,
          "Z": -3.59820652,
          "Type": "None",
          "Action": ""
        },
        {
          "X": 18.92017,
          "Y": 362.801056,
          "Z": -3.53388071,
          "Type": "None",
          "Action": ""
        },
        {
          "X": 27.2899685,
          "Y": 359.5112,
          "Z": -3.50733161,
          "Type": "None",
          "Action": ""
        },
        {
          "X": 35.78395,
          "Y": 356.86203,
          "Z": -3.48528361,
          "Type": "None",
          "Action": ""
        },
        {
          "X": 44.3443642,
          "Y": 354.136871,
          "Z": -4.7463913,
          "Type": "None",
          "Action": ""
        },
        {
          "X": 52.71818,
          "Y": 351.069336,
          "Z": -4.98578167,
          "Type": "None",
          "Action": ""
        },
        {
          "X": 61.16562,
          "Y": 347.9748,
          "Z": -4.98578167,
          "Type": "None",
          "Action": ""
        },
        {
          "X": 69.5302353,
          "Y": 344.9106,
          "Z": -4.98578167,
          "Type": "None",
          "Action": ""
        },
        {
          "X": 77.04826,
          "Y": 342.156555,
          "Z": -4.98578167,
          "Type": "None",
          "Action": ""
        },
        {
          "X": 85.5049057,
          "Y": 339.058655,
          "Z": -4.98578167,
          "Type": "None",
          "Action": ""
        },
        {
          "X": 93.85112,
          "Y": 336.001221,
          "Z": -4.98578167,
          "Type": "None",
          "Action": ""
        },
        {
          "X": 101.733,
          "Y": 331.8302,
          "Z": -4.98578167,
          "Type": "None",
          "Action": ""
        },
        {
          "X": 109.222755,
          "Y": 326.9264,
          "Z": -4.98578167,
          "Type": "None",
          "Action": ""
        },
        {
          "X": 115.3491,
          "Y": 320.542023,
          "Z": -4.98578167,
          "Type": "None",
          "Action": ""
        },
        {
          "X": 117.333221,
          "Y": 311.855927,
          "Z": -4.98578167,
          "Type": "None",
          "Action": ""
        },
        {
          "X": 118.562073,
          "Y": 303.018036,
          "Z": -4.98578167,
          "Type": "None",
          "Action": ""
        },
        {
          "X": 120.015984,
          "Y": 294.0854,
          "Z": -4.98578167,
          "Type": "None",
          "Action": ""
        },
        {
          "X": 121.0097,
          "Y": 285.24765,
          "Z": -4.98578167,
          "Type": "None",
          "Action": ""
        },
        {
          "X": 121.633293,
          "Y": 277.256317,
          "Z": -4.98578167,
          "Type": "None",
          "Action": ""
        },
        {
          "X": 121.20784,
          "Y": 268.337921,
          "Z": -4.98578167,
          "Type": "None",
          "Action": ""
        },
        {
          "X": 120.362617,
          "Y": 259.327179,
          "Z": -4.98578167,
          "Type": "None",
          "Action": ""
        },
        {
          "X": 119.527473,
          "Y": 250.423752,
          "Z": -4.98578167,
          "Type": "None",
          "Action": ""
        },
        {
          "X": 118.693695,
          "Y": 241.534973,
          "Z": -4.98578167,
          "Type": "None",
          "Action": ""
        },
        {
          "X": 117.239311,
          "Y": 232.742874,
          "Z": -4.98578167,
          "Type": "None",
          "Action": ""
        },
        {
          "X": 111.730568,
          "Y": 226.03006,
          "Z": -4.98578167,
          "Type": "None",
          "Action": ""
        },
        {
          "X": 103.489563,
          "Y": 222.823563,
          "Z": -4.98578167,
          "Type": "None",
          "Action": ""
        },
        {
          "X": 94.65275,
          "Y": 222.189636,
          "Z": -4.98578167,
          "Type": "None",
          "Action": ""
        },
        {
          "X": 86.87383,
          "Y": 226.593536,
          "Z": -4.98578167,
          "Type": "None",
          "Action": ""
        },
        {
          "X": 83.8674,
          "Y": 234.853683,
          "Z": -4.98578167,
          "Type": "None",
          "Action": ""
        },
        {
          "X": 82.2938156,
          "Y": 242.706451,
          "Z": -5.90425539,
          "Type": "None",
          "Action": ""
        },
        {
          "X": 79.61242,
          "Y": 250.2299,
          "Z": -7.14774036,
          "Type": "None",
          "Action": ""
        },
        {
          "X": 76.56275,
          "Y": 258.551422,
          "Z": -7.994834,
          "Type": "None",
          "Action": ""
        },
        {
          "X": 74.8250046,
          "Y": 266.4302,
          "Z": -8.199724,
          "Type": "None",
          "Action": ""
        },
        {
          "X": 73.10622,
          "Y": 275.19165,
          "Z": -7.636478,
          "Type": "None",
          "Action": ""
        },
        {
          "X": 65.0904,
          "Y": 278.340424,
          "Z": -7.573864,
          "Type": "None",
          "Action": ""
        },
        {
          "X": 56.53518,
          "Y": 277.073273,
          "Z": -7.62256145,
          "Type": "None",
          "Action": ""
        },
        {
          "X": 48.616848,
          "Y": 272.87793,
          "Z": -7.89077854,
          "Type": "None",
          "Action": ""
        },
        {
          "X": 40.7499466,
          "Y": 268.625824,
          "Z": -7.96837044,
          "Type": "None",
          "Action": ""
        },
        {
          "X": 32.5145645,
          "Y": 265.190338,
          "Z": -7.58284664,
          "Type": "None",
          "Action": ""
        },
        {
          "X": 24.9516544,
          "Y": 262.444427,
          "Z": -7.265941,
          "Type": "None",
          "Action": ""
        },
        {
          "X": 17.2502766,
          "Y": 259.028137,
          "Z": -7.193001,
          "Type": "None",
          "Action": ""
        },
        {
          "X": 9.16615,
          "Y": 260.2621,
          "Z": -7.6995306,
          "Type": "None",
          "Action": ""
        },
        {
          "X": 3.06512427,
          "Y": 265.983368,
          "Z": -8.249698,
          "Type": "None",
          "Action": ""
        },
        {
          "X": -1.53351676,
          "Y": 273.208832,
          "Z": -8.441777,
          "Type": "None",
          "Action": ""
        },
        {
          "X": -3.32057333,
          "Y": 281.3238,
          "Z": -8.439542,
          "Type": "None",
          "Action": ""
        },
        {
          "X": -2.77026963,
          "Y": 289.723877,
          "Z": -8.43718052,
          "Type": "None",
          "Action": ""
        },
        {
          "X": -1.75332439,
          "Y": 298.125824,
          "Z": -8.435713,
          "Type": "None",
          "Action": ""
        },
        {
          "X": -0.178372741,
          "Y": 306.4301,
          "Z": -8.43448,
          "Type": "None",
          "Action": ""
        },
        {
          "X": 1.928605,
          "Y": 314.643066,
          "Z": -4.9857583,
          "Type": "None",
          "Action": ""
        },
        {
          "X": 3.599946,
          "Y": 323.003479,
          "Z": -4.9857583,
          "Type": "None",
          "Action": ""
        },
        {
          "X": 4.99311,
          "Y": 331.2077,
          "Z": -4.9857583,
          "Type": "None",
          "Action": ""
        },
        {
          "X": 10.3364429,
          "Y": 337.373657,
          "Z": -4.9857583,
          "Type": "None",
          "Action": ""
        },
        {
          "X": 16.6391659,
          "Y": 342.9071,
          "Z": -4.9857583,
          "Type": "None",
          "Action": ""
        },
        {
          "X": 22.8821888,
          "Y": 348.705963,
          "Z": -4.9857583,
          "Type": "None",
          "Action": ""
        },
        {
          "X": 28.9623928,
          "Y": 354.53302,
          "Z": -4.4517436,
          "Type": "None",
          "Action": ""
        },
        {
          "X": 34.61011,
          "Y": 360.46,
          "Z": -3.51350212,
          "Type": "None",
          "Action": ""
        },
        {
          "X": 39.8463478,
          "Y": 366.526062,
          "Z": -3.56448531,
          "Type": "None",
          "Action": ""
        },
        {
          "X": 44.9490547,
          "Y": 373.862061,
          "Z": -3.60179257,
          "Type": "None",
          "Action": ""
        },
        {
          "X": 49.42324,
          "Y": 381.617218,
          "Z": -3.60318732,
          "Type": "None",
          "Action": ""
        },
        {
          "X": 53.26093,
          "Y": 389.688965,
          "Z": -3.604605,
          "Type": "None",
          "Action": ""
        },
        {
          "X": 56.70517,
          "Y": 396.927673,
          "Z": -3.604605,
          "Type": "None",
          "Action": ""
        },
        {
          "X": 62.4302368,
          "Y": 403.74,
          "Z": -3.596367,
          "Type": "None",
          "Action": ""
        },
        {
          "X": 69.600235,
          "Y": 409.087524,
          "Z": -3.588703,
          "Type": "None",
          "Action": ""
        },
        {
          "X": 74.5328445,
          "Y": 416.381317,
          "Z": -3.58327532,
          "Type": "None",
          "Action": ""
        },
        {
          "X": 75.08181,
          "Y": 425.317657,
          "Z": -3.57851362,
          "Type": "None",
          "Action": ""
        },
        {
          "X": 76.17704,
          "Y": 434.11026,
          "Z": -3.57450962,
          "Type": "None",
          "Action": ""
        },
        {
          "X": 81.8405762,
          "Y": 440.829132,
          "Z": -3.57205272,
          "Type": "None",
          "Action": ""
        },
        {
          "X": 89.51184,
          "Y": 445.6127,
          "Z": -3.57205272,
          "Type": "None",
          "Action": ""
        },
        {
          "X": 95.13376,
          "Y": 452.344635,
          "Z": -4.40322638,
          "Type": "None",
          "Action": ""
        },
        {
          "X": 98.45192,
          "Y": 460.597168,
          "Z": -4.40322638,
          "Type": "None",
          "Action": ""
        },
        {
          "X": 98.61246,
          "Y": 469.541,
          "Z": -4.39792442,
          "Type": "None",
          "Action": ""
        },
        {
          "X": 98.2778244,
          "Y": 478.4282,
          "Z": -4.39792442,
          "Type": "None",
          "Action": ""
        },
        {
          "X": 97.9824,
          "Y": 487.4581,
          "Z": -4.39792442,
          "Type": "None",
          "Action": ""
        },
        {
          "X": 98.1643,
          "Y": 496.408356,
          "Z": -4.397697,
          "Type": "None",
          "Action": ""
        },
        {
          "X": 97.8887,
          "Y": 504.4053,
          "Z": -4.397356,
          "Type": "None",
          "Action": ""
        },
        {
          "X": 96.70646,
          "Y": 513.237061,
          "Z": -4.397057,
          "Type": "None",
          "Action": ""
        },
        {
          "X": 95.35817,
          "Y": 522.0674,
          "Z": -4.397054,
          "Type": "None",
          "Action": ""
        },
        {
          "X": 92.04406,
          "Y": 530.29,
          "Z": -4.397054,
          "Type": "None",
          "Action": ""
        },
        {
          "X": 86.0536041,
          "Y": 536.866638,
          "Z": -4.397054,
          "Type": "None",
          "Action": ""
        },
        {
          "X": 78.5831451,
          "Y": 541.822449,
          "Z": -4.397054,
          "Type": "None",
          "Action": ""
        },
        {
          "X": 70.12313,
          "Y": 544.44165,
          "Z": -4.397054,
          "Type": "None",
          "Action": ""
        },
        {
          "X": 61.30046,
          "Y": 546.4805,
          "Z": -4.397054,
          "Type": "None",
          "Action": ""
        },
        {
          "X": 52.7102737,
          "Y": 548.802246,
          "Z": -4.38946962,
          "Type": "None",
          "Action": ""
        },
        {
          "X": 45.7602043,
          "Y": 552.834534,
          "Z": -4.389436,
          "Type": "None",
          "Action": ""
        },
        {
          "X": 38.14868,
          "Y": 557.5543,
          "Z": -4.39508438,
          "Type": "None",
          "Action": ""
        },
        {
          "X": 29.393755,
          "Y": 559.1244,
          "Z": -4.39508438,
          "Type": "None",
          "Action": ""
        },
        {
          "X": 20.7882061,
          "Y": 560.921,
          "Z": -4.39445257,
          "Type": "None",
          "Action": ""
        },
        {
          "X": 12.31419,
          "Y": 558.0721,
          "Z": -4.39146471,
          "Type": "None",
          "Action": ""
        },
        {
          "X": 4.05935955,
          "Y": 554.6078,
          "Z": -4.38886833,
          "Type": "None",
          "Action": ""
        },
        {
          "X": -4.245505,
          "Y": 551.2998,
          "Z": -4.387701,
          "Type": "None",
          "Action": ""
        },
        {
          "X": -13.091465,
          "Y": 550.964233,
          "Z": -4.395295,
          "Type": "None",
          "Action": ""
        },
        {
          "X": -21.85441,
          "Y": 552.6483,
          "Z": -4.395295,
          "Type": "None",
          "Action": ""
        },
        {
          "X": -29.6889515,
          "Y": 554.4583,
          "Z": -4.395295,
          "Type": "None",
          "Action": ""
        },
        {
          "X": -38.3733864,
          "Y": 556.440857,
          "Z": -4.395295,
          "Type": "None",
          "Action": ""
        },
        {
          "X": -47.15146,
          "Y": 557.957764,
          "Z": -4.395295,
          "Type": "None",
          "Action": ""
        },
        {
          "X": -55.11707,
          "Y": 559.342041,
          "Z": -4.395295,
          "Type": "None",
          "Action": ""
        },
        {
          "X": -63.9082069,
          "Y": 560.8698,
          "Z": -4.395295,
          "Type": "None",
          "Action": ""
        },
        {
          "X": -72.43286,
          "Y": 558.7231,
          "Z": -4.395295,
          "Type": "None",
          "Action": ""
        },
        {
          "X": -79.40157,
          "Y": 553.355957,
          "Z": -4.395295,
          "Type": "None",
          "Action": ""
        },
        {
          "X": -83.43028,
          "Y": 545.392761,
          "Z": -4.395295,
          "Type": "None",
          "Action": ""
        },
        {
          "X": -85.1885147,
          "Y": 536.6473,
          "Z": -4.395295,
          "Type": "None",
          "Action": ""
        },
        {
          "X": -85.22122,
          "Y": 527.669861,
          "Z": -4.395295,
          "Type": "None",
          "Action": ""
        },
        {
          "X": -84.93297,
          "Y": 518.7026,
          "Z": -4.3967247,
          "Type": "None",
          "Action": ""
        },
        {
          "X": -84.6480255,
          "Y": 509.8382,
          "Z": -4.39812136,
          "Type": "None",
          "Action": ""
        },
        {
          "X": -83.44632,
          "Y": 500.8964,
          "Z": -4.399547,
          "Type": "None",
          "Action": ""
        },
        {
          "X": -82.78714,
          "Y": 492.9207,
          "Z": -4.399547,
          "Type": "None",
          "Action": ""
        },
        {
          "X": -78.2379456,
          "Y": 485.4976,
          "Z": -4.40094852,
          "Type": "None",
          "Action": ""
        },
        {
          "X": -69.73082,
          "Y": 483.0507,
          "Z": -4.40238571,
          "Type": "None",
          "Action": ""
        },
        {
          "X": -61.4195251,
          "Y": 482.7681,
          "Z": -3.57029223,
          "Type": "None",
          "Action": ""
        },
        {
          "X": -53.3891754,
          "Y": 485.819244,
          "Z": -3.57029223,
          "Type": "None",
          "Action": ""
        },
        {
          "X": -47.9115372,
          "Y": 492.88092,
          "Z": -3.56861782,
          "Type": "None",
          "Action": ""
        },
        {
          "X": -43.529,
          "Y": 500.68866,
          "Z": -3.56618166,
          "Type": "None",
          "Action": ""
        },
        {
          "X": -35.7629776,
          "Y": 504.272247,
          "Z": -3.56618166,
          "Type": "None",
          "Action": ""
        },
        {
          "X": -26.8033047,
          "Y": 504.0943,
          "Z": -3.56618166,
          "Type": "None",
          "Action": ""
        },
        {
          "X": -17.89067,
          "Y": 504.09906,
          "Z": -3.56618166,
          "Type": "None",
          "Action": ""
        },
        {
          "X": -9.884155,
          "Y": 504.1361,
          "Z": -3.56618166,
          "Type": "None",
          "Action": ""
        },
        {
          "X": -0.824152,
          "Y": 504.178,
          "Z": -3.56618166,
          "Type": "None",
          "Action": ""
        },
        {
          "X": 8.098656,
          "Y": 504.219269,
          "Z": -3.56618166,
          "Type": "None",
          "Action": ""
        },
        {
          "X": 17.00676,
          "Y": 504.260468,
          "Z": -3.56618166,
          "Type": "None",
          "Action": ""
        },
        {
          "X": 25.0230751,
          "Y": 504.297546,
          "Z": -3.56618166,
          "Type": "None",
          "Action": ""
        },
        {
          "X": 33.9934959,
          "Y": 504.451965,
          "Z": -3.56618166,
          "Type": "None",
          "Action": ""
        },
        {
          "X": 42.00334,
          "Y": 504.614838,
          "Z": -3.56618166,
          "Type": "None",
          "Action": ""
        },
        {
          "X": 50.91717,
          "Y": 504.955444,
          "Z": -3.56618166,
          "Type": "None",
          "Action": ""
        },
        {
          "X": 59.7485771,
          "Y": 505.6567,
          "Z": -3.56618166,
          "Type": "None",
          "Action": ""
        },
        {
          "X": 68.58645,
          "Y": 504.5856,
          "Z": -3.56618166,
          "Type": "None",
          "Action": ""
        },
        {
          "X": 73.82433,
          "Y": 497.501129,
          "Z": -3.56618166,
          "Type": "None",
          "Action": ""
        },
        {
          "X": 74.34434,
          "Y": 488.87973,
          "Z": -3.56899238,
          "Type": "None",
          "Action": ""
        },
        {
          "X": 73.84366,
          "Y": 480.8299,
          "Z": -3.57043219,
          "Type": "None",
          "Action": ""
        },
        {
          "X": 73.289444,
          "Y": 471.9193,
          "Z": -3.57043219,
          "Type": "None",
          "Action": ""
        },
        {
          "X": 73.0780258,
          "Y": 462.946777,
          "Z": -3.57043219,
          "Type": "None",
          "Action": ""
        },
        {
          "X": 74.01362,
          "Y": 454.010925,
          "Z": -3.57043219,
          "Type": "None",
          "Action": ""
        },
        {
          "X": 78.96276,
          "Y": 446.797668,
          "Z": -3.57043219,
          "Type": "None",
          "Action": ""
        },
        {
          "X": 125.928993,
          "Y": 446.049469,
          "Z": -4.39134264,
          "Type": "None",
          "Action": ""
        },
        {
          "X": 128.5278,
          "Y": 455.067383,
          "Z": -4.39003468,
          "Type": "None",
          "Action": ""
        },
        {
          "X": 129.743774,
          "Y": 463.4176,
          "Z": -4.39003468,
          "Type": "None",
          "Action": ""
        },
        {
          "X": 130.926224,
          "Y": 471.829956,
          "Z": -4.39291763,
          "Type": "None",
          "Action": ""
        },
        {
          "X": 131.257538,
          "Y": 480.186737,
          "Z": -4.40015841,
          "Type": "None",
          "Action": ""
        },
        {
          "X": 131.262848,
          "Y": 486.999542,
          "Z": -0.195112526,
          "Type": "None",
          "Action": ""
        },
        {
          "X": 131.5961,
          "Y": 495.528473,
          "Z": 5.072791,
          "Type": "None",
          "Action": ""
        },
        {
          "X": 132.774124,
          "Y": 503.823639,
          "Z": 10.1963062,
          "Type": "None",
          "Action": ""
        },
        {
          "X": 134.14093,
          "Y": 512.1922,
          "Z": 15.3650446,
          "Type": "None",
          "Action": ""
        },
        {
          "X": 135.26384,
          "Y": 520.608,
          "Z": 20.5630245,
          "Type": "None",
          "Action": ""
        },
        {
          "X": 134.960556,
          "Y": 529.0073,
          "Z": 25.4219818,
          "Type": "None",
          "Action": ""
        },
        {
          "X": 132.894867,
          "Y": 537.1823,
          "Z": 28.1346626,
          "Type": "None",
          "Action": ""
        },
        {
          "X": 127.638985,
          "Y": 543.701843,
          "Z": 28.59666,
          "Type": "None",
          "Action": ""
        },
        {
          "X": 119.786285,
          "Y": 546.6676,
          "Z": 28.6015568,
          "Type": "None",
          "Action": ""
        },
        {
          "X": 111.578857,
          "Y": 546.9474,
          "Z": 28.60357,
          "Type": "None",
          "Action": ""
        },
        {
          "X": 103.097473,
          "Y": 546.038757,
          "Z": 28.6045132,
          "Type": "None",
          "Action": ""
        },
        {
          "X": 102.516037,
          "Y": 537.4754,
          "Z": 28.6035557,
          "Type": "None",
          "Action": ""
        },
        {
          "X": 107.243423,
          "Y": 530.0024,
          "Z": 28.6021347,
          "Type": "None",
          "Action": ""
        },
        {
          "X": 113.747467,
          "Y": 523.863037,
          "Z": 28.6021347,
          "Type": "None",
          "Action": ""
        },
        {
          "X": 115.674393,
          "Y": 515.12146,
          "Z": 28.6021347,
          "Type": "None",
          "Action": ""
        },
        {
          "X": 111.563843,
          "Y": 507.3726,
          "Z": 28.6021347,
          "Type": "None",
          "Action": ""
        },
        {
          "X": 103.004189,
          "Y": 505.6087,
          "Z": 28.6021347,
          "Type": "None",
          "Action": ""
        },
        {
          "X": 96.55832,
          "Y": 511.272522,
          "Z": 28.6021347,
          "Type": "None",
          "Action": ""
        },
        {
          "X": 93.74999,
          "Y": 518.779358,
          "Z": 28.6021347,
          "Type": "None",
          "Action": ""
        },
        {
          "X": 89.7653351,
          "Y": 526.6981,
          "Z": 28.6021347,
          "Type": "None",
          "Action": ""
        },
        {
          "X": 82.68467,
          "Y": 532.130066,
          "Z": 28.6030273,
          "Type": "None",
          "Action": ""
        },
        {
          "X": 74.5543747,
          "Y": 535.8238,
          "Z": 28.60411,
          "Type": "None",
          "Action": ""
        },
        {
          "X": 67.07758,
          "Y": 538.6872,
          "Z": 28.6047916,
          "Type": "None",
          "Action": ""
        },
        {
          "X": 58.32294,
          "Y": 540.1737,
          "Z": 28.6048,
          "Type": "None",
          "Action": ""
        },
        {
          "X": 49.45858,
          "Y": 539.7522,
          "Z": 28.6048,
          "Type": "None",
          "Action": ""
        },
        {
          "X": 41.4721069,
          "Y": 538.9702,
          "Z": 28.6033974,
          "Type": "None",
          "Action": ""
        },
        {
          "X": 32.57111,
          "Y": 538.2504,
          "Z": 28.6033974,
          "Type": "None",
          "Action": ""
        },
        {
          "X": 24.2006531,
          "Y": 539.825256,
          "Z": 28.6033974,
          "Type": "None",
          "Action": ""
        },
        {
          "X": 16.3856773,
          "Y": 544.0583,
          "Z": 28.6033974,
          "Type": "None",
          "Action": ""
        },
        {
          "X": 7.69507551,
          "Y": 546.353333,
          "Z": 28.6033974,
          "Type": "None",
          "Action": ""
        },
        {
          "X": -1.12431192,
          "Y": 547.766541,
          "Z": 28.6033974,
          "Type": "None",
          "Action": ""
        },
        {
          "X": -9.917983,
          "Y": 549.1175,
          "Z": 28.6042652,
          "Type": "None",
          "Action": ""
        },
        {
          "X": -17.8801727,
          "Y": 550.3407,
          "Z": 28.6056557,
          "Type": "None",
          "Action": ""
        },
        {
          "X": -26.8013325,
          "Y": 550.221863,
          "Z": 28.6069183,
          "Type": "None",
          "Action": ""
        },
        {
          "X": -35.7230263,
          "Y": 550.0753,
          "Z": 28.6077919,
          "Type": "None",
          "Action": ""
        },
        {
          "X": -44.6496239,
          "Y": 549.92865,
          "Z": 28.6078033,
          "Type": "None",
          "Action": ""
        },
        {
          "X": -53.6644058,
          "Y": 549.7806,
          "Z": 28.6078033,
          "Type": "None",
          "Action": ""
        },
        {
          "X": -62.327755,
          "Y": 547.555542,
          "Z": 28.6078033,
          "Type": "None",
          "Action": ""
        },
        {
          "X": -70.4613953,
          "Y": 544.199951,
          "Z": 28.60497,
          "Type": "None",
          "Action": ""
        },
        {
          "X": -75.2882,
          "Y": 536.7327,
          "Z": 28.6021214,
          "Type": "None",
          "Action": ""
        },
        {
          "X": -79.780304,
          "Y": 529.090149,
          "Z": 28.6052475,
          "Type": "None",
          "Action": ""
        },
        {
          "X": -82.98056,
          "Y": 521.6837,
          "Z": 28.60553,
          "Type": "None",
          "Action": ""
        },
        {
          "X": -85.24225,
          "Y": 513.113953,
          "Z": 28.60125,
          "Type": "None",
          "Action": ""
        },
        {
          "X": -86.4057159,
          "Y": 504.3513,
          "Z": 28.60125,
          "Type": "None",
          "Action": ""
        },
        {
          "X": -87.57466,
          "Y": 495.4954,
          "Z": 28.60125,
          "Type": "None",
          "Action": ""
        },
        {
          "X": -88.76599,
          "Y": 486.593628,
          "Z": 28.60125,
          "Type": "None",
          "Action": ""
        },
        {
          "X": -89.7120056,
          "Y": 478.628662,
          "Z": 28.60125,
          "Type": "None",
          "Action": ""
        },
        {
          "X": -90.5295944,
          "Y": 469.729156,
          "Z": 28.60125,
          "Type": "None",
          "Action": ""
        },
        {
          "X": -91.244,
          "Y": 460.8398,
          "Z": 28.6020565,
          "Type": "None",
          "Action": ""
        },
        {
          "X": -92.00265,
          "Y": 452.19046,
          "Z": 28.6020565,
          "Type": "None",
          "Action": ""
        },
        {
          "X": -99.497406,
          "Y": 456.9073,
          "Z": 28.6025963,
          "Type": "None",
          "Action": ""
        },
        {
          "X": -107.072784,
          "Y": 461.0527,
          "Z": 28.6025963,
          "Type": "None",
          "Action": ""
        }
      ],
      "Name": "Boss - Requires Key for next Boss we Kill Mobs for XP and leave",
      "Order": 1,
      "CompleteCondition": {
        "HasCompleteCondition": false,
        "ConditionType": 0,
        "GameObjectId": 0,
        "InitialFlags": 0,
        "ItemId": 0,
        "CSharpCondition": null,
        "DeadMobId": 0,
        "MobPositionId": 0,
        "MobId": 0,
        "MobPositionVector": null,
        "LOSPositionVector": null,
        "WaitTime": 0
      }
    }
  ],
  "MapId": 429,
  "Name": "Dire Maul West (Alliance)",
  "Faction": 2,
  "DeathRunPath": [
    {
      "X": -4590.40869,
      "Y": 1632.08069,
      "Z": 93.97383,
      "Type": "None",
      "Action": ""
    },
    {
      "X": -4581.57666,
      "Y": 1629.83777,
      "Z": 94.04142,
      "Type": "None",
      "Action": ""
    },
    {
      "X": -4574.95166,
      "Y": 1624.51514,
      "Z": 94.2499,
      "Type": "None",
      "Action": ""
    },
    {
      "X": -4570.618,
      "Y": 1617.24841,
      "Z": 95.47983,
      "Type": "None",
      "Action": ""
    },
    {
      "X": -4566.966,
      "Y": 1609.75769,
      "Z": 97.1267,
      "Type": "None",
      "Action": ""
    },
    {
      "X": -4563.40674,
      "Y": 1601.90613,
      "Z": 98.64755,
      "Type": "None",
      "Action": ""
    },
    {
      "X": -4560.33154,
      "Y": 1593.75427,
      "Z": 100.362495,
      "Type": "None",
      "Action": ""
    },
    {
      "X": -4557.47168,
      "Y": 1585.78882,
      "Z": 101.713425,
      "Type": "None",
      "Action": ""
    },
    {
      "X": -4554.59766,
      "Y": 1577.784,
      "Z": 102.710335,
      "Type": "None",
      "Action": ""
    },
    {
      "X": -4552.123,
      "Y": 1569.72949,
      "Z": 102.87915,
      "Type": "None",
      "Action": ""
    },
    {
      "X": -4550.726,
      "Y": 1561.16724,
      "Z": 103.339592,
      "Type": "None",
      "Action": ""
    },
    {
      "X": -4549.34131,
      "Y": 1552.95691,
      "Z": 102.792709,
      "Type": "None",
      "Action": ""
    },
    {
      "X": -4547.89,
      "Y": 1544.39856,
      "Z": 102.930527,
      "Type": "None",
      "Action": ""
    },
    {
      "X": -4546.47852,
      "Y": 1536.07544,
      "Z": 100.894875,
      "Type": "None",
      "Action": ""
    },
    {
      "X": -4545.05127,
      "Y": 1527.66064,
      "Z": 100.58934,
      "Type": "None",
      "Action": ""
    },
    {
      "X": -4543.606,
      "Y": 1519.13782,
      "Z": 101.023117,
      "Type": "None",
      "Action": ""
    },
    {
      "X": -4542.378,
      "Y": 1510.82056,
      "Z": 101.34182,
      "Type": "None",
      "Action": ""
    },
    {
      "X": -4541.14941,
      "Y": 1502.28967,
      "Z": 101.191605,
      "Type": "None",
      "Action": ""
    },
    {
      "X": -4539.823,
      "Y": 1494.08008,
      "Z": 101.80526,
      "Type": "None",
      "Action": ""
    },
    {
      "X": -4538.44043,
      "Y": 1485.51807,
      "Z": 103.209305,
      "Type": "None",
      "Action": ""
    },
    {
      "X": -4537.06738,
      "Y": 1476.98035,
      "Z": 104.24263,
      "Type": "None",
      "Action": ""
    },
    {
      "X": -4535.87939,
      "Y": 1468.739,
      "Z": 105.673813,
      "Type": "None",
      "Action": ""
    },
    {
      "X": -4535.377,
      "Y": 1460.164,
      "Z": 107.006683,
      "Type": "None",
      "Action": ""
    },
    {
      "X": -4536.129,
      "Y": 1451.78638,
      "Z": 108.239052,
      "Type": "None",
      "Action": ""
    },
    {
      "X": -4537.293,
      "Y": 1443.23413,
      "Z": 108.520042,
      "Type": "None",
      "Action": ""
    },
    {
      "X": -4537.68359,
      "Y": 1434.55444,
      "Z": 109.687195,
      "Type": "None",
      "Action": ""
    },
    {
      "X": -4532.603,
      "Y": 1427.9978,
      "Z": 114.28804,
      "Type": "None",
      "Action": ""
    },
    {
      "X": -4525.037,
      "Y": 1424.402,
      "Z": 118.384972,
      "Type": "None",
      "Action": ""
    },
    {
      "X": -4517.503,
      "Y": 1420.28918,
      "Z": 123.997368,
      "Type": "None",
      "Action": ""
    },
    {
      "X": -4510.636,
      "Y": 1415.24585,
      "Z": 126.50782,
      "Type": "None",
      "Action": ""
    },
    {
      "X": -4504.05762,
      "Y": 1409.79651,
      "Z": 126.007706,
      "Type": "None",
      "Action": ""
    },
    {
      "X": -4497.939,
      "Y": 1403.9342,
      "Z": 125.883766,
      "Type": "None",
      "Action": ""
    },
    {
      "X": -4491.776,
      "Y": 1398.08862,
      "Z": 126.423424,
      "Type": "None",
      "Action": ""
    },
    {
      "X": -4485.791,
      "Y": 1391.91919,
      "Z": 126.604836,
      "Type": "None",
      "Action": ""
    },
    {
      "X": -4481.51,
      "Y": 1384.45337,
      "Z": 126.091545,
      "Type": "None",
      "Action": ""
    },
    {
      "X": -4477.95166,
      "Y": 1376.87927,
      "Z": 125.710014,
      "Type": "None",
      "Action": ""
    },
    {
      "X": -4474.38,
      "Y": 1369.11426,
      "Z": 125.382629,
      "Type": "None",
      "Action": ""
    },
    {
      "X": -4470.86768,
      "Y": 1361.40308,
      "Z": 125.869286,
      "Type": "None",
      "Action": ""
    },
    {
      "X": -4467.46875,
      "Y": 1353.32153,
      "Z": 125.847855,
      "Type": "None",
      "Action": ""
    },
    {
      "X": -4464.19336,
      "Y": 1345.43848,
      "Z": 125.0927,
      "Type": "None",
      "Action": ""
    },
    {
      "X": -4460.763,
      "Y": 1337.61011,
      "Z": 125.446877,
      "Type": "None",
      "Action": ""
    },
    {
      "X": -4451.96973,
      "Y": 1333.20337,
      "Z": 126.002266,
      "Type": "None",
      "Action": ""
    },
    {
      "X": -4443.57,
      "Y": 1333.22913,
      "Z": 126.002266,
      "Type": "None",
      "Action": ""
    },
    {
      "X": -4435.03369,
      "Y": 1333.25537,
      "Z": 126.012245,
      "Type": "None",
      "Action": ""
    },
    {
      "X": -4426.539,
      "Y": 1333.28137,
      "Z": 129.9384,
      "Type": "None",
      "Action": ""
    },
    {
      "X": -4417.95,
      "Y": 1333.30774,
      "Z": 133.906265,
      "Type": "None",
      "Action": ""
    },
    {
      "X": -4409.47656,
      "Y": 1333.33374,
      "Z": 137.821838,
      "Type": "None",
      "Action": ""
    },
    {
      "X": -4400.78271,
      "Y": 1333.36047,
      "Z": 141.8944,
      "Type": "None",
      "Action": ""
    },
    {
      "X": -4392.278,
      "Y": 1333.3866,
      "Z": 145.903091,
      "Type": "None",
      "Action": ""
    },
    {
      "X": -4383.79346,
      "Y": 1333.4126,
      "Z": 149.902115,
      "Type": "None",
      "Action": ""
    },
    {
      "X": -4375.22559,
      "Y": 1333.43884,
      "Z": 153.940384,
      "Type": "None",
      "Action": ""
    },
    {
      "X": -4366.72168,
      "Y": 1333.322,
      "Z": 157.948975,
      "Type": "None",
      "Action": ""
    },
    {
      "X": -4358.28174,
      "Y": 1332.81592,
      "Z": 159.233185,
      "Type": "None",
      "Action": ""
    },
    {
      "X": -4349.691,
      "Y": 1331.79175,
      "Z": 159.233215,
      "Type": "None",
      "Action": ""
    },
    {
      "X": -4341.20361,
      "Y": 1330.77991,
      "Z": 159.233826,
      "Type": "None",
      "Action": ""
    },
    {
      "X": -4332.87256,
      "Y": 1329.89612,
      "Z": 159.233871,
      "Type": "None",
      "Action": ""
    },
    {
      "X": -4324.2373,
      "Y": 1329.68872,
      "Z": 159.233871,
      "Type": "None",
      "Action": ""
    },
    {
      "X": -4315.89258,
      "Y": 1329.51013,
      "Z": 159.233871,
      "Type": "None",
      "Action": ""
    },
    {
      "X": -4307.2124,
      "Y": 1329.264,
      "Z": 159.233871,
      "Type": "None",
      "Action": ""
    },
    {
      "X": -4298.72168,
      "Y": 1329.02319,
      "Z": 159.233871,
      "Type": "None",
      "Action": ""
    },
    {
      "X": -4290.12549,
      "Y": 1328.77954,
      "Z": 160.804489,
      "Type": "None",
      "Action": ""
    },
    {
      "X": -4281.697,
      "Y": 1328.3252,
      "Z": 161.213577,
      "Type": "None",
      "Action": ""
    },
    {
      "X": -4272.977,
      "Y": 1327.79578,
      "Z": 161.213577,
      "Type": "None",
      "Action": ""
    },
    {
      "X": -4264.52734,
      "Y": 1326.92407,
      "Z": 161.213577,
      "Type": "None",
      "Action": ""
    },
    {
      "X": -4256.06055,
      "Y": 1326.01563,
      "Z": 161.213577,
      "Type": "None",
      "Action": ""
    },
    {
      "X": -4247.667,
      "Y": 1325.11511,
      "Z": 161.213577,
      "Type": "None",
      "Action": ""
    },
    {
      "X": -4239.10645,
      "Y": 1324.191,
      "Z": 161.213577,
      "Type": "None",
      "Action": ""
    },
    {
      "X": -4230.603,
      "Y": 1322.90356,
      "Z": 161.213577,
      "Type": "None",
      "Action": ""
    },
    {
      "X": -4222.5293,
      "Y": 1320.24707,
      "Z": 161.213577,
      "Type": "None",
      "Action": ""
    },
    {
      "X": -4214.69873,
      "Y": 1316.52014,
      "Z": 161.213577,
      "Type": "None",
      "Action": ""
    },
    {
      "X": -4208.03027,
      "Y": 1311.70239,
      "Z": 161.213577,
      "Type": "None",
      "Action": ""
    },
    {
      "X": -4202.25049,
      "Y": 1305.33459,
      "Z": 161.213577,
      "Type": "None",
      "Action": ""
    },
    {
      "X": -4196.9043,
      "Y": 1298.6272,
      "Z": 161.213577,
      "Type": "None",
      "Action": ""
    },
    {
      "X": -4192.26855,
      "Y": 1291.53125,
      "Z": 161.213577,
      "Type": "None",
      "Action": ""
    },
    {
      "X": -4188.93652,
      "Y": 1283.5719,
      "Z": 161.213577,
      "Type": "None",
      "Action": ""
    },
    {
      "X": -4186.839,
      "Y": 1275.33154,
      "Z": 161.213577,
      "Type": "None",
      "Action": ""
    },
    {
      "X": -4185.016,
      "Y": 1266.91785,
      "Z": 161.213577,
      "Type": "None",
      "Action": ""
    },
    {
      "X": -4183.99072,
      "Y": 1258.44531,
      "Z": 161.213577,
      "Type": "None",
      "Action": ""
    },
    {
      "X": -4183.11865,
      "Y": 1249.93225,
      "Z": 161.213577,
      "Type": "None",
      "Action": ""
    },
    {
      "X": -4182.248,
      "Y": 1241.42981,
      "Z": 161.213577,
      "Type": "None",
      "Action": ""
    },
    {
      "X": -4181.394,
      "Y": 1233.09436,
      "Z": 161.213577,
      "Type": "None",
      "Action": ""
    },
    {
      "X": -4180.51172,
      "Y": 1224.47693,
      "Z": 161.213577,
      "Type": "None",
      "Action": ""
    },
    {
      "X": -4179.63867,
      "Y": 1215.95349,
      "Z": 161.213577,
      "Type": "None",
      "Action": ""
    },
    {
      "X": -4178.7793,
      "Y": 1207.56592,
      "Z": 161.213577,
      "Type": "None",
      "Action": ""
    },
    {
      "X": -4177.913,
      "Y": 1199.10522,
      "Z": 161.213577,
      "Type": "None",
      "Action": ""
    },
    {
      "X": -4177.04834,
      "Y": 1190.66528,
      "Z": 161.213577,
      "Type": "None",
      "Action": ""
    },
    {
      "X": -4176.15967,
      "Y": 1181.98523,
      "Z": 161.213577,
      "Type": "None",
      "Action": ""
    },
    {
      "X": -4175.283,
      "Y": 1173.43054,
      "Z": 161.213577,
      "Type": "None",
      "Action": ""
    },
    {
      "X": -4173.816,
      "Y": 1165.255,
      "Z": 161.213577,
      "Type": "None",
      "Action": ""
    },
    {
      "X": -4169.312,
      "Y": 1158.07642,
      "Z": 161.213577,
      "Type": "None",
      "Action": ""
    },
    {
      "X": -4162.13672,
      "Y": 1153.6051,
      "Z": 161.213577,
      "Type": "None",
      "Action": ""
    },
    {
      "X": -4154.123,
      "Y": 1150.761,
      "Z": 161.213577,
      "Type": "None",
      "Action": ""
    },
    {
      "X": -4145.96875,
      "Y": 1148.49963,
      "Z": 161.213577,
      "Type": "None",
      "Action": ""
    },
    {
      "X": -4137.58545,
      "Y": 1146.27637,
      "Z": 161.213577,
      "Type": "None",
      "Action": ""
    },
    {
      "X": -4129.45166,
      "Y": 1144.17957,
      "Z": 161.213577,
      "Type": "None",
      "Action": ""
    },
    {
      "X": -4121.001,
      "Y": 1142.18176,
      "Z": 161.213577,
      "Type": "None",
      "Action": ""
    },
    {
      "X": -4112.591,
      "Y": 1140.66418,
      "Z": 161.213577,
      "Type": "None",
      "Action": ""
    },
    {
      "X": -4104.197,
      "Y": 1139.51392,
      "Z": 161.213577,
      "Type": "None",
      "Action": ""
    },
    {
      "X": -4095.624,
      "Y": 1139.04956,
      "Z": 161.213577,
      "Type": "None",
      "Action": ""
    },
    {
      "X": -4087.12378,
      "Y": 1138.76611,
      "Z": 161.213577,
      "Type": "None",
      "Action": ""
    },
    {
      "X": -4078.59961,
      "Y": 1138.84961,
      "Z": 161.213577,
      "Type": "None",
      "Action": ""
    },
    {
      "X": -4070.12183,
      "Y": 1139.70337,
      "Z": 161.213577,
      "Type": "None",
      "Action": ""
    },
    {
      "X": -4062.22681,
      "Y": 1142.75183,
      "Z": 161.213577,
      "Type": "None",
      "Action": ""
    },
    {
      "X": -4054.94214,
      "Y": 1146.97339,
      "Z": 161.213577,
      "Type": "None",
      "Action": ""
    },
    {
      "X": -4047.58423,
      "Y": 1151.36328,
      "Z": 159.776077,
      "Type": "None",
      "Action": ""
    },
    {
      "X": -4040.75317,
      "Y": 1156.47937,
      "Z": 159.749741,
      "Type": "None",
      "Action": ""
    },
    {
      "X": -4036.31177,
      "Y": 1163.67578,
      "Z": 159.7334,
      "Type": "None",
      "Action": ""
    },
    {
      "X": -4032.22559,
      "Y": 1171.13391,
      "Z": 159.716721,
      "Type": "None",
      "Action": ""
    },
    {
      "X": -4028.24072,
      "Y": 1178.588,
      "Z": 159.70018,
      "Type": "None",
      "Action": ""
    },
    {
      "X": -4023.9165,
      "Y": 1186.08984,
      "Z": 159.681091,
      "Type": "None",
      "Action": ""
    },
    {
      "X": -4018.50537,
      "Y": 1192.70483,
      "Z": 159.718079,
      "Type": "None",
      "Action": ""
    },
    {
      "X": -4010.89771,
      "Y": 1196.27026,
      "Z": 161.090683,
      "Type": "None",
      "Action": ""
    },
    {
      "X": -4002.441,
      "Y": 1197.6,
      "Z": 161.090683,
      "Type": "None",
      "Action": ""
    },
    {
      "X": -3993.99268,
      "Y": 1197.82056,
      "Z": 161.0624,
      "Type": "None",
      "Action": ""
    },
    {
      "X": -3984.38,
      "Y": 1197.25269,
      "Z": 161.047,
      "Type": "None",
      "Action": ""
    },
    {
      "X": -3982.59155,
      "Y": 1188.42456,
      "Z": 161.047,
      "Type": "None",
      "Action": ""
    },
    {
      "X": -3982.823,
      "Y": 1179.84412,
      "Z": 161.039185,
      "Type": "None",
      "Action": ""
    },
    {
      "X": -3982.46313,
      "Y": 1171.53613,
      "Z": 161.033066,
      "Type": "None",
      "Action": ""
    },
    {
      "X": -3982.15454,
      "Y": 1162.795,
      "Z": 161.02832,
      "Type": "None",
      "Action": ""
    },
    {
      "X": -3981.85718,
      "Y": 1154.36877,
      "Z": 161.02832,
      "Type": "None",
      "Action": ""
    },
    {
      "X": -3976.752,
      "Y": 1145.89075,
      "Z": 161.0021,
      "Type": "None",
      "Action": ""
    },
    {
      "X": -3970.20215,
      "Y": 1140.58728,
      "Z": 161.01088,
      "Type": "None",
      "Action": ""
    },
    {
      "X": -3962.661,
      "Y": 1136.58008,
      "Z": 161.046875,
      "Type": "None",
      "Action": ""
    },
    {
      "X": -3954.14551,
      "Y": 1135.73962,
      "Z": 158.707123,
      "Type": "None",
      "Action": ""
    },
    {
      "X": -3945.64624,
      "Y": 1136.67285,
      "Z": 154.474625,
      "Type": "None",
      "Action": ""
    },
    {
      "X": -3937.28125,
      "Y": 1138.56921,
      "Z": 150.313492,
      "Type": "None",
      "Action": ""
    },
    {
      "X": -3929.18286,
      "Y": 1140.63452,
      "Z": 149.091919,
      "Type": "None",
      "Action": ""
    },
    {
      "X": -3920.75928,
      "Y": 1141.99243,
      "Z": 149.080383,
      "Type": "None",
      "Action": ""
    },
    {
      "X": -3912.23242,
      "Y": 1143.18726,
      "Z": 149.111572,
      "Type": "None",
      "Action": ""
    },
    {
      "X": -3903.80566,
      "Y": 1144.60852,
      "Z": 149.635284,
      "Type": "None",
      "Action": ""
    },
    {
      "X": -3895.36938,
      "Y": 1145.84229,
      "Z": 151.556015,
      "Type": "None",
      "Action": ""
    },
    {
      "X": -3886.93164,
      "Y": 1147.06567,
      "Z": 153.482971,
      "Type": "None",
      "Action": ""
    },
    {
      "X": -3878.42822,
      "Y": 1148.27515,
      "Z": 154.788773,
      "Type": "None",
      "Action": ""
    },
    {
      "X": -3870.11182,
      "Y": 1149.458,
      "Z": 154.788773,
      "Type": "None",
      "Action": ""
    },
    {
      "X": -3861.56738,
      "Y": 1150.67615,
      "Z": 154.788773,
      "Type": "None",
      "Action": ""
    },
    {
      "X": -3853.04346,
      "Y": 1152.32141,
      "Z": 154.788773,
      "Type": "None",
      "Action": ""
    },
    {
      "X": -3845.56885,
      "Y": 1156.2,
      "Z": 154.788773,
      "Type": "None",
      "Action": ""
    },
    {
      "X": -3840.10254,
      "Y": 1162.71643,
      "Z": 153.328918,
      "Type": "None",
      "Action": ""
    },
    {
      "X": -3834.84961,
      "Y": 1169.48462,
      "Z": 151.769745,
      "Type": "None",
      "Action": ""
    },
    {
      "X": -3829.05566,
      "Y": 1175.65161,
      "Z": 150.3483,
      "Type": "None",
      "Action": ""
    },
    {
      "X": -3823.08032,
      "Y": 1181.86523,
      "Z": 149.638474,
      "Type": "None",
      "Action": ""
    },
    {
      "X": -3817.25073,
      "Y": 1187.92749,
      "Z": 149.638474,
      "Type": "None",
      "Action": ""
    },
    {
      "X": -3811.35547,
      "Y": 1194.05786,
      "Z": 149.638474,
      "Type": "None",
      "Action": ""
    },
    {
      "X": -3807.026,
      "Y": 1201.43469,
      "Z": 149.638474,
      "Type": "None",
      "Action": ""
    },
    {
      "X": -3805.36719,
      "Y": 1209.62622,
      "Z": 151.930191,
      "Type": "None",
      "Action": ""
    },
    {
      "X": -3804.33228,
      "Y": 1218.13843,
      "Z": 155.674149,
      "Type": "None",
      "Action": ""
    },
    {
      "X": -3801.05078,
      "Y": 1226.00745,
      "Z": 159.14415,
      "Type": "None",
      "Action": ""
    },
    {
      "X": -3797.26514,
      "Y": 1233.53979,
      "Z": 160.272888,
      "Type": "None",
      "Action": ""
    },
    {
      "X": -3801.364,
      "Y": 1240.71387,
      "Z": 160.2714,
      "Type": "None",
      "Action": ""
    },
    {
      "X": -3808.04419,
      "Y": 1246.195,
      "Z": 160.261581,
      "Type": "None",
      "Action": ""
    },
    {
      "X": -3815.765,
      "Y": 1249.74634,
      "Z": 160.273331,
      "Type": "None",
      "Action": ""
    },
    {
      "X": -3824.03223,
      "Y": 1250.18945,
      "Z": 160.268936,
      "Type": "None",
      "Action": ""
    },
    {
      "X": -3842.87817,
      "Y": 1249.86353,
      "Z": 160.26297,
      "Type": "None",
      "Action": ""
    }
  ],
  "OffMeshConnections": []
}