{
  "StepModels": [
    {
      "$type": "WholesomeDungeonCrawler.Models.MoveAlongPathModel, WholesomeDungeonCrawler",
      "Path": [
        {
          "X": -4.81115,
          "Y": 1.00236,
          "Z": -0.954329,
          "Type": "None",
          "Action": ""
        },
        {
          "X": -12.9868851,
          "Y": 1.10723126,
          "Z": -0.954329,
          "Type": "None",
          "Action": ""
        },
        {
          "X": -21.9276619,
          "Y": 1.28282833,
          "Z": -0.954329,
          "Type": "None",
          "Action": ""
        },
        {
          "X": -29.9327164,
          "Y": 1.44004774,
          "Z": -0.954329,
          "Type": "None",
          "Action": ""
        },
        {
          "X": -38.8475151,
          "Y": 1.1262337,
          "Z": -0.954329,
          "Type": "None",
          "Action": ""
        },
        {
          "X": -47.74369,
          "Y": 0.335738,
          "Z": -0.954329,
          "Type": "None",
          "Action": ""
        },
        {
          "X": -55.9029,
          "Y": -3.09746218,
          "Z": -0.9488584,
          "Type": "None",
          "Action": ""
        },
        {
          "X": -61.8244324,
          "Y": -9.776435,
          "Z": -0.9503146,
          "Type": "None",
          "Action": ""
        },
        {
          "X": -66.4594,
          "Y": -16.3688946,
          "Z": -0.9444683,
          "Type": "None",
          "Action": ""
        },
        {
          "X": -68.8452454,
          "Y": -24.8375263,
          "Z": -0.9529988,
          "Type": "None",
          "Action": ""
        },
        {
          "X": -67.9158249,
          "Y": -33.0909729,
          "Z": -0.9529988,
          "Type": "None",
          "Action": ""
        },
        {
          "X": -67.42478,
          "Y": -42.01411,
          "Z": -0.9529988,
          "Type": "None",
          "Action": ""
        },
        {
          "X": -67.1502,
          "Y": -50.01588,
          "Z": -0.822355,
          "Type": "None",
          "Action": ""
        },
        {
          "X": -59.9559135,
          "Y": -55.19455,
          "Z": -0.802022338,
          "Type": "None",
          "Action": ""
        },
        {
          "X": -52.0996933,
          "Y": -59.0056038,
          "Z": 0.127629176,
          "Type": "None",
          "Action": ""
        },
        {
          "X": -44.9538841,
          "Y": -62.4720421,
          "Z": -0.8912816,
          "Type": "None",
          "Action": ""
        },
        {
          "X": -39.0972672,
          "Y": -67.8453445,
          "Z": -1.81033242,
          "Type": "None",
          "Action": ""
        },
        {
          "X": -36.4633865,
          "Y": -76.35,
          "Z": -2.200612,
          "Type": "None",
          "Action": ""
        },
        {
          "X": -36.2281342,
          "Y": -85.23865,
          "Z": -2.18460536,
          "Type": "None",
          "Action": ""
        },
        {
          "X": -38.7418175,
          "Y": -93.61476,
          "Z": -1.52574766,
          "Type": "None",
          "Action": ""
        },
        {
          "X": -45.7260857,
          "Y": -98.51004,
          "Z": -0.5436257,
          "Type": "None",
          "Action": ""
        },
        {
          "X": -52.2445145,
          "Y": -104.520676,
          "Z": -0.147850081,
          "Type": "None",
          "Action": ""
        },
        {
          "X": -58.3032532,
          "Y": -111.176788,
          "Z": -0.623373032,
          "Type": "None",
          "Action": ""
        }
      ],
      "Name": "Boss - Pandemonius",
      "Order": 0,
      "CompleteCondition": {
        "HasCompleteCondition": true,
        "ConditionType": 4,
        "GameObjectId": 0,
        "InitialFlags": 0,
        "ItemId": 0,
        "CSharpCondition": null,
        "DeadMobId": 18341,
        "MobPositionId": 0,
        "MobId": 0,
        "MobPositionVector": null,
        "LOSPositionVector": null,
        "WaitTime": 0
      }
    },
    {
      "$type": "WholesomeDungeonCrawler.Models.MoveAlongPathModel, WholesomeDungeonCrawler",
      "Path": [
        {
          "X": -67.0747147,
          "Y": -148.2526,
          "Z": -0.955753863,
          "Type": "None",
          "Action": ""
        },
        {
          "X": -67.8795242,
          "Y": -156.854919,
          "Z": -0.955753863,
          "Type": "None",
          "Action": ""
        },
        {
          "X": -67.53807,
          "Y": -164.9197,
          "Z": -0.955753863,
          "Type": "None",
          "Action": ""
        },
        {
          "X": -66.20586,
          "Y": -173.260712,
          "Z": -0.9703828,
          "Type": "None",
          "Action": ""
        },
        {
          "X": -59.92297,
          "Y": -179.583481,
          "Z": -1.12815452,
          "Type": "None",
          "Action": ""
        },
        {
          "X": -53.5060959,
          "Y": -184.452957,
          "Z": -1.03741777,
          "Type": "None",
          "Action": ""
        },
        {
          "X": -46.3332176,
          "Y": -189.441284,
          "Z": -0.8857168,
          "Type": "None",
          "Action": ""
        },
        {
          "X": -37.39683,
          "Y": -189.195114,
          "Z": -0.901361346,
          "Type": "None",
          "Action": ""
        },
        {
          "X": -28.467083,
          "Y": -189.001053,
          "Z": -0.9024575,
          "Type": "None",
          "Action": ""
        },
        {
          "X": -15.5872383,
          "Y": -189.0234,
          "Z": -0.875133,
          "Type": "None",
          "Action": ""
        },
        {
          "X": -10.5784712,
          "Y": -198.670181,
          "Z": 0.09342626,
          "Type": "None",
          "Action": ""
        },
        {
          "X": -2.595937,
          "Y": -201.367081,
          "Z": 0.348754019,
          "Type": "None",
          "Action": ""
        },
        {
          "X": 4.903887,
          "Y": -198.148468,
          "Z": 0.3512793,
          "Type": "None",
          "Action": ""
        },
        {
          "X": 8.181898,
          "Y": -205.628555,
          "Z": 0.234919339,
          "Type": "None",
          "Action": ""
        },
        {
          "X": 18.6208458,
          "Y": -215.888077,
          "Z": -0.9005724,
          "Type": "None",
          "Action": ""
        },
        {
          "X": 18.8853054,
          "Y": -224.036011,
          "Z": -0.9551082,
          "Type": "None",
          "Action": ""
        },
        {
          "X": 18.8494511,
          "Y": -232.218063,
          "Z": -0.9540902,
          "Type": "None",
          "Action": ""
        },
        {
          "X": 11.9542522,
          "Y": -237.2229,
          "Z": -0.9522839,
          "Type": "None",
          "Action": ""
        },
        {
          "X": 4.06796551,
          "Y": -241.021027,
          "Z": -0.771812439,
          "Type": "None",
          "Action": ""
        },
        {
          "X": -3.9183085,
          "Y": -241.546249,
          "Z": -0.481100053,
          "Type": "None",
          "Action": ""
        },
        {
          "X": -11.9049473,
          "Y": -237.59108,
          "Z": 0.329557776,
          "Type": "None",
          "Action": ""
        },
        {
          "X": -19.95638,
          "Y": -233.845276,
          "Z": 1.108441,
          "Type": "None",
          "Action": ""
        },
        {
          "X": -26.7120838,
          "Y": -228.535919,
          "Z": 0.220174938,
          "Type": "None",
          "Action": ""
        },
        {
          "X": -33.583046,
          "Y": -224.383652,
          "Z": -0.215032,
          "Type": "None",
          "Action": ""
        },
        {
          "X": -42.3014755,
          "Y": -223.130737,
          "Z": -0.246453851,
          "Type": "None",
          "Action": ""
        },
        {
          "X": -51.094574,
          "Y": -222.2375,
          "Z": -0.009939412,
          "Type": "None",
          "Action": ""
        },
        {
          "X": -59.6335564,
          "Y": -221.823273,
          "Z": 0.136263177,
          "Type": "None",
          "Action": ""
        },
        {
          "X": -42.0529,
          "Y": -231.907028,
          "Z": -0.182749212,
          "Type": "None",
          "Action": ""
        },
        {
          "X": -35.10761,
          "Y": -235.95401,
          "Z": -0.05492121,
          "Type": "None",
          "Action": ""
        },
        {
          "X": -35.1362152,
          "Y": -244.001678,
          "Z": 0.750602365,
          "Type": "None",
          "Action": ""
        },
        {
          "X": -41.2903328,
          "Y": -250.286514,
          "Z": 0.174595371,
          "Type": "None",
          "Action": ""
        },
        {
          "X": -49.7782,
          "Y": -253.218582,
          "Z": 0.0522427075,
          "Type": "None",
          "Action": ""
        },
        {
          "X": -58.64821,
          "Y": -253.683456,
          "Z": 0.110174313,
          "Type": "None",
          "Action": ""
        },
        {
          "X": -67.51018,
          "Y": -254.932159,
          "Z": -0.315112829,
          "Type": "None",
          "Action": ""
        },
        {
          "X": -75.48023,
          "Y": -256.033234,
          "Z": -0.8977773,
          "Type": "None",
          "Action": ""
        },
        {
          "X": -84.32532,
          "Y": -257.1317,
          "Z": -1.34779859,
          "Type": "None",
          "Action": ""
        },
        {
          "X": -92.88536,
          "Y": -257.835327,
          "Z": -3.46894455,
          "Type": "None",
          "Action": ""
        },
        {
          "X": -101.79921,
          "Y": -257.306946,
          "Z": -4.129744,
          "Type": "None",
          "Action": ""
        },
        {
          "X": -110.058792,
          "Y": -256.614746,
          "Z": -1.82904625,
          "Type": "None",
          "Action": ""
        },
        {
          "X": -119.023262,
          "Y": -256.71933,
          "Z": -0.9482923,
          "Type": "None",
          "Action": ""
        },
        {
          "X": -123.251366,
          "Y": -249.001129,
          "Z": -0.557783842,
          "Type": "None",
          "Action": ""
        },
        {
          "X": -130.712387,
          "Y": -245.377213,
          "Z": -0.7035721,
          "Type": "None",
          "Action": ""
        },
        {
          "X": -139.072,
          "Y": -246.497131,
          "Z": -0.9308179,
          "Type": "None",
          "Action": ""
        },
        {
          "X": -144.591171,
          "Y": -240.490692,
          "Z": -0.923265636,
          "Type": "None",
          "Action": ""
        },
        {
          "X": -151.051453,
          "Y": -234.250885,
          "Z": -0.9316818,
          "Type": "None",
          "Action": ""
        },
        {
          "X": -158.74675,
          "Y": -230.782745,
          "Z": -0.9543916,
          "Type": "None",
          "Action": ""
        },
        {
          "X": -167.325073,
          "Y": -228.275223,
          "Z": -0.9543916,
          "Type": "None",
          "Action": ""
        },
        {
          "X": -175.878326,
          "Y": -225.74472,
          "Z": -0.9543916,
          "Type": "None",
          "Action": ""
        },
        {
          "X": -187.949585,
          "Y": -216.395309,
          "Z": -0.9161572,
          "Type": "None",
          "Action": ""
        },
        {
          "X": -186.812912,
          "Y": -208.108932,
          "Z": 1.03460336,
          "Type": "None",
          "Action": ""
        },
        {
          "X": -187.143936,
          "Y": -200.470718,
          "Z": 3.52753687,
          "Type": "None",
          "Action": ""
        },
        {
          "X": -195.104309,
          "Y": -201.960129,
          "Z": 2.6543715,
          "Type": "None",
          "Action": ""
        },
        {
          "X": -200.019836,
          "Y": -195.382172,
          "Z": 2.277499,
          "Type": "None",
          "Action": ""
        },
        {
          "X": -201.406769,
          "Y": -187.230225,
          "Z": 1.48892128,
          "Type": "None",
          "Action": ""
        },
        {
          "X": -203.966324,
          "Y": -179.118942,
          "Z": 0.221889928,
          "Type": "None",
          "Action": ""
        },
        {
          "X": -207.907928,
          "Y": -171.211044,
          "Z": -0.9539956,
          "Type": "None",
          "Action": ""
        },
        {
          "X": -213.4395,
          "Y": -165.40155,
          "Z": -0.9539956,
          "Type": "None",
          "Action": ""
        },
        {
          "X": -223.603958,
          "Y": -158.4489,
          "Z": -0.954550147,
          "Type": "None",
          "Action": ""
        },
        {
          "X": -230.3286,
          "Y": -165.617874,
          "Z": -0.954550147,
          "Type": "None",
          "Action": ""
        },
        {
          "X": -238.633942,
          "Y": -162.284744,
          "Z": -0.954550147,
          "Type": "None",
          "Action": ""
        },
        {
          "X": -244.103485,
          "Y": -155.320114,
          "Z": -0.954550147,
          "Type": "None",
          "Action": ""
        },
        {
          "X": -252.01886,
          "Y": -151.73175,
          "Z": -0.954550147,
          "Type": "None",
          "Action": ""
        },
        {
          "X": -260.934326,
          "Y": -151.526,
          "Z": -1.28601623,
          "Type": "None",
          "Action": ""
        },
        {
          "X": -268.89505,
          "Y": -151.776367,
          "Z": -2.40244222,
          "Type": "None",
          "Action": ""
        },
        {
          "X": -279.998718,
          "Y": -153.027649,
          "Z": -3.90161562,
          "Type": "None",
          "Action": ""
        },
        {
          "X": -278.138855,
          "Y": -161.6392,
          "Z": -2.95966339,
          "Type": "None",
          "Action": ""
        },
        {
          "X": -282.983673,
          "Y": -169.2477,
          "Z": -2.35856986,
          "Type": "None",
          "Action": ""
        },
        {
          "X": -291.633942,
          "Y": -168.320221,
          "Z": -0.309253156,
          "Type": "None",
          "Action": ""
        },
        {
          "X": -293.1225,
          "Y": -176.143631,
          "Z": 0.893929362,
          "Type": "None",
          "Action": ""
        },
        {
          "X": -295.386,
          "Y": -184.793335,
          "Z": 0.891702056,
          "Type": "None",
          "Action": ""
        },
        {
          "X": -297.396973,
          "Y": -192.465164,
          "Z": -0.682337046,
          "Type": "None",
          "Action": ""
        },
        {
          "X": -301.4241,
          "Y": -200.51358,
          "Z": -0.907040656,
          "Type": "None",
          "Action": ""
        },
        {
          "X": -306.352631,
          "Y": -207.940125,
          "Z": -0.7514278,
          "Type": "None",
          "Action": ""
        },
        {
          "X": -312.557037,
          "Y": -214.361267,
          "Z": -0.8803283,
          "Type": "None",
          "Action": ""
        }
      ],
      "Name": "Boss - Tavarok",
      "Order": 1,
      "CompleteCondition": {
        "HasCompleteCondition": true,
        "ConditionType": 4,
        "GameObjectId": 0,
        "InitialFlags": 0,
        "ItemId": 0,
        "CSharpCondition": null,
        "DeadMobId": 18343,
        "MobPositionId": 0,
        "MobId": 0,
        "MobPositionVector": null,
        "LOSPositionVector": null,
        "WaitTime": 0
      }
    },
    {
      "$type": "WholesomeDungeonCrawler.Models.MoveAlongPathModel, WholesomeDungeonCrawler",
      "Path": [
        {
          "X": -333.728882,
          "Y": -221.886414,
          "Z": -0.95829916,
          "Type": "None",
          "Action": ""
        },
        {
          "X": -342.606964,
          "Y": -223.018936,
          "Z": -0.95829916,
          "Type": "None",
          "Action": ""
        },
        {
          "X": -351.4874,
          "Y": -223.0117,
          "Z": -0.95829916,
          "Type": "None",
          "Action": ""
        },
        {
          "X": -359.7263,
          "Y": -220.849823,
          "Z": -0.95829916,
          "Type": "None",
          "Action": ""
        },
        {
          "X": -365.757446,
          "Y": -214.81041,
          "Z": -0.95829916,
          "Type": "None",
          "Action": ""
        },
        {
          "X": -369.352875,
          "Y": -206.633774,
          "Z": -0.95829916,
          "Type": "None",
          "Action": ""
        },
        {
          "X": -369.689728,
          "Y": -197.92421,
          "Z": -0.95829916,
          "Type": "None",
          "Action": ""
        },
        {
          "X": -367.0729,
          "Y": -189.391678,
          "Z": -0.97123307,
          "Type": "None",
          "Action": ""
        },
        {
          "X": -361.6868,
          "Y": -182.247681,
          "Z": -0.964116454,
          "Type": "None",
          "Action": ""
        },
        {
          "X": -356.661255,
          "Y": -175.54332,
          "Z": -0.9602469,
          "Type": "None",
          "Action": ""
        },
        {
          "X": -350.665436,
          "Y": -170.224686,
          "Z": -0.9996867,
          "Type": "None",
          "Action": ""
        },
        {
          "X": -346.9049,
          "Y": -162.317184,
          "Z": -1.08540356,
          "Type": "None",
          "Action": ""
        },
        {
          "X": -348.5381,
          "Y": -154.618866,
          "Z": 2.81090927,
          "Type": "None",
          "Action": ""
        },
        {
          "X": -353.925323,
          "Y": -148.87146,
          "Z": 4.30809927,
          "Type": "None",
          "Action": ""
        },
        {
          "X": -360.059265,
          "Y": -143.841034,
          "Z": 1.07058156,
          "Type": "None",
          "Action": ""
        },
        {
          "X": -366.117279,
          "Y": -138.695892,
          "Z": -0.9703915,
          "Type": "None",
          "Action": ""
        },
        {
          "X": -372.389038,
          "Y": -132.294266,
          "Z": -0.960727,
          "Type": "None",
          "Action": ""
        },
        {
          "X": -374.283875,
          "Y": -123.872772,
          "Z": -0.9607122,
          "Type": "None",
          "Action": ""
        },
        {
          "X": -373.570374,
          "Y": -114.900337,
          "Z": -0.9607122,
          "Type": "None",
          "Action": ""
        },
        {
          "X": -372.306732,
          "Y": -106.632385,
          "Z": -0.960659146,
          "Type": "None",
          "Action": ""
        },
        {
          "X": -368.825958,
          "Y": -99.4249954,
          "Z": -0.959963858,
          "Type": "None",
          "Action": ""
        },
        {
          "X": -366.07486,
          "Y": -90.92828,
          "Z": -0.959963858,
          "Type": "None",
          "Action": ""
        },
        {
          "X": -362.432678,
          "Y": -83.80312,
          "Z": 0.3762653,
          "Type": "None",
          "Action": ""
        },
        {
          "X": -358.0099,
          "Y": -77.2070847,
          "Z": -0.9458999,
          "Type": "None",
          "Action": ""
        },
        {
          "X": -354.354218,
          "Y": -70.08793,
          "Z": -0.958625853,
          "Type": "None",
          "Action": ""
        },
        {
          "X": -359.243256,
          "Y": -63.3610344,
          "Z": -0.9602866,
          "Type": "None",
          "Action": ""
        },
        {
          "X": -364.45462,
          "Y": -56.14656,
          "Z": -0.9733204,
          "Type": "None",
          "Action": ""
        },
        {
          "X": -367.4414,
          "Y": -46.3746834,
          "Z": -0.996138453,
          "Type": "None",
          "Action": ""
        },
        {
          "X": -372.1309,
          "Y": -39.734623,
          "Z": -0.960413039,
          "Type": "None",
          "Action": ""
        },
        {
          "X": -372.936768,
          "Y": -30.8032913,
          "Z": -0.9602873,
          "Type": "None",
          "Action": ""
        },
        {
          "X": -373.07,
          "Y": -21.8764858,
          "Z": -0.96019727,
          "Type": "None",
          "Action": ""
        },
        {
          "X": -373.022339,
          "Y": -13.8837223,
          "Z": 2.93633223,
          "Type": "None",
          "Action": ""
        },
        {
          "X": -371.752167,
          "Y": -6.071781,
          "Z": 6.928091,
          "Type": "None",
          "Action": ""
        },
        {
          "X": -366.6543,
          "Y": 1.24534976,
          "Z": 7.91733,
          "Type": "None",
          "Action": ""
        },
        {
          "X": -359.7157,
          "Y": 6.718423,
          "Z": 8.015736,
          "Type": "None",
          "Action": ""
        },
        {
          "X": -351.8198,
          "Y": 7.38096857,
          "Z": 12.0502443,
          "Type": "None",
          "Action": ""
        },
        {
          "X": -343.8922,
          "Y": 7.47356272,
          "Z": 16.1012554,
          "Type": "None",
          "Action": ""
        },
        {
          "X": -335.8857,
          "Y": 7.436044,
          "Z": 16.7940178,
          "Type": "None",
          "Action": ""
        },
        {
          "X": -327.5216,
          "Y": 7.63643742,
          "Z": 16.7940178,
          "Type": "None",
          "Action": ""
        },
        {
          "X": -319.0547,
          "Y": 10.4755058,
          "Z": 16.87039,
          "Type": "None",
          "Action": ""
        },
        {
          "X": -310.770264,
          "Y": 13.8964415,
          "Z": 16.28532,
          "Type": "None",
          "Action": ""
        },
        {
          "X": -302.561859,
          "Y": 17.4446011,
          "Z": 16.2359123,
          "Type": "None",
          "Action": ""
        },
        {
          "X": -295.0654,
          "Y": 20.2439251,
          "Z": 18.1395111,
          "Type": "None",
          "Action": ""
        },
        {
          "X": -286.261566,
          "Y": 21.6392536,
          "Z": 18.7817631,
          "Type": "None",
          "Action": ""
        },
        {
          "X": -279.7052,
          "Y": 26.1794758,
          "Z": 21.74992,
          "Type": "None",
          "Action": ""
        },
        {
          "X": -274.370636,
          "Y": 32.07383,
          "Z": 25.086916,
          "Type": "None",
          "Action": ""
        },
        {
          "X": -268.3414,
          "Y": 37.30232,
          "Z": 27.3473988,
          "Type": "None",
          "Action": ""
        },
        {
          "X": -259.915833,
          "Y": 39.8224,
          "Z": 26.4379635,
          "Type": "None",
          "Action": ""
        },
        {
          "X": -254.279129,
          "Y": 35.57121,
          "Z": 21.8172359,
          "Type": "None",
          "Action": ""
        },
        {
          "X": -247.646545,
          "Y": 30.8992062,
          "Z": 18.63376,
          "Type": "None",
          "Action": ""
        },
        {
          "X": -239.618881,
          "Y": 35.1307068,
          "Z": 16.8119564,
          "Type": "None",
          "Action": ""
        },
        {
          "X": -231.501556,
          "Y": 38.58901,
          "Z": 17.27805,
          "Type": "None",
          "Action": ""
        },
        {
          "X": -222.580475,
          "Y": 38.4764824,
          "Z": 16.8570747,
          "Type": "None",
          "Action": ""
        },
        {
          "X": -214.573776,
          "Y": 38.08877,
          "Z": 16.8506145,
          "Type": "None",
          "Action": ""
        },
        {
          "X": -206.580582,
          "Y": 37.6256332,
          "Z": 16.8527489,
          "Type": "None",
          "Action": ""
        },
        {
          "X": -198.282227,
          "Y": 34.5562744,
          "Z": 16.8442688,
          "Type": "None",
          "Action": ""
        },
        {
          "X": -192.82634,
          "Y": 28.93882,
          "Z": 19.7270126,
          "Type": "None",
          "Action": ""
        },
        {
          "X": -189.470276,
          "Y": 21.7401485,
          "Z": 16.68953,
          "Type": "None",
          "Action": ""
        },
        {
          "X": -186.559372,
          "Y": 14.2674913,
          "Z": 16.7134762,
          "Type": "None",
          "Action": ""
        },
        {
          "X": -165.70253,
          "Y": 9.210612,
          "Z": 16.788538,
          "Type": "None",
          "Action": ""
        }
      ],
      "Name": "Boss - Nexus-Prince Shaffar",
      "Order": 2,
      "CompleteCondition": {
        "HasCompleteCondition": true,
        "ConditionType": 4,
        "GameObjectId": 0,
        "InitialFlags": 0,
        "ItemId": 0,
        "CSharpCondition": null,
        "DeadMobId": 18344,
        "MobPositionId": 0,
        "MobId": 0,
        "MobPositionVector": null,
        "LOSPositionVector": null,
        "WaitTime": 0
      }
    }
  ],
  "MapId": 557,
  "Name": "Mana Tombs (Alliance)",
  "Faction": 2,
  "DeathRunPath": [
    {
      "X": -3568.76733,
      "Y": 4656.72168,
      "Z": -22.7260933,
      "Type": "None",
      "Action": ""
    },
    {
      "X": -3576.317,
      "Y": 4659.785,
      "Z": -22.8621559,
      "Type": "None",
      "Action": ""
    },
    {
      "X": -3584.12451,
      "Y": 4662.99756,
      "Z": -22.78246,
      "Type": "None",
      "Action": ""
    },
    {
      "X": -3591.56738,
      "Y": 4666.925,
      "Z": -22.24251,
      "Type": "None",
      "Action": ""
    },
    {
      "X": -3598.563,
      "Y": 4671.96729,
      "Z": -22.0729256,
      "Type": "None",
      "Action": ""
    },
    {
      "X": -3604.91,
      "Y": 4677.8877,
      "Z": -22.40063,
      "Type": "None",
      "Action": ""
    },
    {
      "X": -3609.94629,
      "Y": 4684.88037,
      "Z": -22.771286,
      "Type": "None",
      "Action": ""
    },
    {
      "X": -3606.43726,
      "Y": 4692.23145,
      "Z": -22.70339,
      "Type": "None",
      "Action": ""
    },
    {
      "X": -3600.78271,
      "Y": 4698.68262,
      "Z": -22.70339,
      "Type": "None",
      "Action": ""
    },
    {
      "X": -3594.99829,
      "Y": 4705.073,
      "Z": -23.0102978,
      "Type": "None",
      "Action": ""
    },
    {
      "X": -3589.30933,
      "Y": 4711.19629,
      "Z": -23.4562073,
      "Type": "None",
      "Action": ""
    },
    {
      "X": -3583.383,
      "Y": 4717.481,
      "Z": -23.66707,
      "Type": "None",
      "Action": ""
    },
    {
      "X": -3577.4917,
      "Y": 4723.673,
      "Z": -28.2876263,
      "Type": "None",
      "Action": ""
    },
    {
      "X": -3571.60034,
      "Y": 4729.865,
      "Z": -32.90794,
      "Type": "None",
      "Action": ""
    },
    {
      "X": -3565.69653,
      "Y": 4736.08838,
      "Z": -37.45406,
      "Type": "None",
      "Action": ""
    },
    {
      "X": -3563.55151,
      "Y": 4743.83936,
      "Z": -37.4554939,
      "Type": "None",
      "Action": ""
    },
    {
      "X": -3565.64722,
      "Y": 4752.15234,
      "Z": -37.4569321,
      "Type": "None",
      "Action": ""
    },
    {
      "X": -3569.16577,
      "Y": 4759.96436,
      "Z": -41.0026741,
      "Type": "None",
      "Action": ""
    },
    {
      "X": -3573.76685,
      "Y": 4767.0,
      "Z": -46.0593452,
      "Type": "None",
      "Action": ""
    },
    {
      "X": -3579.23022,
      "Y": 4773.6123,
      "Z": -50.9460449,
      "Type": "None",
      "Action": ""
    },
    {
      "X": -3582.231,
      "Y": 4781.389,
      "Z": -50.945034,
      "Type": "None",
      "Action": ""
    },
    {
      "X": -3578.5083,
      "Y": 4788.831,
      "Z": -50.9405251,
      "Type": "None",
      "Action": ""
    },
    {
      "X": -3572.64355,
      "Y": 4794.947,
      "Z": -51.66854,
      "Type": "None",
      "Action": ""
    },
    {
      "X": -3566.71338,
      "Y": 4801.131,
      "Z": -57.2532539,
      "Type": "None",
      "Action": ""
    },
    {
      "X": -3560.84155,
      "Y": 4807.356,
      "Z": -62.83065,
      "Type": "None",
      "Action": ""
    },
    {
      "X": -3557.11719,
      "Y": 4814.695,
      "Z": -63.53311,
      "Type": "None",
      "Action": ""
    },
    {
      "X": -3559.36646,
      "Y": 4822.851,
      "Z": -63.53298,
      "Type": "None",
      "Action": ""
    },
    {
      "X": -3563.87817,
      "Y": 4829.96436,
      "Z": -68.3586044,
      "Type": "None",
      "Action": ""
    },
    {
      "X": -3568.69922,
      "Y": 4837.098,
      "Z": -74.48659,
      "Type": "None",
      "Action": ""
    },
    {
      "X": -3573.64819,
      "Y": 4844.117,
      "Z": -79.5425339,
      "Type": "None",
      "Action": ""
    },
    {
      "X": -3578.037,
      "Y": 4851.32471,
      "Z": -85.1998444,
      "Type": "None",
      "Action": ""
    },
    {
      "X": -3581.82,
      "Y": 4859.02246,
      "Z": -90.34344,
      "Type": "None",
      "Action": ""
    },
    {
      "X": -3584.79346,
      "Y": 4867.06348,
      "Z": -94.9585,
      "Type": "None",
      "Action": ""
    },
    {
      "X": -3583.681,
      "Y": 4875.23975,
      "Z": -95.35132,
      "Type": "None",
      "Action": ""
    },
    {
      "X": -3575.92236,
      "Y": 4878.34473,
      "Z": -97.91659,
      "Type": "None",
      "Action": ""
    },
    {
      "X": -3567.46875,
      "Y": 4879.854,
      "Z": -101.050171,
      "Type": "None",
      "Action": ""
    },
    {
      "X": -3558.891,
      "Y": 4880.899,
      "Z": -101.044128,
      "Type": "None",
      "Action": ""
    },
    {
      "X": -3550.582,
      "Y": 4881.89355,
      "Z": -101.395706,
      "Type": "None",
      "Action": ""
    },
    {
      "X": -3542.04639,
      "Y": 4882.73633,
      "Z": -101.395706,
      "Type": "None",
      "Action": ""
    },
    {
      "X": -3533.59155,
      "Y": 4883.10059,
      "Z": -101.395706,
      "Type": "None",
      "Action": ""
    },
    {
      "X": -3525.0083,
      "Y": 4883.41553,
      "Z": -101.395706,
      "Type": "None",
      "Action": ""
    },
    {
      "X": -3516.446,
      "Y": 4883.72949,
      "Z": -101.395706,
      "Type": "None",
      "Action": ""
    },
    {
      "X": -3507.96777,
      "Y": 4884.04053,
      "Z": -101.395706,
      "Type": "None",
      "Action": ""
    },
    {
      "X": -3499.44751,
      "Y": 4884.353,
      "Z": -101.395706,
      "Type": "None",
      "Action": ""
    },
    {
      "X": -3490.86426,
      "Y": 4884.668,
      "Z": -101.395706,
      "Type": "None",
      "Action": ""
    },
    {
      "X": -3482.428,
      "Y": 4884.97754,
      "Z": -101.395706,
      "Type": "None",
      "Action": ""
    },
    {
      "X": -3473.79126,
      "Y": 4885.2583,
      "Z": -101.395706,
      "Type": "None",
      "Action": ""
    },
    {
      "X": -3465.34985,
      "Y": 4885.36768,
      "Z": -101.395706,
      "Type": "None",
      "Action": ""
    },
    {
      "X": -3456.761,
      "Y": 4885.42969,
      "Z": -101.395706,
      "Type": "None",
      "Action": ""
    },
    {
      "X": -3432.72583,
      "Y": 4897.80469,
      "Z": -101.395828,
      "Type": "None",
      "Action": ""
    },
    {
      "X": -3423.9707,
      "Y": 4895.094,
      "Z": -101.395828,
      "Type": "None",
      "Action": ""
    },
    {
      "X": -3415.50586,
      "Y": 4894.7085,
      "Z": -101.395828,
      "Type": "None",
      "Action": ""
    },
    {
      "X": -3407.00977,
      "Y": 4894.322,
      "Z": -101.395828,
      "Type": "None",
      "Action": ""
    },
    {
      "X": -3398.539,
      "Y": 4895.40674,
      "Z": -101.395828,
      "Type": "None",
      "Action": ""
    },
    {
      "X": -3390.238,
      "Y": 4896.75732,
      "Z": -101.395828,
      "Type": "None",
      "Action": ""
    },
    {
      "X": -3381.843,
      "Y": 4898.895,
      "Z": -101.395828,
      "Type": "None",
      "Action": ""
    },
    {
      "X": -3374.11377,
      "Y": 4902.31445,
      "Z": -101.380356,
      "Type": "None",
      "Action": ""
    },
    {
      "X": -3366.32,
      "Y": 4905.848,
      "Z": -101.361588,
      "Type": "None",
      "Action": ""
    },
    {
      "X": -3358.61963,
      "Y": 4909.476,
      "Z": -101.394615,
      "Type": "None",
      "Action": ""
    },
    {
      "X": -3351.09448,
      "Y": 4913.745,
      "Z": -101.396133,
      "Type": "None",
      "Action": ""
    },
    {
      "X": -3343.715,
      "Y": 4917.93164,
      "Z": -101.396133,
      "Type": "None",
      "Action": ""
    },
    {
      "X": -3336.209,
      "Y": 4922.18945,
      "Z": -101.394417,
      "Type": "None",
      "Action": ""
    },
    {
      "X": -3328.96655,
      "Y": 4926.298,
      "Z": -101.004959,
      "Type": "None",
      "Action": ""
    },
    {
      "X": -3321.69287,
      "Y": 4930.8374,
      "Z": -100.7678,
      "Type": "None",
      "Action": ""
    },
    {
      "X": -3314.47681,
      "Y": 4935.55371,
      "Z": -100.732872,
      "Type": "None",
      "Action": ""
    },
    {
      "X": -3307.287,
      "Y": 4940.25244,
      "Z": -100.640984,
      "Type": "None",
      "Action": ""
    },
    {
      "X": -3300.002,
      "Y": 4944.61,
      "Z": -100.79335,
      "Type": "None",
      "Action": ""
    },
    {
      "X": -3291.584,
      "Y": 4944.822,
      "Z": -100.6144,
      "Type": "None",
      "Action": ""
    },
    {
      "X": -3283.06982,
      "Y": 4944.668,
      "Z": -100.601364,
      "Type": "None",
      "Action": ""
    },
    {
      "X": -3274.45,
      "Y": 4944.58447,
      "Z": -100.908562,
      "Type": "None",
      "Action": ""
    },
    {
      "X": -3265.966,
      "Y": 4944.59766,
      "Z": -101.254929,
      "Type": "None",
      "Action": ""
    },
    {
      "X": -3257.398,
      "Y": 4944.61133,
      "Z": -101.392265,
      "Type": "None",
      "Action": ""
    },
    {
      "X": -3248.88257,
      "Y": 4944.625,
      "Z": -101.393417,
      "Type": "None",
      "Action": ""
    },
    {
      "X": -3240.325,
      "Y": 4944.63867,
      "Z": -101.207443,
      "Type": "None",
      "Action": ""
    },
    {
      "X": -3231.93555,
      "Y": 4944.652,
      "Z": -101.362244,
      "Type": "None",
      "Action": ""
    },
    {
      "X": -3223.28735,
      "Y": 4944.64453,
      "Z": -101.39222,
      "Type": "None",
      "Action": ""
    },
    {
      "X": -3214.76147,
      "Y": 4944.625,
      "Z": -101.3952,
      "Type": "None",
      "Action": ""
    },
    {
      "X": -3206.38232,
      "Y": 4944.60547,
      "Z": -101.3952,
      "Type": "None",
      "Action": ""
    },
    {
      "X": -3197.75146,
      "Y": 4944.585,
      "Z": -101.3952,
      "Type": "None",
      "Action": ""
    },
    {
      "X": -3189.25684,
      "Y": 4944.56543,
      "Z": -101.3952,
      "Type": "None",
      "Action": ""
    },
    {
      "X": -3180.74146,
      "Y": 4944.54541,
      "Z": -101.3952,
      "Type": "None",
      "Action": ""
    },
    {
      "X": -3172.121,
      "Y": 4944.52539,
      "Z": -101.3952,
      "Type": "None",
      "Action": ""
    },
    {
      "X": -3163.60571,
      "Y": 4944.50537,
      "Z": -101.047005,
      "Type": "None",
      "Action": ""
    },
    {
      "X": -3154.922,
      "Y": 4944.485,
      "Z": -101.047005,
      "Type": "None",
      "Action": ""
    },
    {
      "X": -3146.37524,
      "Y": 4944.46533,
      "Z": -100.97506,
      "Type": "None",
      "Action": ""
    },
    {
      "X": -3137.79663,
      "Y": 4944.44531,
      "Z": -100.891319,
      "Type": "None",
      "Action": ""
    },
    {
      "X": -3129.24976,
      "Y": 4944.42529,
      "Z": -101.423782,
      "Type": "None",
      "Action": ""
    },
    {
      "X": -3120.80786,
      "Y": 4944.406,
      "Z": -101.878372,
      "Type": "None",
      "Action": ""
    },
    {
      "X": -3112.29224,
      "Y": 4944.38574,
      "Z": -102.337379,
      "Type": "None",
      "Action": ""
    },
    {
      "X": -3103.91,
      "Y": 4944.36572,
      "Z": -101.56768,
      "Type": "None",
      "Action": ""
    },
    {
      "X": -3095.279,
      "Y": 4944.3457,
      "Z": -99.8653641,
      "Type": "None",
      "Action": ""
    },
    {
      "X": -3086.72144,
      "Y": 4944.32568,
      "Z": -101.047226,
      "Type": "None",
      "Action": ""
    },
    {
      "X": -3078.164,
      "Y": 4944.30566,
      "Z": -101.047226,
      "Type": "None",
      "Action": ""
    },
    {
      "X": -3068.164,
      "Y": 4944.30566,
      "Z": -101.047226,
      "Type": "None",
      "Action": ""
    }
  ],
  "OffMeshConnections": []
}
