{
  "StepModels": [
    {
      "$type": "WholesomeDungeonCrawler.Models.MoveAlongPathModel, WholesomeDungeonCrawler",
      "Path": [
        {
          "X": -1355.28,
          "Y": 1641.57,
          "Z": 68.274,
          "Type": "None",
          "Action": ""
        },
        {
          "X": -1350.42627,
          "Y": 1648.29224,
          "Z": 68.6425247,
          "Type": "None",
          "Action": ""
        },
        {
          "X": -1343.66321,
          "Y": 1653.78284,
          "Z": 68.87515,
          "Type": "None",
          "Action": ""
        },
        {
          "X": -1336.86768,
          "Y": 1658.26868,
          "Z": 68.79636,
          "Type": "None",
          "Action": ""
        },
        {
          "X": -1328.72729,
          "Y": 1662.29224,
          "Z": 68.8459,
          "Type": "None",
          "Action": ""
        },
        {
          "X": -1320.58362,
          "Y": 1664.8833,
          "Z": 67.9474945,
          "Type": "None",
          "Action": ""
        },
        {
          "X": -1312.56689,
          "Y": 1667.16687,
          "Z": 66.19127,
          "Type": "None",
          "Action": ""
        },
        {
          "X": -1304.19067,
          "Y": 1669.17029,
          "Z": 65.8329544,
          "Type": "None",
          "Action": ""
        },
        {
          "X": -1295.9115,
          "Y": 1670.96448,
          "Z": 67.35902,
          "Type": "None",
          "Action": ""
        },
        {
          "X": -1287.57385,
          "Y": 1672.91626,
          "Z": 68.73257,
          "Type": "None",
          "Action": ""
        },
        {
          "X": -1279.36584,
          "Y": 1672.40662,
          "Z": 68.6641,
          "Type": "None",
          "Action": ""
        },
        {
          "X": -1273.34253,
          "Y": 1664.969,
          "Z": 68.8128052,
          "Type": "None",
          "Action": ""
        },
        {
          "X": -1271.51831,
          "Y": 1656.66907,
          "Z": 69.03624,
          "Type": "None",
          "Action": ""
        },
        {
          "X": -1263.053,
          "Y": 1654.215,
          "Z": 68.36788,
          "Type": "None",
          "Action": ""
        },
        {
          "X": -1254.57251,
          "Y": 1653.29431,
          "Z": 67.59509,
          "Type": "None",
          "Action": ""
        },
        {
          "X": -1247.0188,
          "Y": 1650.04993,
          "Z": 67.38581,
          "Type": "None",
          "Action": ""
        },
        {
          "X": -1247.77332,
          "Y": 1641.74414,
          "Z": 68.0959549,
          "Type": "None",
          "Action": ""
        },
        {
          "X": -1246.52686,
          "Y": 1633.76575,
          "Z": 68.51113,
          "Type": "None",
          "Action": ""
        },
        {
          "X": -1243.6156,
          "Y": 1625.79529,
          "Z": 68.50968,
          "Type": "None",
          "Action": ""
        },
        {
          "X": -1244.62109,
          "Y": 1616.5498,
          "Z": 68.52083,
          "Type": "None",
          "Action": ""
        },
        {
          "X": -1247.691,
          "Y": 1608.5282,
          "Z": 68.54434,
          "Type": "None",
          "Action": ""
        },
        {
          "X": -1250.73291,
          "Y": 1600.60828,
          "Z": 68.56692,
          "Type": "None",
          "Action": ""
        },
        {
          "X": -1253.892,
          "Y": 1592.63647,
          "Z": 68.5638,
          "Type": "None",
          "Action": ""
        },
        {
          "X": -1256.71973,
          "Y": 1583.97656,
          "Z": 68.55578,
          "Type": "None",
          "Action": ""
        },
        {
          "X": -1259.75146,
          "Y": 1575.85291,
          "Z": 68.6384048,
          "Type": "None",
          "Action": ""
        },
        {
          "X": -1262.94434,
          "Y": 1568.33875,
          "Z": 68.6447,
          "Type": "None",
          "Action": ""
        },
        {
          "X": -1265.46289,
          "Y": 1560.2135,
          "Z": 68.5741348,
          "Type": "None",
          "Action": ""
        },
        {
          "X": -1269.11743,
          "Y": 1552.51807,
          "Z": 68.5698547,
          "Type": "None",
          "Action": ""
        },
        {
          "X": -1274.01929,
          "Y": 1546.0144,
          "Z": 68.56865,
          "Type": "None",
          "Action": ""
        },
        {
          "X": -1281.75757,
          "Y": 1540.98193,
          "Z": 68.57662,
          "Type": "None",
          "Action": ""
        },
        {
          "X": -1288.67175,
          "Y": 1535.99463,
          "Z": 68.58302,
          "Type": "None",
          "Action": ""
        },
        {
          "X": -1293.87134,
          "Y": 1529.44592,
          "Z": 68.59123,
          "Type": "None",
          "Action": ""
        },
        {
          "X": -1296.72632,
          "Y": 1521.64038,
          "Z": 68.5950546,
          "Type": "None",
          "Action": ""
        },
        {
          "X": -1297.43323,
          "Y": 1513.12329,
          "Z": 68.5950546,
          "Type": "None",
          "Action": ""
        },
        {
          "X": -1295.22839,
          "Y": 1505.057,
          "Z": 68.59527,
          "Type": "None",
          "Action": ""
        },
        {
          "X": -1291.01367,
          "Y": 1497.752,
          "Z": 68.5937347,
          "Type": "None",
          "Action": ""
        },
        {
          "X": -1286.436,
          "Y": 1490.43152,
          "Z": 68.59233,
          "Type": "None",
          "Action": ""
        },
        {
          "X": -1279.35352,
          "Y": 1485.90015,
          "Z": 68.58807,
          "Type": "None",
          "Action": ""
        },
        {
          "X": -1271.14453,
          "Y": 1483.85107,
          "Z": 68.58073,
          "Type": "None",
          "Action": ""
        },
        {
          "X": -1262.50525,
          "Y": 1483.91223,
          "Z": 68.57064,
          "Type": "None",
          "Action": ""
        },
        {
          "X": -1253.897,
          "Y": 1483.53479,
          "Z": 68.5633,
          "Type": "None",
          "Action": ""
        },
        {
          "X": -1245.43433,
          "Y": 1482.186,
          "Z": 68.55612,
          "Type": "None",
          "Action": ""
        },
        {
          "X": -1237.34387,
          "Y": 1479.6311,
          "Z": 68.55592,
          "Type": "None",
          "Action": ""
        },
        {
          "X": -1230.76477,
          "Y": 1474.51721,
          "Z": 68.5583,
          "Type": "None",
          "Action": ""
        },
        {
          "X": -1229.50073,
          "Y": 1466.44653,
          "Z": 68.56679,
          "Type": "None",
          "Action": ""
        },
        {
          "X": -1229.08057,
          "Y": 1457.99426,
          "Z": 68.57602,
          "Type": "None",
          "Action": ""
        },
        {
          "X": -1228.28162,
          "Y": 1449.51746,
          "Z": 68.5853043,
          "Type": "None",
          "Action": ""
        },
        {
          "X": -1221.46326,
          "Y": 1443.33032,
          "Z": 68.58955,
          "Type": "None",
          "Action": ""
        },
        {
          "X": -1213.00879,
          "Y": 1442.22974,
          "Z": 68.5760956,
          "Type": "None",
          "Action": ""
        },
        {
          "X": -1204.49585,
          "Y": 1441.62585,
          "Z": 68.5369949,
          "Type": "None",
          "Action": ""
        },
        {
          "X": -1195.77368,
          "Y": 1441.07153,
          "Z": 68.49759,
          "Type": "None",
          "Action": ""
        },
        {
          "X": -1187.218,
          "Y": 1441.31323,
          "Z": 68.45679,
          "Type": "None",
          "Action": ""
        },
        {
          "X": -1178.72046,
          "Y": 1440.882,
          "Z": 68.42346,
          "Type": "None",
          "Action": ""
        },
        {
          "X": -1180.21863,
          "Y": 1449.84729,
          "Z": 68.43118,
          "Type": "None",
          "Action": ""
        },
        {
          "X": -1182.06238,
          "Y": 1458.52979,
          "Z": 68.4401855,
          "Type": "None",
          "Action": ""
        },
        {
          "X": -1183.36328,
          "Y": 1467.33337,
          "Z": 68.44734,
          "Type": "None",
          "Action": ""
        },
        {
          "X": -1182.9657,
          "Y": 1476.2395,
          "Z": 68.4536057,
          "Type": "None",
          "Action": ""
        },
        {
          "X": -1180.92383,
          "Y": 1484.20166,
          "Z": 68.45776,
          "Type": "None",
          "Action": ""
        },
        {
          "X": -1172.50146,
          "Y": 1485.17419,
          "Z": 68.44906,
          "Type": "None",
          "Action": ""
        },
        {
          "X": -1164.49646,
          "Y": 1487.90015,
          "Z": 68.43902,
          "Type": "None",
          "Action": ""
        },
        {
          "X": -1172.38049,
          "Y": 1509.51855,
          "Z": 68.4498749,
          "Type": "None",
          "Action": ""
        },
        {
          "X": -1177.23242,
          "Y": 1516.53357,
          "Z": 68.45663,
          "Type": "None",
          "Action": ""
        }
      ],
      "Name": "Boss - Watchkeeper Gargolmar",
      "Order": 0,
      "CompleteCondition": {
        "HasCompleteCondition": true,
        "ConditionType": 4,
        "GameObjectId": 0,
        "InitialFlags": 0,
        "ItemId": 0,
        "CSharpCondition": null,
        "DeadMobId": 17306,
        "MobPositionId": 0,
        "MobId": 0,
        "MobPositionVector": null,
        "LOSPositionVector": null,
        "WaitTime": 0
      }
    },
    {
      "$type": "WholesomeDungeonCrawler.Models.MoveAlongPathModel, WholesomeDungeonCrawler",
      "Path": [
        {
          "X": -1198.98181,
          "Y": 1542.96606,
          "Z": 68.4795151,
          "Type": "None",
          "Action": ""
        },
        {
          "X": -1207.52966,
          "Y": 1541.29346,
          "Z": 68.52568,
          "Type": "None",
          "Action": ""
        },
        {
          "X": -1215.25342,
          "Y": 1536.78308,
          "Z": 68.56547,
          "Type": "None",
          "Action": ""
        },
        {
          "X": -1217.85669,
          "Y": 1528.37451,
          "Z": 68.65422,
          "Type": "None",
          "Action": ""
        },
        {
          "X": -1218.68066,
          "Y": 1519.46985,
          "Z": 68.57186,
          "Type": "None",
          "Action": ""
        },
        {
          "X": -1219.77734,
          "Y": 1510.65417,
          "Z": 68.54336,
          "Type": "None",
          "Action": ""
        },
        {
          "X": -1225.5885,
          "Y": 1505.50354,
          "Z": 71.65232,
          "Type": "None",
          "Action": ""
        },
        {
          "X": -1233.09058,
          "Y": 1503.07031,
          "Z": 74.98684,
          "Type": "None",
          "Action": ""
        },
        {
          "X": -1240.88074,
          "Y": 1504.02026,
          "Z": 77.70889,
          "Type": "None",
          "Action": ""
        },
        {
          "X": -1247.25476,
          "Y": 1508.68555,
          "Z": 81.3093262,
          "Type": "None",
          "Action": ""
        },
        {
          "X": -1251.41882,
          "Y": 1515.44446,
          "Z": 84.11353,
          "Type": "None",
          "Action": ""
        },
        {
          "X": -1253.05078,
          "Y": 1523.12866,
          "Z": 86.8578949,
          "Type": "None",
          "Action": ""
        },
        {
          "X": -1250.43054,
          "Y": 1530.49646,
          "Z": 88.66285,
          "Type": "None",
          "Action": ""
        },
        {
          "X": -1243.3606,
          "Y": 1535.717,
          "Z": 89.9611053,
          "Type": "None",
          "Action": ""
        },
        {
          "X": -1236.01013,
          "Y": 1540.30127,
          "Z": 90.24318,
          "Type": "None",
          "Action": ""
        },
        {
          "X": -1237.364,
          "Y": 1549.08447,
          "Z": 90.49878,
          "Type": "None",
          "Action": ""
        },
        {
          "X": -1239.045,
          "Y": 1556.89685,
          "Z": 91.0292358,
          "Type": "None",
          "Action": ""
        },
        {
          "X": -1240.83008,
          "Y": 1565.60327,
          "Z": 91.1088943,
          "Type": "None",
          "Action": ""
        },
        {
          "X": -1243.3186,
          "Y": 1573.859,
          "Z": 91.2574158,
          "Type": "None",
          "Action": ""
        },
        {
          "X": -1247.84509,
          "Y": 1580.64648,
          "Z": 91.1811142,
          "Type": "None",
          "Action": ""
        },
        {
          "X": -1253.56689,
          "Y": 1586.245,
          "Z": 91.3557053,
          "Type": "None",
          "Action": ""
        },
        {
          "X": -1260.588,
          "Y": 1591.76929,
          "Z": 91.99623,
          "Type": "None",
          "Action": ""
        },
        {
          "X": -1267.812,
          "Y": 1596.98413,
          "Z": 91.75323,
          "Type": "None",
          "Action": ""
        },
        {
          "X": -1274.33167,
          "Y": 1601.68188,
          "Z": 91.77305,
          "Type": "None",
          "Action": ""
        },
        {
          "X": -1279.86035,
          "Y": 1608.49915,
          "Z": 91.7799,
          "Type": "None",
          "Action": ""
        },
        {
          "X": -1277.11377,
          "Y": 1616.85535,
          "Z": 91.76186,
          "Type": "None",
          "Action": ""
        },
        {
          "X": -1276.32544,
          "Y": 1625.45471,
          "Z": 91.70821,
          "Type": "None",
          "Action": ""
        },
        {
          "X": -1273.72058,
          "Y": 1634.01355,
          "Z": 91.68198,
          "Type": "None",
          "Action": ""
        },
        {
          "X": -1269.77478,
          "Y": 1641.93774,
          "Z": 91.6120453,
          "Type": "None",
          "Action": ""
        },
        {
          "X": -1261.76636,
          "Y": 1647.06409,
          "Z": 92.8686447,
          "Type": "None",
          "Action": ""
        },
        {
          "X": -1254.17224,
          "Y": 1650.912,
          "Z": 93.13098,
          "Type": "None",
          "Action": ""
        },
        {
          "X": -1246.59314,
          "Y": 1654.75232,
          "Z": 92.93476,
          "Type": "None",
          "Action": ""
        },
        {
          "X": -1239.00281,
          "Y": 1658.455,
          "Z": 92.4984055,
          "Type": "None",
          "Action": ""
        },
        {
          "X": -1231.484,
          "Y": 1662.11682,
          "Z": 92.46867,
          "Type": "None",
          "Action": ""
        },
        {
          "X": -1223.87354,
          "Y": 1665.86108,
          "Z": 92.63974,
          "Type": "None",
          "Action": ""
        },
        {
          "X": -1216.25867,
          "Y": 1669.63013,
          "Z": 93.16255,
          "Type": "None",
          "Action": ""
        },
        {
          "X": -1208.6217,
          "Y": 1673.35327,
          "Z": 93.13457,
          "Type": "None",
          "Action": ""
        },
        {
          "X": -1201.05286,
          "Y": 1676.93042,
          "Z": 92.16748,
          "Type": "None",
          "Action": ""
        },
        {
          "X": -1193.37854,
          "Y": 1680.5575,
          "Z": 91.6735458,
          "Type": "None",
          "Action": ""
        },
        {
          "X": -1185.69666,
          "Y": 1684.18811,
          "Z": 91.09546,
          "Type": "None",
          "Action": ""
        },
        {
          "X": -1178.054,
          "Y": 1687.80029,
          "Z": 91.21711,
          "Type": "None",
          "Action": ""
        },
        {
          "X": -1170.39465,
          "Y": 1691.42017,
          "Z": 91.66344,
          "Type": "None",
          "Action": ""
        },
        {
          "X": -1162.79553,
          "Y": 1695.01184,
          "Z": 91.53646,
          "Type": "None",
          "Action": ""
        },
        {
          "X": -1155.11633,
          "Y": 1698.64111,
          "Z": 91.13961,
          "Type": "None",
          "Action": ""
        },
        {
          "X": -1146.987,
          "Y": 1702.48328,
          "Z": 90.71093,
          "Type": "None",
          "Action": ""
        },
        {
          "X": -1138.90649,
          "Y": 1706.30225,
          "Z": 90.2863541,
          "Type": "None",
          "Action": ""
        },
        {
          "X": -1131.67651,
          "Y": 1709.71936,
          "Z": 89.90394,
          "Type": "None",
          "Action": ""
        },
        {
          "X": -1124.41113,
          "Y": 1713.1532,
          "Z": 89.5205841,
          "Type": "None",
          "Action": ""
        },
        {
          "X": -1116.34827,
          "Y": 1716.96387,
          "Z": 89.58342,
          "Type": "None",
          "Action": ""
        },
        {
          "X": -1108.273,
          "Y": 1720.7594,
          "Z": 89.79517,
          "Type": "None",
          "Action": ""
        }
      ],
      "Name": "Boss - Omor the Unscarred",
      "Order": 1,
      "CompleteCondition": {
        "HasCompleteCondition": true,
        "ConditionType": 4,
        "GameObjectId": 0,
        "InitialFlags": 0,
        "ItemId": 0,
        "CSharpCondition": null,
        "DeadMobId": 17308,
        "MobPositionId": 0,
        "MobId": 0,
        "MobPositionVector": null,
        "LOSPositionVector": null,
        "WaitTime": 0
      }
    },
    {
      "$type": "WholesomeDungeonCrawler.Models.MoveAlongPathModel, WholesomeDungeonCrawler",
      "Path": [
        {
          "X": -1107.18945,
          "Y": 1717.368,
          "Z": 89.88216,
          "Type": "None",
          "Action": ""
        },
        {
          "X": -1115.26611,
          "Y": 1713.63416,
          "Z": 89.72159,
          "Type": "None",
          "Action": ""
        },
        {
          "X": -1122.79907,
          "Y": 1710.67114,
          "Z": 89.57522,
          "Type": "None",
          "Action": ""
        },
        {
          "X": -1131.08459,
          "Y": 1707.41223,
          "Z": 89.9581757,
          "Type": "None",
          "Action": ""
        },
        {
          "X": -1139.443,
          "Y": 1704.12463,
          "Z": 90.37815,
          "Type": "None",
          "Action": ""
        },
        {
          "X": -1147.87769,
          "Y": 1701.01025,
          "Z": 90.79285,
          "Type": "None",
          "Action": ""
        },
        {
          "X": -1156.21118,
          "Y": 1697.78308,
          "Z": 91.20779,
          "Type": "None",
          "Action": ""
        },
        {
          "X": -1164.39856,
          "Y": 1694.05884,
          "Z": 91.6008148,
          "Type": "None",
          "Action": ""
        },
        {
          "X": -1172.53394,
          "Y": 1690.44165,
          "Z": 91.56352,
          "Type": "None",
          "Action": ""
        },
        {
          "X": -1180.70715,
          "Y": 1686.77808,
          "Z": 91.0167542,
          "Type": "None",
          "Action": ""
        },
        {
          "X": -1187.92969,
          "Y": 1683.34619,
          "Z": 91.32375,
          "Type": "None",
          "Action": ""
        },
        {
          "X": -1196.05334,
          "Y": 1679.58459,
          "Z": 91.81515,
          "Type": "None",
          "Action": ""
        },
        {
          "X": -1204.15857,
          "Y": 1675.83154,
          "Z": 92.82457,
          "Type": "None",
          "Action": ""
        },
        {
          "X": -1212.35242,
          "Y": 1672.19055,
          "Z": 93.17397,
          "Type": "None",
          "Action": ""
        },
        {
          "X": -1219.65344,
          "Y": 1668.82153,
          "Z": 92.91949,
          "Type": "None",
          "Action": ""
        },
        {
          "X": -1227.86121,
          "Y": 1665.20007,
          "Z": 92.4703445,
          "Type": "None",
          "Action": ""
        },
        {
          "X": -1236.029,
          "Y": 1661.52979,
          "Z": 92.4551544,
          "Type": "None",
          "Action": ""
        },
        {
          "X": -1243.84387,
          "Y": 1657.24133,
          "Z": 92.71675,
          "Type": "None",
          "Action": ""
        },
        {
          "X": -1251.38855,
          "Y": 1653.301,
          "Z": 93.18315,
          "Type": "None",
          "Action": ""
        },
        {
          "X": -1258.92139,
          "Y": 1648.83582,
          "Z": 93.25246,
          "Type": "None",
          "Action": ""
        },
        {
          "X": -1266.18188,
          "Y": 1644.4071,
          "Z": 92.03019,
          "Type": "None",
          "Action": ""
        },
        {
          "X": -1273.37659,
          "Y": 1639.63513,
          "Z": 91.65772,
          "Type": "None",
          "Action": ""
        },
        {
          "X": -1280.254,
          "Y": 1635.51782,
          "Z": 91.70443,
          "Type": "None",
          "Action": ""
        },
        {
          "X": -1288.41565,
          "Y": 1631.91028,
          "Z": 91.74677,
          "Type": "None",
          "Action": ""
        },
        {
          "X": -1297.17322,
          "Y": 1630.38416,
          "Z": 91.7476044,
          "Type": "None",
          "Action": ""
        },
        {
          "X": -1304.70642,
          "Y": 1633.70618,
          "Z": 91.74856,
          "Type": "None",
          "Action": ""
        },
        {
          "X": -1310.79407,
          "Y": 1639.79919,
          "Z": 91.74562,
          "Type": "None",
          "Action": ""
        },
        {
          "X": -1314.97229,
          "Y": 1651.57471,
          "Z": 91.6633148,
          "Type": "None",
          "Action": ""
        },
        {
          "X": -1319.19531,
          "Y": 1658.93774,
          "Z": 92.3037338,
          "Type": "None",
          "Action": ""
        },
        {
          "X": -1323.96814,
          "Y": 1666.01062,
          "Z": 93.15974,
          "Type": "None",
          "Action": ""
        },
        {
          "X": -1329.37756,
          "Y": 1672.62561,
          "Z": 92.89682,
          "Type": "None",
          "Action": ""
        },
        {
          "X": -1335.3562,
          "Y": 1678.721,
          "Z": 91.6779251,
          "Type": "None",
          "Action": ""
        },
        {
          "X": -1341.61,
          "Y": 1684.49451,
          "Z": 90.49035,
          "Type": "None",
          "Action": ""
        },
        {
          "X": -1347.9115,
          "Y": 1690.2998,
          "Z": 88.69688,
          "Type": "None",
          "Action": ""
        },
        {
          "X": -1354.285,
          "Y": 1696.17151,
          "Z": 86.56454,
          "Type": "None",
          "Action": ""
        },
        {
          "X": -1360.62646,
          "Y": 1701.90186,
          "Z": 84.5344543,
          "Type": "None",
          "Action": ""
        },
        {
          "X": -1366.96472,
          "Y": 1707.60449,
          "Z": 83.3171,
          "Type": "None",
          "Action": ""
        },
        {
          "X": -1373.32886,
          "Y": 1713.33044,
          "Z": 82.85485,
          "Type": "None",
          "Action": ""
        },
        {
          "X": -1379.62756,
          "Y": 1719.93958,
          "Z": 82.7118149,
          "Type": "None",
          "Action": ""
        },
        {
          "X": -1386.15894,
          "Y": 1725.44153,
          "Z": 82.31935,
          "Type": "None",
          "Action": ""
        },
        {
          "X": -1392.42188,
          "Y": 1730.73,
          "Z": 81.94281,
          "Type": "None",
          "Action": ""
        },
        {
          "X": -1399.09717,
          "Y": 1736.50342,
          "Z": 81.53835,
          "Type": "None",
          "Action": ""
        },
        {
          "X": -1405.05237,
          "Y": 1741.85608,
          "Z": 81.21819,
          "Type": "None",
          "Action": ""
        }
      ],
      "Name": "Boss - Nazan",
      "Order": 2,
      "CompleteCondition": {
        "HasCompleteCondition": true,
        "ConditionType": 4,
        "GameObjectId": 0,
        "InitialFlags": 0,
        "ItemId": 0,
        "CSharpCondition": null,
        "DeadMobId": 17536,
        "MobPositionId": 0,
        "MobId": 0,
        "MobPositionVector": null,
        "LOSPositionVector": null,
        "WaitTime": 0
      }
    }
  ],
  "MapId": 543,
  "Name": "Hellfire Ramparts_Ally",
  "Faction": 2,
  "DeathRunPath": [
    {
      "X": -803.0117,
      "Y": 2702.592,
      "Z": 106.758232,
      "Type": "None",
      "Action": ""
    },
    {
      "X": -806.783569,
      "Y": 2693.91772,
      "Z": 105.053558,
      "Type": "None",
      "Action": ""
    },
    {
      "X": -805.4081,
      "Y": 2685.75879,
      "Z": 104.0468,
      "Type": "None",
      "Action": ""
    },
    {
      "X": -796.7888,
      "Y": 2685.85327,
      "Z": 104.102478,
      "Type": "None",
      "Action": ""
    },
    {
      "X": -788.1743,
      "Y": 2686.15479,
      "Z": 103.369377,
      "Type": "None",
      "Action": ""
    },
    {
      "X": -779.7822,
      "Y": 2685.87427,
      "Z": 103.074539,
      "Type": "None",
      "Action": ""
    },
    {
      "X": -771.2645,
      "Y": 2684.97314,
      "Z": 102.622604,
      "Type": "None",
      "Action": ""
    },
    {
      "X": -762.910645,
      "Y": 2683.62231,
      "Z": 101.894043,
      "Type": "None",
      "Action": ""
    },
    {
      "X": -755.3914,
      "Y": 2679.76587,
      "Z": 100.653046,
      "Type": "None",
      "Action": ""
    },
    {
      "X": -748.602051,
      "Y": 2674.731,
      "Z": 98.93528,
      "Type": "None",
      "Action": ""
    },
    {
      "X": -741.7199,
      "Y": 2669.62744,
      "Z": 97.12589,
      "Type": "None",
      "Action": ""
    },
    {
      "X": -734.7534,
      "Y": 2664.46118,
      "Z": 95.8125153,
      "Type": "None",
      "Action": ""
    },
    {
      "X": -728.0399,
      "Y": 2659.48267,
      "Z": 94.27416,
      "Type": "None",
      "Action": ""
    },
    {
      "X": -721.204468,
      "Y": 2654.148,
      "Z": 93.626236,
      "Type": "None",
      "Action": ""
    },
    {
      "X": -714.613159,
      "Y": 2648.674,
      "Z": 92.7796249,
      "Type": "None",
      "Action": ""
    },
    {
      "X": -708.134949,
      "Y": 2643.294,
      "Z": 92.198204,
      "Type": "None",
      "Action": ""
    },
    {
      "X": -701.5113,
      "Y": 2637.793,
      "Z": 91.21823,
      "Type": "None",
      "Action": ""
    },
    {
      "X": -695.0331,
      "Y": 2632.41284,
      "Z": 89.91677,
      "Type": "None",
      "Action": ""
    },
    {
      "X": -688.4579,
      "Y": 2626.95215,
      "Z": 89.7587357,
      "Type": "None",
      "Action": ""
    },
    {
      "X": -681.7858,
      "Y": 2621.41113,
      "Z": 88.09636,
      "Type": "None",
      "Action": ""
    },
    {
      "X": -675.1299,
      "Y": 2615.8833,
      "Z": 86.8001556,
      "Type": "None",
      "Action": ""
    },
    {
      "X": -668.6355,
      "Y": 2610.48975,
      "Z": 85.7877655,
      "Type": "None",
      "Action": ""
    },
    {
      "X": -662.0603,
      "Y": 2605.0293,
      "Z": 84.9923859,
      "Type": "None",
      "Action": ""
    },
    {
      "X": -655.533569,
      "Y": 2599.609,
      "Z": 84.08008,
      "Type": "None",
      "Action": ""
    },
    {
      "X": -648.9504,
      "Y": 2594.1416,
      "Z": 83.39198,
      "Type": "None",
      "Action": ""
    },
    {
      "X": -642.358765,
      "Y": 2588.53174,
      "Z": 82.8961639,
      "Type": "None",
      "Action": ""
    },
    {
      "X": -637.962341,
      "Y": 2581.40674,
      "Z": 81.82816,
      "Type": "None",
      "Action": ""
    },
    {
      "X": -631.5193,
      "Y": 2575.682,
      "Z": 80.9365,
      "Type": "None",
      "Action": ""
    },
    {
      "X": -623.5147,
      "Y": 2572.79053,
      "Z": 81.2348557,
      "Type": "None",
      "Action": ""
    },
    {
      "X": -615.8785,
      "Y": 2569.12451,
      "Z": 80.45876,
      "Type": "None",
      "Action": ""
    },
    {
      "X": -608.2568,
      "Y": 2565.23315,
      "Z": 78.71981,
      "Type": "None",
      "Action": ""
    },
    {
      "X": -600.288,
      "Y": 2562.72754,
      "Z": 77.10646,
      "Type": "None",
      "Action": ""
    },
    {
      "X": -592.3601,
      "Y": 2559.47559,
      "Z": 74.9194946,
      "Type": "None",
      "Action": ""
    },
    {
      "X": -584.995239,
      "Y": 2555.15967,
      "Z": 72.3775253,
      "Type": "None",
      "Action": ""
    },
    {
      "X": -577.5802,
      "Y": 2551.17383,
      "Z": 69.3438644,
      "Type": "None",
      "Action": ""
    },
    {
      "X": -569.7399,
      "Y": 2547.565,
      "Z": 69.39876,
      "Type": "None",
      "Action": ""
    },
    {
      "X": -561.8178,
      "Y": 2544.40063,
      "Z": 69.46618,
      "Type": "None",
      "Action": ""
    },
    {
      "X": -553.5449,
      "Y": 2542.80347,
      "Z": 68.6142349,
      "Type": "None",
      "Action": ""
    },
    {
      "X": -544.9241,
      "Y": 2542.88062,
      "Z": 67.4673538,
      "Type": "None",
      "Action": ""
    },
    {
      "X": -536.6507,
      "Y": 2544.25244,
      "Z": 66.11892,
      "Type": "None",
      "Action": ""
    },
    {
      "X": -528.3278,
      "Y": 2546.4375,
      "Z": 64.82826,
      "Type": "None",
      "Action": ""
    },
    {
      "X": -521.1896,
      "Y": 2551.147,
      "Z": 64.38622,
      "Type": "None",
      "Action": ""
    },
    {
      "X": -515.198242,
      "Y": 2557.076,
      "Z": 64.27017,
      "Type": "None",
      "Action": ""
    },
    {
      "X": -509.4553,
      "Y": 2563.44751,
      "Z": 64.13647,
      "Type": "None",
      "Action": ""
    },
    {
      "X": -503.845856,
      "Y": 2569.80566,
      "Z": 64.14834,
      "Type": "None",
      "Action": ""
    },
    {
      "X": -498.246979,
      "Y": 2576.15161,
      "Z": 64.33248,
      "Type": "None",
      "Action": ""
    },
    {
      "X": -492.516052,
      "Y": 2582.64746,
      "Z": 64.4926758,
      "Type": "None",
      "Action": ""
    },
    {
      "X": -486.868439,
      "Y": 2589.04883,
      "Z": 64.45126,
      "Type": "None",
      "Action": ""
    },
    {
      "X": -481.2695,
      "Y": 2595.39478,
      "Z": 64.23293,
      "Type": "None",
      "Action": ""
    },
    {
      "X": -475.601685,
      "Y": 2601.83423,
      "Z": 63.8654,
      "Type": "None",
      "Action": ""
    },
    {
      "X": -470.088776,
      "Y": 2608.22778,
      "Z": 63.4471169,
      "Type": "None",
      "Action": ""
    },
    {
      "X": -464.455322,
      "Y": 2614.7666,
      "Z": 62.90234,
      "Type": "None",
      "Action": ""
    },
    {
      "X": -458.8561,
      "Y": 2621.26587,
      "Z": 62.2162628,
      "Type": "None",
      "Action": ""
    },
    {
      "X": -453.32547,
      "Y": 2627.68555,
      "Z": 61.1847,
      "Type": "None",
      "Action": ""
    },
    {
      "X": -447.7674,
      "Y": 2634.137,
      "Z": 59.8581352,
      "Type": "None",
      "Action": ""
    },
    {
      "X": -442.647369,
      "Y": 2641.02881,
      "Z": 58.4225159,
      "Type": "None",
      "Action": ""
    },
    {
      "X": -439.0712,
      "Y": 2648.61548,
      "Z": 57.20685,
      "Type": "None",
      "Action": ""
    },
    {
      "X": -435.5657,
      "Y": 2656.537,
      "Z": 55.91111,
      "Type": "None",
      "Action": ""
    },
    {
      "X": -432.4219,
      "Y": 2664.31177,
      "Z": 54.5753174,
      "Type": "None",
      "Action": ""
    },
    {
      "X": -429.85556,
      "Y": 2672.53125,
      "Z": 53.1605,
      "Type": "None",
      "Action": ""
    },
    {
      "X": -428.097351,
      "Y": 2680.8418,
      "Z": 51.7163734,
      "Type": "None",
      "Action": ""
    },
    {
      "X": -426.323,
      "Y": 2689.24536,
      "Z": 50.112648,
      "Type": "None",
      "Action": ""
    },
    {
      "X": -425.769958,
      "Y": 2697.75366,
      "Z": 48.73064,
      "Type": "None",
      "Action": ""
    },
    {
      "X": -426.3892,
      "Y": 2706.15186,
      "Z": 47.67289,
      "Type": "None",
      "Action": ""
    },
    {
      "X": -428.352417,
      "Y": 2714.45581,
      "Z": 47.0368652,
      "Type": "None",
      "Action": ""
    },
    {
      "X": -430.692719,
      "Y": 2722.73022,
      "Z": 46.5229836,
      "Type": "None",
      "Action": ""
    },
    {
      "X": -433.653442,
      "Y": 2730.67114,
      "Z": 46.1928177,
      "Type": "None",
      "Action": ""
    },
    {
      "X": -437.499023,
      "Y": 2738.396,
      "Z": 46.0082321,
      "Type": "None",
      "Action": ""
    },
    {
      "X": -443.735138,
      "Y": 2743.91064,
      "Z": 46.7103424,
      "Type": "None",
      "Action": ""
    },
    {
      "X": -451.7978,
      "Y": 2747.07959,
      "Z": 48.2419624,
      "Type": "None",
      "Action": ""
    },
    {
      "X": -459.98053,
      "Y": 2749.80542,
      "Z": 49.8293,
      "Type": "None",
      "Action": ""
    },
    {
      "X": -468.1578,
      "Y": 2752.3623,
      "Z": 51.8724365,
      "Type": "None",
      "Action": ""
    },
    {
      "X": -476.243164,
      "Y": 2754.72241,
      "Z": 53.1681366,
      "Type": "None",
      "Action": ""
    },
    {
      "X": -484.3937,
      "Y": 2757.46387,
      "Z": 54.6790962,
      "Type": "None",
      "Action": ""
    },
    {
      "X": -491.4832,
      "Y": 2762.07031,
      "Z": 55.5557861,
      "Type": "None",
      "Action": ""
    },
    {
      "X": -493.37088,
      "Y": 2770.16626,
      "Z": 55.2037659,
      "Type": "None",
      "Action": ""
    },
    {
      "X": -492.243958,
      "Y": 2778.678,
      "Z": 53.6174965,
      "Type": "None",
      "Action": ""
    },
    {
      "X": -490.860535,
      "Y": 2786.963,
      "Z": 51.9450951,
      "Type": "None",
      "Action": ""
    },
    {
      "X": -489.410522,
      "Y": 2795.45,
      "Z": 50.14883,
      "Type": "None",
      "Action": ""
    },
    {
      "X": -487.96048,
      "Y": 2803.937,
      "Z": 48.3165665,
      "Type": "None",
      "Action": ""
    },
    {
      "X": -486.609467,
      "Y": 2811.84448,
      "Z": 46.6046,
      "Type": "None",
      "Action": ""
    },
    {
      "X": -484.147064,
      "Y": 2820.0603,
      "Z": 44.5586929,
      "Type": "None",
      "Action": ""
    },
    {
      "X": -481.80127,
      "Y": 2828.36646,
      "Z": 42.56232,
      "Type": "None",
      "Action": ""
    },
    {
      "X": -481.000244,
      "Y": 2836.871,
      "Z": 40.9897041,
      "Type": "None",
      "Action": ""
    },
    {
      "X": -481.577942,
      "Y": 2845.30273,
      "Z": 39.8073959,
      "Type": "None",
      "Action": ""
    },
    {
      "X": -482.379242,
      "Y": 2853.812,
      "Z": 38.6660538,
      "Type": "None",
      "Action": ""
    },
    {
      "X": -484.3084,
      "Y": 2862.15161,
      "Z": 37.7864075,
      "Type": "None",
      "Action": ""
    },
    {
      "X": -486.9246,
      "Y": 2870.12085,
      "Z": 37.032074,
      "Type": "None",
      "Action": ""
    },
    {
      "X": -489.3475,
      "Y": 2878.39136,
      "Z": 36.0886879,
      "Type": "None",
      "Action": ""
    },
    {
      "X": -491.830017,
      "Y": 2886.471,
      "Z": 35.07643,
      "Type": "None",
      "Action": ""
    },
    {
      "X": -494.358765,
      "Y": 2894.70142,
      "Z": 33.9406433,
      "Type": "None",
      "Action": ""
    },
    {
      "X": -496.865936,
      "Y": 2902.86133,
      "Z": 32.73719,
      "Type": "None",
      "Action": ""
    },
    {
      "X": -499.354584,
      "Y": 2910.96118,
      "Z": 31.4858456,
      "Type": "None",
      "Action": ""
    },
    {
      "X": -501.880249,
      "Y": 2919.1814,
      "Z": 30.1569252,
      "Type": "None",
      "Action": ""
    },
    {
      "X": -504.396667,
      "Y": 2927.37158,
      "Z": 28.6512928,
      "Type": "None",
      "Action": ""
    },
    {
      "X": -502.675751,
      "Y": 2935.32666,
      "Z": 26.3553772,
      "Type": "None",
      "Action": ""
    },
    {
      "X": -502.146881,
      "Y": 2943.88867,
      "Z": 23.5667725,
      "Type": "None",
      "Action": ""
    },
    {
      "X": -501.611816,
      "Y": 2952.34521,
      "Z": 20.5276871,
      "Type": "None",
      "Action": ""
    },
    {
      "X": -501.069366,
      "Y": 2960.88574,
      "Z": 17.6514816,
      "Type": "None",
      "Action": ""
    },
    {
      "X": -500.2785,
      "Y": 2969.459,
      "Z": 15.1799984,
      "Type": "None",
      "Action": ""
    },
    {
      "X": -499.485016,
      "Y": 2977.82129,
      "Z": 12.7606,
      "Type": "None",
      "Action": ""
    },
    {
      "X": -498.666718,
      "Y": 2986.445,
      "Z": 8.963066,
      "Type": "None",
      "Action": ""
    },
    {
      "X": -495.4368,
      "Y": 2993.63,
      "Z": 5.616597,
      "Type": "None",
      "Action": ""
    },
    {
      "X": -488.356,
      "Y": 2998.577,
      "Z": 2.609033,
      "Type": "None",
      "Action": ""
    },
    {
      "X": -480.908356,
      "Y": 3002.535,
      "Z": 0.121384472,
      "Type": "None",
      "Action": ""
    },
    {
      "X": -472.8546,
      "Y": 3005.48462,
      "Z": -2.6444447,
      "Type": "None",
      "Action": ""
    },
    {
      "X": -464.542572,
      "Y": 3007.59473,
      "Z": -5.865772,
      "Type": "None",
      "Action": ""
    },
    {
      "X": -456.250977,
      "Y": 3009.39087,
      "Z": -9.364191,
      "Type": "None",
      "Action": ""
    },
    {
      "X": -447.947174,
      "Y": 3011.457,
      "Z": -12.5671291,
      "Type": "None",
      "Action": ""
    },
    {
      "X": -439.769653,
      "Y": 3013.55347,
      "Z": -15.0444508,
      "Type": "None",
      "Action": ""
    },
    {
      "X": -431.465454,
      "Y": 3015.663,
      "Z": -17.3334541,
      "Type": "None",
      "Action": ""
    },
    {
      "X": -423.177948,
      "Y": 3017.75317,
      "Z": -17.079258,
      "Type": "None",
      "Action": ""
    },
    {
      "X": -414.92,
      "Y": 3019.744,
      "Z": -16.3038769,
      "Type": "None",
      "Action": ""
    },
    {
      "X": -406.621155,
      "Y": 3021.699,
      "Z": -16.14802,
      "Type": "None",
      "Action": ""
    },
    {
      "X": -398.195618,
      "Y": 3023.754,
      "Z": -16.14802,
      "Type": "None",
      "Action": ""
    },
    {
      "X": -390.065277,
      "Y": 3025.90649,
      "Z": -16.14802,
      "Type": "None",
      "Action": ""
    },
    {
      "X": -381.755737,
      "Y": 3027.994,
      "Z": -16.3505611,
      "Type": "None",
      "Action": ""
    },
    {
      "X": -373.551117,
      "Y": 3029.99487,
      "Z": -16.33689,
      "Type": "None",
      "Action": ""
    },
    {
      "X": -365.2646,
      "Y": 3032.045,
      "Z": -15.5030079,
      "Type": "None",
      "Action": ""
    },
    {
      "X": -356.8651,
      "Y": 3034.027,
      "Z": -13.8104944,
      "Type": "None",
      "Action": ""
    },
    {
      "X": -348.666748,
      "Y": 3035.85669,
      "Z": -14.8520012,
      "Type": "None",
      "Action": ""
    },
    {
      "X": -340.390533,
      "Y": 3038.20874,
      "Z": -16.5490227,
      "Type": "None",
      "Action": ""
    },
    {
      "X": -332.956116,
      "Y": 3042.20459,
      "Z": -16.6231747,
      "Type": "None",
      "Action": ""
    },
    {
      "X": -338.122,
      "Y": 3050.68945,
      "Z": -16.58098,
      "Type": "None",
      "Action": ""
    },
    {
      "X": -344.386536,
      "Y": 3056.58081,
      "Z": -15.8434954,
      "Type": "None",
      "Action": ""
    },
    {
      "X": -350.423584,
      "Y": 3062.55322,
      "Z": -15.1831312,
      "Type": "None",
      "Action": ""
    },
    {
      "X": -356.020935,
      "Y": 3069.14917,
      "Z": -15.077549,
      "Type": "None",
      "Action": ""
    },
    {
      "X": -363.87558,
      "Y": 3080.19043,
      "Z": -14.8201361,
      "Type": "None",
      "Action": ""
    },
    {
      "X": -373.87558,
      "Y": 3090.19043,
      "Z": -15.8201361,
      "Type": "None",
      "Action": ""
    }
  ],
  "OffMeshConnections": []
}