{
  "StepModels": [
    {
      "$type": "WholesomeDungeonCrawler.Models.MoveAlongPathModel, WholesomeDungeonCrawler",
      "Path": [
        {
          "X": 457.40683,
          "Y": 25.2282524,
          "Z": -70.72096,
          "Type": "None",
          "Action": ""
        },
        {
          "X": 460.063263,
          "Y": 17.61723,
          "Z": -71.02879,
          "Type": "None",
          "Action": ""
        },
        {
          "X": 463.005676,
          "Y": 10.010643,
          "Z": -71.0582657,
          "Type": "None",
          "Action": ""
        },
        {
          "X": 466.036072,
          "Y": 2.12385654,
          "Z": -70.6706543,
          "Type": "None",
          "Action": ""
        },
        {
          "X": 469.09317,
          "Y": -5.82405758,
          "Z": -70.10731,
          "Type": "None",
          "Action": ""
        },
        {
          "X": 472.194458,
          "Y": -13.781044,
          "Z": -69.49411,
          "Type": "None",
          "Action": ""
        },
        {
          "X": 475.1701,
          "Y": -22.0064754,
          "Z": -68.15132,
          "Type": "None",
          "Action": ""
        },
        {
          "X": 478.44632,
          "Y": -29.8735847,
          "Z": -66.2558441,
          "Type": "None",
          "Action": ""
        },
        {
          "X": 482.466553,
          "Y": -37.4134521,
          "Z": -64.88198,
          "Type": "None",
          "Action": ""
        },
        {
          "X": 487.314758,
          "Y": -44.427372,
          "Z": -64.17089,
          "Type": "None",
          "Action": ""
        },
        {
          "X": 493.2333,
          "Y": -50.5185547,
          "Z": -62.7925873,
          "Type": "None",
          "Action": ""
        },
        {
          "X": 499.063965,
          "Y": -57.0354958,
          "Z": -62.78083,
          "Type": "None",
          "Action": ""
        },
        {
          "X": 506.297272,
          "Y": -61.52808,
          "Z": -63.3983078,
          "Type": "None",
          "Action": ""
        },
        {
          "X": 513.1024,
          "Y": -66.6903839,
          "Z": -62.29423,
          "Type": "None",
          "Action": ""
        },
        {
          "X": 518.3382,
          "Y": -73.26966,
          "Z": -61.9836464,
          "Type": "None",
          "Action": ""
        },
        {
          "X": 519.2248,
          "Y": -81.63011,
          "Z": -62.4474525,
          "Type": "None",
          "Action": ""
        },
        {
          "X": 523.3892,
          "Y": -89.20781,
          "Z": -63.1716537,
          "Type": "None",
          "Action": ""
        },
        {
          "X": 528.8318,
          "Y": -95.79658,
          "Z": -63.25878,
          "Type": "None",
          "Action": ""
        },
        {
          "X": 534.4151,
          "Y": -102.285545,
          "Z": -62.6251373,
          "Type": "None",
          "Action": ""
        },
        {
          "X": 540.053955,
          "Y": -108.699165,
          "Z": -61.86615,
          "Type": "None",
          "Action": ""
        },
        {
          "X": 545.9894,
          "Y": -114.7641,
          "Z": -63.0528755,
          "Type": "None",
          "Action": ""
        },
        {
          "X": 553.806946,
          "Y": -117.824486,
          "Z": -62.3367271,
          "Type": "None",
          "Action": ""
        },
        {
          "X": 561.5671,
          "Y": -121.4517,
          "Z": -62.34568,
          "Type": "None",
          "Action": ""
        },
        {
          "X": 569.237244,
          "Y": -125.12635,
          "Z": -64.0673,
          "Type": "None",
          "Action": ""
        },
        {
          "X": 576.9676,
          "Y": -128.788727,
          "Z": -66.34589,
          "Type": "None",
          "Action": ""
        },
        {
          "X": 584.6564,
          "Y": -132.456909,
          "Z": -68.13859,
          "Type": "None",
          "Action": ""
        },
        {
          "X": 592.8254,
          "Y": -132.699142,
          "Z": -69.2197952,
          "Type": "None",
          "Action": ""
        },
        {
          "X": 600.962158,
          "Y": -130.529922,
          "Z": -69.6172256,
          "Type": "None",
          "Action": ""
        },
        {
          "X": 609.2502,
          "Y": -128.358643,
          "Z": -70.751915,
          "Type": "None",
          "Action": ""
        },
        {
          "X": 617.5211,
          "Y": -126.35009,
          "Z": -72.10676,
          "Type": "None",
          "Action": ""
        },
        {
          "X": 623.478638,
          "Y": -132.019714,
          "Z": -72.3721,
          "Type": "None",
          "Action": ""
        },
        {
          "X": 626.947144,
          "Y": -139.785156,
          "Z": -71.86569,
          "Type": "None",
          "Action": ""
        },
        {
          "X": 630.4682,
          "Y": -147.756668,
          "Z": -71.25414,
          "Type": "None",
          "Action": ""
        },
        {
          "X": 637.5572,
          "Y": -152.5184,
          "Z": -70.42826,
          "Type": "None",
          "Action": ""
        },
        {
          "X": 646.016541,
          "Y": -153.689484,
          "Z": -70.76068,
          "Type": "None",
          "Action": ""
        },
        {
          "X": 654.499451,
          "Y": -154.843063,
          "Z": -72.39581,
          "Type": "None",
          "Action": ""
        },
        {
          "X": 659.9091,
          "Y": -161.959549,
          "Z": -73.7026,
          "Type": "None",
          "Action": ""
        },
        {
          "X": 660.16626,
          "Y": -170.45517,
          "Z": -74.14026,
          "Type": "None",
          "Action": ""
        },
        {
          "X": 655.9624,
          "Y": -177.6196,
          "Z": -74.2328339,
          "Type": "None",
          "Action": ""
        },
        {
          "X": 651.631531,
          "Y": -184.978134,
          "Z": -74.79699,
          "Type": "None",
          "Action": ""
        },
        {
          "X": 658.2247,
          "Y": -190.475891,
          "Z": -75.77058,
          "Type": "None",
          "Action": ""
        },
        {
          "X": 665.924133,
          "Y": -194.132874,
          "Z": -77.7248,
          "Type": "None",
          "Action": ""
        },
        {
          "X": 663.8008,
          "Y": -202.488846,
          "Z": -78.42197,
          "Type": "None",
          "Action": ""
        },
        {
          "X": 660.687561,
          "Y": -210.411118,
          "Z": -78.76181,
          "Type": "None",
          "Action": ""
        },
        {
          "X": 657.4352,
          "Y": -218.358536,
          "Z": -81.0448151,
          "Type": "None",
          "Action": ""
        },
        {
          "X": 653.89856,
          "Y": -225.965347,
          "Z": -83.0332642,
          "Type": "None",
          "Action": ""
        },
        {
          "X": 648.1852,
          "Y": -233.204422,
          "Z": -83.68669,
          "Type": "None",
          "Action": ""
        },
        {
          "X": 642.8927,
          "Y": -239.895569,
          "Z": -83.75756,
          "Type": "None",
          "Action": ""
        },
        {
          "X": 637.3349,
          "Y": -245.804367,
          "Z": -83.63464,
          "Type": "None",
          "Action": ""
        },
        {
          "X": 634.3512,
          "Y": -253.8126,
          "Z": -83.6019058,
          "Type": "None",
          "Action": ""
        },
        {
          "X": 631.3513,
          "Y": -261.7852,
          "Z": -83.53259,
          "Type": "None",
          "Action": ""
        },
        {
          "X": 628.569458,
          "Y": -269.874176,
          "Z": -83.95336,
          "Type": "None",
          "Action": ""
        },
        {
          "X": 619.19635,
          "Y": -268.5875,
          "Z": -83.83443,
          "Type": "None",
          "Action": ""
        },
        {
          "X": 610.9311,
          "Y": -266.383881,
          "Z": -83.3863754,
          "Type": "None",
          "Action": ""
        },
        {
          "X": 602.7047,
          "Y": -270.313934,
          "Z": -83.3162,
          "Type": "None",
          "Action": ""
        },
        {
          "X": 596.947,
          "Y": -276.609283,
          "Z": -82.7492447,
          "Type": "None",
          "Action": ""
        },
        {
          "X": 591.279541,
          "Y": -282.969543,
          "Z": -82.55349,
          "Type": "None",
          "Action": ""
        },
        {
          "X": 583.488159,
          "Y": -278.1036,
          "Z": -81.4510651,
          "Type": "None",
          "Action": ""
        },
        {
          "X": 575.266235,
          "Y": -276.290131,
          "Z": -79.7108,
          "Type": "None",
          "Action": ""
        },
        {
          "X": 566.806152,
          "Y": -275.135956,
          "Z": -77.88739,
          "Type": "None",
          "Action": ""
        },
        {
          "X": 558.3362,
          "Y": -274.222839,
          "Z": -76.2331543,
          "Type": "None",
          "Action": ""
        },
        {
          "X": 555.1886,
          "Y": -266.153564,
          "Z": -73.66678,
          "Type": "None",
          "Action": ""
        },
        {
          "X": 553.800354,
          "Y": -257.728943,
          "Z": -71.7039948,
          "Type": "None",
          "Action": ""
        },
        {
          "X": 551.016663,
          "Y": -249.746933,
          "Z": -70.49699,
          "Type": "None",
          "Action": ""
        },
        {
          "X": 542.965332,
          "Y": -247.520233,
          "Z": -69.0874252,
          "Type": "None",
          "Action": ""
        },
        {
          "X": 534.743958,
          "Y": -245.218781,
          "Z": -67.11666,
          "Type": "None",
          "Action": ""
        },
        {
          "X": 526.702759,
          "Y": -242.343323,
          "Z": -66.1896057,
          "Type": "None",
          "Action": ""
        },
        {
          "X": 523.4747,
          "Y": -233.923721,
          "Z": -64.0805359,
          "Type": "None",
          "Action": ""
        },
        {
          "X": 521.56,
          "Y": -225.577713,
          "Z": -61.43084,
          "Type": "None",
          "Action": ""
        },
        {
          "X": 518.9745,
          "Y": -217.63588,
          "Z": -59.46979,
          "Type": "None",
          "Action": ""
        },
        {
          "X": 515.787,
          "Y": -209.744049,
          "Z": -58.7395172,
          "Type": "None",
          "Action": ""
        }
      ],
      "Name": "Boss - Lord Roccor",
      "Order": 0,
      "CompleteCondition": {
        "HasCompleteCondition": true,
        "ConditionType": 4,
        "GameObjectId": 0,
        "InitialFlags": 0,
        "ItemId": 0,
        "CSharpCondition": null,
        "DeadMobId": 9025,
        "MobPositionId": 0,
        "MobId": 0,
        "MobPositionVector": null,
        "LOSPositionVector": null,
        "WaitTime": 0
      }
    },
    {
      "$type": "WholesomeDungeonCrawler.Models.MoveAlongPathModel, WholesomeDungeonCrawler",
      "Path": [
        {
          "X": 515.807556,
          "Y": -208.6431,
          "Z": -58.80709,
          "Type": "None",
          "Action": ""
        },
        {
          "X": 525.016541,
          "Y": -207.310425,
          "Z": -58.3957176,
          "Type": "None",
          "Action": ""
        },
        {
          "X": 533.273865,
          "Y": -205.165955,
          "Z": -57.4542656,
          "Type": "None",
          "Action": ""
        },
        {
          "X": 541.5553,
          "Y": -203.03717,
          "Z": -55.93974,
          "Type": "None",
          "Action": ""
        },
        {
          "X": 549.8228,
          "Y": -200.925385,
          "Z": -53.87827,
          "Type": "None",
          "Action": ""
        },
        {
          "X": 558.007751,
          "Y": -198.801483,
          "Z": -52.5685463,
          "Type": "None",
          "Action": ""
        },
        {
          "X": 566.4027,
          "Y": -196.623077,
          "Z": -52.8904076,
          "Type": "None",
          "Action": ""
        },
        {
          "X": 574.6486,
          "Y": -194.483337,
          "Z": -53.32885,
          "Type": "None",
          "Action": ""
        },
        {
          "X": 582.928345,
          "Y": -192.334824,
          "Z": -53.7690277,
          "Type": "None",
          "Action": ""
        },
        {
          "X": 591.174255,
          "Y": -190.195084,
          "Z": -54.0793,
          "Type": "None",
          "Action": ""
        },
        {
          "X": 599.393066,
          "Y": -188.062378,
          "Z": -54.11816,
          "Type": "None",
          "Action": ""
        }
      ],
      "Name": "Boss - Arena",
      "Order": 1,
      "CompleteCondition": {
        "HasCompleteCondition": false,
        "ConditionType": 4,
        "GameObjectId": 0,
        "InitialFlags": 0,
        "ItemId": 0,
        "CSharpCondition": null,
        "DeadMobId": 9027,
        "MobPositionId": 0,
        "MobId": 0,
        "MobPositionVector": null,
        "LOSPositionVector": null,
        "WaitTime": 0
      }
    },
    {
      "$type": "WholesomeDungeonCrawler.Models.DefendSpotModel, WholesomeDungeonCrawler",
      "DefendPosition": {
        "X": 595.1755,
        "Y": -188.818115,
        "Z": -54.13563,
        "Type": "None",
        "Action": ""
      },
      "Timer": 300000,
      "Precision": 5.0,
      "Name": "Waiting for Boss and Hang around for a bit",
      "Order": 2,
      "CompleteCondition": {
        "HasCompleteCondition": false,
        "ConditionType": 6,
        "GameObjectId": 0,
        "InitialFlags": 0,
        "ItemId": 0,
        "CSharpCondition": null,
        "DeadMobId": 0,
        "MobPositionId": 0,
        "MobId": 0,
        "MobPositionVector": null,
        "LOSPositionVector": {
          "X": 560.3939,
          "Y": -198.880432,
          "Z": -52.5790634,
          "Type": "None",
          "Action": ""
        },
        "WaitTime": 0
      }
    },
    {
      "$type": "WholesomeDungeonCrawler.Models.MoveAlongPathModel, WholesomeDungeonCrawler",
      "Path": [
        {
          "X": 515.7513,
          "Y": -206.190262,
          "Z": -58.99052,
          "Type": "None",
          "Action": ""
        },
        {
          "X": 514.243164,
          "Y": -198.21936,
          "Z": -59.5764656,
          "Type": "None",
          "Action": ""
        },
        {
          "X": 512.6104,
          "Y": -189.951035,
          "Z": -58.95564,
          "Type": "None",
          "Action": ""
        },
        {
          "X": 510.9573,
          "Y": -181.5797,
          "Z": -59.6998825,
          "Type": "None",
          "Action": ""
        },
        {
          "X": 509.562347,
          "Y": -172.978073,
          "Z": -61.0832329,
          "Type": "None",
          "Action": ""
        },
        {
          "X": 508.160767,
          "Y": -164.525833,
          "Z": -62.2282524,
          "Type": "None",
          "Action": ""
        },
        {
          "X": 503.39505,
          "Y": -156.970627,
          "Z": -62.3465919,
          "Type": "None",
          "Action": ""
        },
        {
          "X": 496.387146,
          "Y": -152.104263,
          "Z": -61.7945442,
          "Type": "None",
          "Action": ""
        },
        {
          "X": 488.604675,
          "Y": -148.5939,
          "Z": -62.4887772,
          "Type": "None",
          "Action": ""
        },
        {
          "X": 480.3591,
          "Y": -146.833313,
          "Z": -62.1529427,
          "Type": "None",
          "Action": ""
        },
        {
          "X": 471.948578,
          "Y": -145.647644,
          "Z": -61.321106,
          "Type": "None",
          "Action": ""
        },
        {
          "X": 464.075653,
          "Y": -142.587692,
          "Z": -61.70986,
          "Type": "None",
          "Action": ""
        },
        {
          "X": 460.1788,
          "Y": -134.670059,
          "Z": -64.0216141,
          "Type": "None",
          "Action": ""
        },
        {
          "X": 463.103058,
          "Y": -126.698044,
          "Z": -62.3919334,
          "Type": "None",
          "Action": ""
        },
        {
          "X": 470.4921,
          "Y": -122.5218,
          "Z": -62.48372,
          "Type": "None",
          "Action": ""
        },
        {
          "X": 478.307953,
          "Y": -119.065536,
          "Z": -62.33014,
          "Type": "None",
          "Action": ""
        },
        {
          "X": 483.364227,
          "Y": -112.332092,
          "Z": -62.7948952,
          "Type": "None",
          "Action": ""
        },
        {
          "X": 479.531342,
          "Y": -104.737671,
          "Z": -63.1455727,
          "Type": "None",
          "Action": ""
        },
        {
          "X": 462.21106,
          "Y": -108.136284,
          "Z": -62.72568,
          "Type": "None",
          "Action": ""
        },
        {
          "X": 454.171021,
          "Y": -109.465088,
          "Z": -64.1171646,
          "Type": "None",
          "Action": ""
        },
        {
          "X": 445.995819,
          "Y": -111.8608,
          "Z": -64.94902,
          "Type": "None",
          "Action": ""
        },
        {
          "X": 437.727448,
          "Y": -114.116852,
          "Z": -65.05498,
          "Type": "None",
          "Action": ""
        },
        {
          "X": 430.024567,
          "Y": -116.241638,
          "Z": -65.44366,
          "Type": "None",
          "Action": ""
        },
        {
          "X": 421.73172,
          "Y": -118.18692,
          "Z": -65.85784,
          "Type": "None",
          "Action": ""
        },
        {
          "X": 413.387054,
          "Y": -120.07592,
          "Z": -65.78489,
          "Type": "None",
          "Action": ""
        },
        {
          "X": 405.1109,
          "Y": -122.1456,
          "Z": -65.3665848,
          "Type": "None",
          "Action": ""
        },
        {
          "X": 396.34552,
          "Y": -123.827438,
          "Z": -64.94992,
          "Type": "None",
          "Action": ""
        },
        {
          "X": 388.159058,
          "Y": -126.257858,
          "Z": -64.94992,
          "Type": "None",
          "Action": ""
        },
        {
          "X": 380.731659,
          "Y": -129.435135,
          "Z": -64.94992,
          "Type": "None",
          "Action": ""
        },
        {
          "X": 382.725952,
          "Y": -137.5963,
          "Z": -64.94992,
          "Type": "None",
          "Action": ""
        },
        {
          "X": 387.682526,
          "Y": -144.46315,
          "Z": -64.94992,
          "Type": "None",
          "Action": ""
        },
        {
          "X": 382.248657,
          "Y": -138.077423,
          "Z": -64.94992,
          "Type": "None",
          "Action": ""
        },
        {
          "X": 378.818268,
          "Y": -130.2673,
          "Z": -64.94992,
          "Type": "None",
          "Action": ""
        },
        {
          "X": 376.243256,
          "Y": -122.147942,
          "Z": -64.94992,
          "Type": "None",
          "Action": ""
        },
        {
          "X": 374.04538,
          "Y": -113.881149,
          "Z": -64.94992,
          "Type": "None",
          "Action": ""
        },
        {
          "X": 375.022461,
          "Y": -122.809334,
          "Z": -64.94992,
          "Type": "None",
          "Action": ""
        },
        {
          "X": 373.127319,
          "Y": -130.636414,
          "Z": -64.94992,
          "Type": "None",
          "Action": ""
        },
        {
          "X": 365.161835,
          "Y": -133.2937,
          "Z": -64.94992,
          "Type": "None",
          "Action": ""
        },
        {
          "X": 357.190674,
          "Y": -134.702423,
          "Z": -64.94992,
          "Type": "None",
          "Action": ""
        },
        {
          "X": 355.9981,
          "Y": -142.967285,
          "Z": -64.94992,
          "Type": "None",
          "Action": ""
        },
        {
          "X": 359.027527,
          "Y": -150.8876,
          "Z": -64.94992,
          "Type": "None",
          "Action": ""
        },
        {
          "X": 355.297729,
          "Y": -142.312653,
          "Z": -64.94992,
          "Type": "None",
          "Action": ""
        },
        {
          "X": 352.605377,
          "Y": -134.237885,
          "Z": -64.94992,
          "Type": "None",
          "Action": ""
        },
        {
          "X": 350.119934,
          "Y": -126.046448,
          "Z": -64.94992,
          "Type": "None",
          "Action": ""
        },
        {
          "X": 347.6463,
          "Y": -118.4231,
          "Z": -64.94992,
          "Type": "None",
          "Action": ""
        },
        {
          "X": 349.808929,
          "Y": -126.859055,
          "Z": -64.94992,
          "Type": "None",
          "Action": ""
        },
        {
          "X": 350.148163,
          "Y": -135.1033,
          "Z": -64.94992,
          "Type": "None",
          "Action": ""
        },
        {
          "X": 342.554321,
          "Y": -138.624283,
          "Z": -64.94992,
          "Type": "None",
          "Action": ""
        },
        {
          "X": 334.190735,
          "Y": -140.418945,
          "Z": -64.94992,
          "Type": "None",
          "Action": ""
        },
        {
          "X": 330.201263,
          "Y": -133.174042,
          "Z": -64.94992,
          "Type": "None",
          "Action": ""
        },
        {
          "X": 322.9572,
          "Y": -130.445679,
          "Z": -68.2604752,
          "Type": "None",
          "Action": ""
        },
        {
          "X": 315.197845,
          "Y": -133.6832,
          "Z": -70.38618,
          "Type": "None",
          "Action": ""
        },
        {
          "X": 312.0544,
          "Y": -142.186966,
          "Z": -70.38618,
          "Type": "None",
          "Action": ""
        }
      ],
      "Name": "Boss - Gerstahn",
      "Order": 3,
      "CompleteCondition": {
        "HasCompleteCondition": true,
        "ConditionType": 4,
        "GameObjectId": 0,
        "InitialFlags": 0,
        "ItemId": 0,
        "CSharpCondition": null,
        "DeadMobId": 9018,
        "MobPositionId": 0,
        "MobId": 0,
        "MobPositionVector": null,
        "LOSPositionVector": null,
        "WaitTime": 0
      }
    }
  ],
  "MapId": 230,
  "Name": "Blackrock Depths - Prison (Alliance)",
  "Faction": 2,
  "DeathRunPath": [
    {
      "X": -6450.61,
      "Y": -1113.51,
      "Z": 308.022,
      "Type": "None",
      "Action": ""
    },
    {
      "X": -6459.88,
      "Y": -1114.87769,
      "Z": 306.737152,
      "Type": "None",
      "Action": ""
    },
    {
      "X": -6468.175,
      "Y": -1117.07617,
      "Z": 306.9227,
      "Type": "None",
      "Action": ""
    },
    {
      "X": -6476.0874,
      "Y": -1120.29565,
      "Z": 306.883057,
      "Type": "None",
      "Action": ""
    },
    {
      "X": -6482.209,
      "Y": -1126.0863,
      "Z": 307.2622,
      "Type": "None",
      "Action": ""
    },
    {
      "X": -6487.79639,
      "Y": -1132.62256,
      "Z": 306.858673,
      "Type": "None",
      "Action": ""
    },
    {
      "X": -6493.222,
      "Y": -1139.03552,
      "Z": 306.959564,
      "Type": "None",
      "Action": ""
    },
    {
      "X": -6498.844,
      "Y": -1145.59656,
      "Z": 307.597931,
      "Type": "None",
      "Action": ""
    },
    {
      "X": -6504.774,
      "Y": -1151.74341,
      "Z": 307.7734,
      "Type": "None",
      "Action": ""
    },
    {
      "X": -6511.05566,
      "Y": -1157.365,
      "Z": 308.00708,
      "Type": "None",
      "Action": ""
    },
    {
      "X": -6518.736,
      "Y": -1161.25952,
      "Z": 308.625519,
      "Type": "None",
      "Action": ""
    },
    {
      "X": -6526.868,
      "Y": -1163.85181,
      "Z": 309.146118,
      "Type": "None",
      "Action": ""
    },
    {
      "X": -6535.194,
      "Y": -1166.12537,
      "Z": 309.256439,
      "Type": "None",
      "Action": ""
    },
    {
      "X": -6543.49072,
      "Y": -1167.77,
      "Z": 309.255371,
      "Type": "None",
      "Action": ""
    },
    {
      "X": -6552.06055,
      "Y": -1168.79114,
      "Z": 309.260559,
      "Type": "None",
      "Action": ""
    },
    {
      "X": -6560.56934,
      "Y": -1168.01135,
      "Z": 309.801849,
      "Type": "None",
      "Action": ""
    },
    {
      "X": -6568.512,
      "Y": -1169.73364,
      "Z": 308.908447,
      "Type": "None",
      "Action": ""
    },
    {
      "X": -6595.98438,
      "Y": -1160.57471,
      "Z": 272.2572,
      "Type": "None",
      "Action": ""
    },
    {
      "X": -6605.301,
      "Y": -1157.56274,
      "Z": 269.387482,
      "Type": "None",
      "Action": ""
    },
    {
      "X": -6613.528,
      "Y": -1155.20752,
      "Z": 264.9431,
      "Type": "None",
      "Action": ""
    },
    {
      "X": -6619.645,
      "Y": -1153.38123,
      "Z": 258.520538,
      "Type": "None",
      "Action": ""
    },
    {
      "X": -6627.82373,
      "Y": -1150.759,
      "Z": 252.204376,
      "Type": "None",
      "Action": ""
    },
    {
      "X": -6635.973,
      "Y": -1148.14661,
      "Z": 247.268311,
      "Type": "None",
      "Action": ""
    },
    {
      "X": -6644.00439,
      "Y": -1145.51208,
      "Z": 244.875946,
      "Type": "None",
      "Action": ""
    },
    {
      "X": -6652.05029,
      "Y": -1142.56958,
      "Z": 244.4531,
      "Type": "None",
      "Action": ""
    },
    {
      "X": -6659.91357,
      "Y": -1139.44116,
      "Z": 244.4531,
      "Type": "None",
      "Action": ""
    },
    {
      "X": -6667.946,
      "Y": -1136.22449,
      "Z": 242.967636,
      "Type": "None",
      "Action": ""
    },
    {
      "X": -6677.101,
      "Y": -1132.1593,
      "Z": 241.067917,
      "Type": "None",
      "Action": ""
    },
    {
      "X": -6684.37256,
      "Y": -1127.79114,
      "Z": 240.761414,
      "Type": "None",
      "Action": ""
    },
    {
      "X": -6691.554,
      "Y": -1123.06055,
      "Z": 241.540009,
      "Type": "None",
      "Action": ""
    },
    {
      "X": -6698.159,
      "Y": -1117.8844,
      "Z": 242.663544,
      "Type": "None",
      "Action": ""
    },
    {
      "X": -6704.656,
      "Y": -1112.20166,
      "Z": 243.620956,
      "Type": "None",
      "Action": ""
    },
    {
      "X": -6710.766,
      "Y": -1106.15234,
      "Z": 245.230408,
      "Type": "None",
      "Action": ""
    },
    {
      "X": -6716.39551,
      "Y": -1099.873,
      "Z": 246.575943,
      "Type": "None",
      "Action": ""
    },
    {
      "X": -6722.02051,
      "Y": -1094.0553,
      "Z": 246.491135,
      "Type": "None",
      "Action": ""
    },
    {
      "X": -6730.757,
      "Y": -1091.31311,
      "Z": 246.541153,
      "Type": "None",
      "Action": ""
    },
    {
      "X": -6737.57861,
      "Y": -1086.1637,
      "Z": 245.478592,
      "Type": "None",
      "Action": ""
    },
    {
      "X": -6744.25439,
      "Y": -1080.94751,
      "Z": 243.016861,
      "Type": "None",
      "Action": ""
    },
    {
      "X": -6750.872,
      "Y": -1075.47253,
      "Z": 241.2749,
      "Type": "None",
      "Action": ""
    },
    {
      "X": -6757.51172,
      "Y": -1069.87708,
      "Z": 240.405716,
      "Type": "None",
      "Action": ""
    },
    {
      "X": -6763.24951,
      "Y": -1063.49463,
      "Z": 240.04512,
      "Type": "None",
      "Action": ""
    },
    {
      "X": -6768.352,
      "Y": -1056.72974,
      "Z": 240.014465,
      "Type": "None",
      "Action": ""
    },
    {
      "X": -6773.216,
      "Y": -1049.69617,
      "Z": 240.11911,
      "Type": "None",
      "Action": ""
    },
    {
      "X": -6776.204,
      "Y": -1041.836,
      "Z": 240.6592,
      "Type": "None",
      "Action": ""
    },
    {
      "X": -6778.69043,
      "Y": -1033.5835,
      "Z": 241.7109,
      "Type": "None",
      "Action": ""
    },
    {
      "X": -6780.84961,
      "Y": -1025.25977,
      "Z": 242.696259,
      "Type": "None",
      "Action": ""
    },
    {
      "X": -6782.92432,
      "Y": -1017.11987,
      "Z": 243.6881,
      "Type": "None",
      "Action": ""
    },
    {
      "X": -6784.9165,
      "Y": -1008.75439,
      "Z": 244.295486,
      "Type": "None",
      "Action": ""
    },
    {
      "X": -6786.949,
      "Y": -1000.43097,
      "Z": 244.814362,
      "Type": "None",
      "Action": ""
    },
    {
      "X": -6788.962,
      "Y": -992.1892,
      "Z": 245.242615,
      "Type": "None",
      "Action": ""
    },
    {
      "X": -6791.192,
      "Y": -983.9405,
      "Z": 245.505,
      "Type": "None",
      "Action": ""
    },
    {
      "X": -6794.05859,
      "Y": -975.692566,
      "Z": 245.307175,
      "Type": "None",
      "Action": ""
    },
    {
      "X": -6797.72949,
      "Y": -968.131531,
      "Z": 244.328033,
      "Type": "None",
      "Action": ""
    },
    {
      "X": -6802.763,
      "Y": -960.920654,
      "Z": 243.17215,
      "Type": "None",
      "Action": ""
    },
    {
      "X": -6808.73,
      "Y": -954.992737,
      "Z": 241.814774,
      "Type": "None",
      "Action": ""
    },
    {
      "X": -6815.706,
      "Y": -949.9548,
      "Z": 240.719345,
      "Type": "None",
      "Action": ""
    },
    {
      "X": -6823.17334,
      "Y": -945.753235,
      "Z": 240.163345,
      "Type": "None",
      "Action": ""
    },
    {
      "X": -6830.896,
      "Y": -942.402649,
      "Z": 240.3043,
      "Type": "None",
      "Action": ""
    },
    {
      "X": -6838.34766,
      "Y": -938.2202,
      "Z": 240.825287,
      "Type": "None",
      "Action": ""
    },
    {
      "X": -6844.393,
      "Y": -932.3189,
      "Z": 240.629471,
      "Type": "None",
      "Action": ""
    },
    {
      "X": -6850.38867,
      "Y": -926.2279,
      "Z": 240.352036,
      "Type": "None",
      "Action": ""
    },
    {
      "X": -6856.278,
      "Y": -919.9186,
      "Z": 240.0736,
      "Type": "None",
      "Action": ""
    },
    {
      "X": -6861.902,
      "Y": -913.329346,
      "Z": 240.042236,
      "Type": "None",
      "Action": ""
    },
    {
      "X": -6866.742,
      "Y": -906.488647,
      "Z": 241.43309,
      "Type": "None",
      "Action": ""
    },
    {
      "X": -6874.98828,
      "Y": -907.223,
      "Z": 240.7443,
      "Type": "None",
      "Action": ""
    },
    {
      "X": -6882.378,
      "Y": -911.6949,
      "Z": 240.7443,
      "Type": "None",
      "Action": ""
    },
    {
      "X": -6889.197,
      "Y": -916.7243,
      "Z": 240.7443,
      "Type": "None",
      "Action": ""
    },
    {
      "X": -6896.013,
      "Y": -921.9326,
      "Z": 240.7443,
      "Type": "None",
      "Action": ""
    },
    {
      "X": -6902.72949,
      "Y": -927.2863,
      "Z": 240.7443,
      "Type": "None",
      "Action": ""
    },
    {
      "X": -6909.23633,
      "Y": -932.66095,
      "Z": 240.7443,
      "Type": "None",
      "Action": ""
    },
    {
      "X": -6915.466,
      "Y": -938.557251,
      "Z": 240.7443,
      "Type": "None",
      "Action": ""
    },
    {
      "X": -6921.324,
      "Y": -944.5882,
      "Z": 240.7443,
      "Type": "None",
      "Action": ""
    },
    {
      "X": -6926.658,
      "Y": -951.3312,
      "Z": 240.7443,
      "Type": "None",
      "Action": ""
    },
    {
      "X": -6931.92236,
      "Y": -958.1448,
      "Z": 240.7443,
      "Type": "None",
      "Action": ""
    },
    {
      "X": -6937.58,
      "Y": -964.30835,
      "Z": 241.667145,
      "Type": "None",
      "Action": ""
    },
    {
      "X": -6943.776,
      "Y": -970.345764,
      "Z": 241.667145,
      "Type": "None",
      "Action": ""
    },
    {
      "X": -6950.012,
      "Y": -976.0202,
      "Z": 241.729767,
      "Type": "None",
      "Action": ""
    },
    {
      "X": -6956.357,
      "Y": -981.7935,
      "Z": 243.5432,
      "Type": "None",
      "Action": ""
    },
    {
      "X": -6962.7417,
      "Y": -987.5366,
      "Z": 242.472839,
      "Type": "None",
      "Action": ""
    },
    {
      "X": -6969.816,
      "Y": -992.220764,
      "Z": 242.2467,
      "Type": "None",
      "Action": ""
    },
    {
      "X": -6976.988,
      "Y": -996.8117,
      "Z": 241.783157,
      "Type": "None",
      "Action": ""
    },
    {
      "X": -6984.22168,
      "Y": -1001.44226,
      "Z": 241.669281,
      "Type": "None",
      "Action": ""
    },
    {
      "X": -6991.3584,
      "Y": -1006.01056,
      "Z": 241.678467,
      "Type": "None",
      "Action": ""
    },
    {
      "X": -6998.63428,
      "Y": -1010.63367,
      "Z": 241.699844,
      "Type": "None",
      "Action": ""
    },
    {
      "X": -7005.86475,
      "Y": -1014.908,
      "Z": 241.668427,
      "Type": "None",
      "Action": ""
    },
    {
      "X": -7013.41846,
      "Y": -1019.06079,
      "Z": 241.734161,
      "Type": "None",
      "Action": ""
    },
    {
      "X": -7021.01172,
      "Y": -1023.05951,
      "Z": 241.702286,
      "Type": "None",
      "Action": ""
    },
    {
      "X": -7028.64453,
      "Y": -1027.02136,
      "Z": 241.642334,
      "Type": "None",
      "Action": ""
    },
    {
      "X": -7036.378,
      "Y": -1030.82751,
      "Z": 240.303391,
      "Type": "None",
      "Action": ""
    },
    {
      "X": -7044.10645,
      "Y": -1034.197,
      "Z": 240.303391,
      "Type": "None",
      "Action": ""
    },
    {
      "X": -7051.99268,
      "Y": -1037.57288,
      "Z": 240.3287,
      "Type": "None",
      "Action": ""
    },
    {
      "X": -7059.754,
      "Y": -1040.89514,
      "Z": 240.303116,
      "Type": "None",
      "Action": ""
    },
    {
      "X": -7067.905,
      "Y": -1043.50952,
      "Z": 240.303436,
      "Type": "None",
      "Action": ""
    },
    {
      "X": -7076.47363,
      "Y": -1044.38611,
      "Z": 240.303436,
      "Type": "None",
      "Action": ""
    },
    {
      "X": -7084.87744,
      "Y": -1044.20447,
      "Z": 241.667175,
      "Type": "None",
      "Action": ""
    },
    {
      "X": -7093.44,
      "Y": -1043.52966,
      "Z": 241.667175,
      "Type": "None",
      "Action": ""
    },
    {
      "X": -7101.788,
      "Y": -1042.27185,
      "Z": 241.667175,
      "Type": "None",
      "Action": ""
    },
    {
      "X": -7110.184,
      "Y": -1040.36719,
      "Z": 241.320633,
      "Type": "None",
      "Action": ""
    },
    {
      "X": -7118.514,
      "Y": -1038.298,
      "Z": 241.508865,
      "Type": "None",
      "Action": ""
    },
    {
      "X": -7126.668,
      "Y": -1036.372,
      "Z": 240.699036,
      "Type": "None",
      "Action": ""
    },
    {
      "X": -7135.08447,
      "Y": -1034.421,
      "Z": 240.224884,
      "Type": "None",
      "Action": ""
    },
    {
      "X": -7143.471,
      "Y": -1032.56616,
      "Z": 241.159027,
      "Type": "None",
      "Action": ""
    },
    {
      "X": -7151.83545,
      "Y": -1031.85217,
      "Z": 241.459183,
      "Type": "None",
      "Action": ""
    },
    {
      "X": -7160.43164,
      "Y": -1031.58191,
      "Z": 240.798,
      "Type": "None",
      "Action": ""
    },
    {
      "X": -7168.60352,
      "Y": -1032.85376,
      "Z": 241.239624,
      "Type": "None",
      "Action": ""
    },
    {
      "X": -7176.09033,
      "Y": -1037.05847,
      "Z": 241.058411,
      "Type": "None",
      "Action": ""
    },
    {
      "X": -7183.42627,
      "Y": -1041.519,
      "Z": 240.550339,
      "Type": "None",
      "Action": ""
    },
    {
      "X": -7190.6167,
      "Y": -1045.92542,
      "Z": 240.668961,
      "Type": "None",
      "Action": ""
    },
    {
      "X": -7197.93262,
      "Y": -1050.40833,
      "Z": 241.586761,
      "Type": "None",
      "Action": ""
    },
    {
      "X": -7205.20947,
      "Y": -1054.78882,
      "Z": 241.4751,
      "Type": "None",
      "Action": ""
    },
    {
      "X": -7212.64551,
      "Y": -1058.95715,
      "Z": 242.621246,
      "Type": "None",
      "Action": ""
    },
    {
      "X": -7220.275,
      "Y": -1063.08557,
      "Z": 243.136276,
      "Type": "None",
      "Action": ""
    },
    {
      "X": -7228.055,
      "Y": -1066.73975,
      "Z": 245.167755,
      "Type": "None",
      "Action": ""
    },
    {
      "X": -7236.24463,
      "Y": -1069.23193,
      "Z": 249.3286,
      "Type": "None",
      "Action": ""
    },
    {
      "X": -7244.534,
      "Y": -1070.602,
      "Z": 254.147141,
      "Type": "None",
      "Action": ""
    },
    {
      "X": -7253.07373,
      "Y": -1071.2489,
      "Z": 259.6088,
      "Type": "None",
      "Action": ""
    },
    {
      "X": -7261.47461,
      "Y": -1071.48291,
      "Z": 264.1583,
      "Type": "None",
      "Action": ""
    },
    {
      "X": -7270.05957,
      "Y": -1071.18567,
      "Z": 267.8675,
      "Type": "None",
      "Action": ""
    },
    {
      "X": -7278.592,
      "Y": -1070.19373,
      "Z": 269.780518,
      "Type": "None",
      "Action": ""
    },
    {
      "X": -7286.89844,
      "Y": -1068.86438,
      "Z": 273.194061,
      "Type": "None",
      "Action": ""
    },
    {
      "X": -7295.36572,
      "Y": -1067.451,
      "Z": 276.863434,
      "Type": "None",
      "Action": ""
    },
    {
      "X": -7303.7876,
      "Y": -1068.51978,
      "Z": 277.069244,
      "Type": "None",
      "Action": ""
    },
    {
      "X": -7311.46436,
      "Y": -1071.95837,
      "Z": 277.069244,
      "Type": "None",
      "Action": ""
    },
    {
      "X": -7318.4917,
      "Y": -1076.85986,
      "Z": 277.069244,
      "Type": "None",
      "Action": ""
    },
    {
      "X": -7325.445,
      "Y": -1081.66553,
      "Z": 277.069244,
      "Type": "None",
      "Action": ""
    },
    {
      "X": -7332.52246,
      "Y": -1086.49463,
      "Z": 277.069244,
      "Type": "None",
      "Action": ""
    },
    {
      "X": -7339.91748,
      "Y": -1090.89648,
      "Z": 277.069244,
      "Type": "None",
      "Action": ""
    },
    {
      "X": -7347.366,
      "Y": -1094.82092,
      "Z": 277.069244,
      "Type": "None",
      "Action": ""
    },
    {
      "X": -7355.1,
      "Y": -1098.6051,
      "Z": 277.839966,
      "Type": "None",
      "Action": ""
    },
    {
      "X": -7362.958,
      "Y": -1101.59485,
      "Z": 277.839966,
      "Type": "None",
      "Action": ""
    },
    {
      "X": -7370.615,
      "Y": -1098.86084,
      "Z": 277.839966,
      "Type": "None",
      "Action": ""
    },
    {
      "X": -7378.55469,
      "Y": -1096.39172,
      "Z": 278.078278,
      "Type": "None",
      "Action": ""
    },
    {
      "X": -7386.93945,
      "Y": -1097.2301,
      "Z": 278.076721,
      "Type": "None",
      "Action": ""
    },
    {
      "X": -7395.48,
      "Y": -1098.12744,
      "Z": 278.076721,
      "Type": "None",
      "Action": ""
    },
    {
      "X": -7404.019,
      "Y": -1097.93274,
      "Z": 278.076721,
      "Type": "None",
      "Action": ""
    },
    {
      "X": -7410.9917,
      "Y": -1093.59216,
      "Z": 278.076721,
      "Type": "None",
      "Action": ""
    },
    {
      "X": -7414.287,
      "Y": -1085.71741,
      "Z": 277.6301,
      "Type": "None",
      "Action": ""
    },
    {
      "X": -7417.12256,
      "Y": -1077.74353,
      "Z": 276.6973,
      "Type": "None",
      "Action": ""
    },
    {
      "X": -7420.858,
      "Y": -1070.05408,
      "Z": 275.476318,
      "Type": "None",
      "Action": ""
    },
    {
      "X": -7426.672,
      "Y": -1063.789,
      "Z": 273.962738,
      "Type": "None",
      "Action": ""
    },
    {
      "X": -7434.32275,
      "Y": -1060.45618,
      "Z": 272.216919,
      "Type": "None",
      "Action": ""
    },
    {
      "X": -7442.86,
      "Y": -1060.80969,
      "Z": 270.058,
      "Type": "None",
      "Action": ""
    },
    {
      "X": -7451.217,
      "Y": -1062.87927,
      "Z": 268.2248,
      "Type": "None",
      "Action": ""
    },
    {
      "X": -7459.353,
      "Y": -1065.09131,
      "Z": 266.684082,
      "Type": "None",
      "Action": ""
    },
    {
      "X": -7467.61426,
      "Y": -1067.40161,
      "Z": 265.615753,
      "Type": "None",
      "Action": ""
    },
    {
      "X": -7475.683,
      "Y": -1069.98767,
      "Z": 264.984283,
      "Type": "None",
      "Action": ""
    },
    {
      "X": -7483.78125,
      "Y": -1072.81189,
      "Z": 265.4713,
      "Type": "None",
      "Action": ""
    },
    {
      "X": -7491.80273,
      "Y": -1075.849,
      "Z": 265.1086,
      "Type": "None",
      "Action": ""
    },
    {
      "X": -7495.6,
      "Y": -1083.3031,
      "Z": 265.138367,
      "Type": "None",
      "Action": ""
    },
    {
      "X": -7495.93945,
      "Y": -1091.73376,
      "Z": 265.4422,
      "Type": "None",
      "Action": ""
    },
    {
      "X": -7495.881,
      "Y": -1100.3009,
      "Z": 265.703857,
      "Type": "None",
      "Action": ""
    },
    {
      "X": -7495.649,
      "Y": -1108.76074,
      "Z": 265.895325,
      "Type": "None",
      "Action": ""
    },
    {
      "X": -7495.64355,
      "Y": -1117.34888,
      "Z": 265.687927,
      "Type": "None",
      "Action": ""
    },
    {
      "X": -7495.6875,
      "Y": -1125.92639,
      "Z": 265.411926,
      "Type": "None",
      "Action": ""
    },
    {
      "X": -7494.501,
      "Y": -1134.29333,
      "Z": 265.153961,
      "Type": "None",
      "Action": ""
    },
    {
      "X": -7496.26074,
      "Y": -1142.51965,
      "Z": 265.938,
      "Type": "None",
      "Action": ""
    },
    {
      "X": -7503.44141,
      "Y": -1154.4812,
      "Z": 269.3742,
      "Type": "None",
      "Action": ""
    },
    {
      "X": -7511.65332,
      "Y": -1150.85632,
      "Z": 267.012054,
      "Type": "None",
      "Action": ""
    },
    {
      "X": -7519.474,
      "Y": -1147.33081,
      "Z": 264.833771,
      "Type": "None",
      "Action": ""
    },
    {
      "X": -7527.218,
      "Y": -1143.89075,
      "Z": 263.124756,
      "Type": "None",
      "Action": ""
    },
    {
      "X": -7535.057,
      "Y": -1140.356,
      "Z": 261.5461,
      "Type": "None",
      "Action": ""
    },
    {
      "X": -7542.803,
      "Y": -1137.05383,
      "Z": 260.241882,
      "Type": "None",
      "Action": ""
    },
    {
      "X": -7550.8374,
      "Y": -1133.5188,
      "Z": 259.1041,
      "Type": "None",
      "Action": ""
    },
    {
      "X": -7558.5835,
      "Y": -1130.11377,
      "Z": 258.358063,
      "Type": "None",
      "Action": ""
    },
    {
      "X": -7566.399,
      "Y": -1126.5531,
      "Z": 260.886169,
      "Type": "None",
      "Action": ""
    },
    {
      "X": -7574.644,
      "Y": -1124.46265,
      "Z": 262.2391,
      "Type": "None",
      "Action": ""
    },
    {
      "X": -7583.148,
      "Y": -1123.9187,
      "Z": 262.500031,
      "Type": "None",
      "Action": ""
    },
    {
      "X": -7591.54346,
      "Y": -1124.346,
      "Z": 263.514954,
      "Type": "None",
      "Action": ""
    },
    {
      "X": -7600.11475,
      "Y": -1124.97949,
      "Z": 259.401337,
      "Type": "None",
      "Action": ""
    },
    {
      "X": -7607.50537,
      "Y": -1121.27783,
      "Z": 259.078156,
      "Type": "None",
      "Action": ""
    },
    {
      "X": -7614.27734,
      "Y": -1115.10828,
      "Z": 258.7956,
      "Type": "None",
      "Action": ""
    },
    {
      "X": -7622.7334,
      "Y": -1115.94849,
      "Z": 254.646759,
      "Type": "None",
      "Action": ""
    },
    {
      "X": -7624.597,
      "Y": -1124.75208,
      "Z": 254.64682,
      "Type": "None",
      "Action": ""
    },
    {
      "X": -7616.34863,
      "Y": -1125.22754,
      "Z": 252.119171,
      "Type": "None",
      "Action": ""
    },
    {
      "X": -7607.904,
      "Y": -1123.66125,
      "Z": 250.206055,
      "Type": "None",
      "Action": ""
    },
    {
      "X": -7599.589,
      "Y": -1122.1449,
      "Z": 249.930115,
      "Type": "None",
      "Action": ""
    },
    {
      "X": -7591.54248,
      "Y": -1119.49585,
      "Z": 249.930115,
      "Type": "None",
      "Action": ""
    },
    {
      "X": -7587.08643,
      "Y": -1112.27869,
      "Z": 250.207916,
      "Type": "None",
      "Action": ""
    },
    {
      "X": -7579.822,
      "Y": -1106.549,
      "Z": 250.204941,
      "Type": "None",
      "Action": ""
    },
    {
      "X": -7576.28564,
      "Y": -1115.70776,
      "Z": 250.20192,
      "Type": "None",
      "Action": ""
    },
    {
      "X": -7575.27832,
      "Y": -1127.64185,
      "Z": 245.766754,
      "Type": "None",
      "Action": ""
    },
    {
      "X": -7566.8335,
      "Y": -1127.06079,
      "Z": 245.5083,
      "Type": "None",
      "Action": ""
    },
    {
      "X": -7567.45752,
      "Y": -1135.333,
      "Z": 244.231766,
      "Type": "None",
      "Action": ""
    },
    {
      "X": -7575.21973,
      "Y": -1138.45886,
      "Z": 241.222809,
      "Type": "None",
      "Action": ""
    },
    {
      "X": -7583.772,
      "Y": -1139.17151,
      "Z": 237.503387,
      "Type": "None",
      "Action": ""
    },
    {
      "X": -7592.25342,
      "Y": -1137.91321,
      "Z": 234.6332,
      "Type": "None",
      "Action": ""
    },
    {
      "X": -7600.008,
      "Y": -1134.63159,
      "Z": 231.231888,
      "Type": "None",
      "Action": ""
    },
    {
      "X": -7605.101,
      "Y": -1127.9292,
      "Z": 227.881378,
      "Type": "None",
      "Action": ""
    },
    {
      "X": -7608.4873,
      "Y": -1120.22449,
      "Z": 225.434875,
      "Type": "None",
      "Action": ""
    },
    {
      "X": -7608.92041,
      "Y": -1111.81738,
      "Z": 224.223663,
      "Type": "None",
      "Action": ""
    },
    {
      "X": -7606.82959,
      "Y": -1103.51208,
      "Z": 223.044464,
      "Type": "None",
      "Action": ""
    },
    {
      "X": -7601.1167,
      "Y": -1097.54541,
      "Z": 220.696854,
      "Type": "None",
      "Action": ""
    },
    {
      "X": -7592.693,
      "Y": -1097.39136,
      "Z": 217.9131,
      "Type": "None",
      "Action": ""
    },
    {
      "X": -7579.28,
      "Y": -1103.51721,
      "Z": 213.455841,
      "Type": "None",
      "Action": ""
    },
    {
      "X": -7573.15771,
      "Y": -1099.02869,
      "Z": 210.103043,
      "Type": "None",
      "Action": ""
    },
    {
      "X": -7566.413,
      "Y": -1093.93433,
      "Z": 204.546982,
      "Type": "None",
      "Action": ""
    },
    {
      "X": -7559.586,
      "Y": -1088.74048,
      "Z": 199.125076,
      "Type": "None",
      "Action": ""
    },
    {
      "X": -7552.78662,
      "Y": -1083.49243,
      "Z": 193.925781,
      "Type": "None",
      "Action": ""
    },
    {
      "X": -7546.146,
      "Y": -1078.29736,
      "Z": 188.830154,
      "Type": "None",
      "Action": ""
    },
    {
      "X": -7539.415,
      "Y": -1072.99609,
      "Z": 183.953079,
      "Type": "None",
      "Action": ""
    },
    {
      "X": -7532.908,
      "Y": -1067.58435,
      "Z": 180.978912,
      "Type": "None",
      "Action": ""
    },
    {
      "X": -7532.023,
      "Y": -1059.48511,
      "Z": 180.977722,
      "Type": "None",
      "Action": ""
    },
    {
      "X": -7524.44043,
      "Y": -1053.14453,
      "Z": 180.98085,
      "Type": "None",
      "Action": ""
    },
    {
      "X": -7514.994,
      "Y": -1045.47131,
      "Z": 182.300919,
      "Type": "None",
      "Action": ""
    },
    {
      "X": -7508.82373,
      "Y": -1052.94983,
      "Z": 182.302338,
      "Type": "None",
      "Action": ""
    },
    {
      "X": -7500.623,
      "Y": -1051.9176,
      "Z": 182.025879,
      "Type": "None",
      "Action": ""
    },
    {
      "X": -7494.41846,
      "Y": -1045.97766,
      "Z": 180.593262,
      "Type": "None",
      "Action": ""
    },
    {
      "X": -7488.10059,
      "Y": -1040.08252,
      "Z": 177.621933,
      "Type": "None",
      "Action": ""
    },
    {
      "X": -7482.20752,
      "Y": -1033.80847,
      "Z": 177.621933,
      "Type": "None",
      "Action": ""
    },
    {
      "X": -7476.588,
      "Y": -1027.51941,
      "Z": 175.010971,
      "Type": "None",
      "Action": ""
    },
    {
      "X": -7470.164,
      "Y": -1021.82843,
      "Z": 173.752365,
      "Type": "None",
      "Action": ""
    },
    {
      "X": -7463.63037,
      "Y": -1016.52271,
      "Z": 172.420868,
      "Type": "None",
      "Action": ""
    },
    {
      "X": -7456.42432,
      "Y": -1011.77252,
      "Z": 171.834763,
      "Type": "None",
      "Action": ""
    },
    {
      "X": -7448.876,
      "Y": -1007.85339,
      "Z": 171.363647,
      "Type": "None",
      "Action": ""
    },
    {
      "X": -7440.87061,
      "Y": -1005.14661,
      "Z": 170.74823,
      "Type": "None",
      "Action": ""
    },
    {
      "X": -7432.726,
      "Y": -1002.48639,
      "Z": 170.311569,
      "Type": "None",
      "Action": ""
    },
    {
      "X": -7424.537,
      "Y": -999.811462,
      "Z": 171.950485,
      "Type": "None",
      "Action": ""
    },
    {
      "X": -7416.92432,
      "Y": -996.3586,
      "Z": 173.363312,
      "Type": "None",
      "Action": ""
    },
    {
      "X": -7411.82568,
      "Y": -989.5156,
      "Z": 173.049713,
      "Type": "None",
      "Action": ""
    },
    {
      "X": -7408.727,
      "Y": -981.678162,
      "Z": 170.913589,
      "Type": "None",
      "Action": ""
    },
    {
      "X": -7405.72754,
      "Y": -973.6074,
      "Z": 169.589264,
      "Type": "None",
      "Action": ""
    },
    {
      "X": -7402.51855,
      "Y": -965.652344,
      "Z": 170.165909,
      "Type": "None",
      "Action": ""
    },
    {
      "X": -7398.85,
      "Y": -958.0861,
      "Z": 170.134659,
      "Type": "None",
      "Action": ""
    },
    {
      "X": -7394.39746,
      "Y": -950.7363,
      "Z": 170.641586,
      "Type": "None",
      "Action": ""
    },
    {
      "X": -7389.438,
      "Y": -943.7258,
      "Z": 169.477249,
      "Type": "None",
      "Action": ""
    },
    {
      "X": -7383.569,
      "Y": -937.7214,
      "Z": 168.710648,
      "Type": "None",
      "Action": ""
    },
    {
      "X": -7375.652,
      "Y": -934.5305,
      "Z": 167.684662,
      "Type": "None",
      "Action": ""
    },
    {
      "X": -7367.379,
      "Y": -932.1856,
      "Z": 167.233444,
      "Type": "None",
      "Action": ""
    },
    {
      "X": -7359.2583,
      "Y": -929.91626,
      "Z": 166.825775,
      "Type": "None",
      "Action": ""
    },
    {
      "X": -7350.99658,
      "Y": -927.607361,
      "Z": 166.676727,
      "Type": "None",
      "Action": ""
    },
    {
      "X": -7342.856,
      "Y": -925.3324,
      "Z": 166.683792,
      "Type": "None",
      "Action": ""
    },
    {
      "X": -7334.351,
      "Y": -922.9557,
      "Z": 166.77475,
      "Type": "None",
      "Action": ""
    },
    {
      "X": -7326.231,
      "Y": -920.68634,
      "Z": 166.415115,
      "Type": "None",
      "Action": ""
    },
    {
      "X": -7317.96875,
      "Y": -918.377441,
      "Z": 166.198349,
      "Type": "None",
      "Action": ""
    },
    {
      "X": -7309.83838,
      "Y": -916.1053,
      "Z": 165.8292,
      "Type": "None",
      "Action": ""
    },
    {
      "X": -7301.57666,
      "Y": -913.7964,
      "Z": 165.372009,
      "Type": "None",
      "Action": ""
    },
    {
      "X": -7293.209,
      "Y": -911.9443,
      "Z": 165.376938,
      "Type": "None",
      "Action": ""
    },
    {
      "X": -7284.815,
      "Y": -910.9498,
      "Z": 165.376938,
      "Type": "None",
      "Action": ""
    },
    {
      "X": -7276.29736,
      "Y": -909.928345,
      "Z": 165.376938,
      "Type": "None",
      "Action": ""
    },
    {
      "X": -7267.91553,
      "Y": -908.923157,
      "Z": 165.376938,
      "Type": "None",
      "Action": ""
    },
    {
      "X": -7259.455,
      "Y": -907.9633,
      "Z": 165.376938,
      "Type": "None",
      "Action": ""
    },
    {
      "X": -7250.81641,
      "Y": -907.482239,
      "Z": 165.376938,
      "Type": "None",
      "Action": ""
    },
    {
      "X": -7242.38428,
      "Y": -907.071533,
      "Z": 165.376938,
      "Type": "None",
      "Action": ""
    },
    {
      "X": -7233.793,
      "Y": -906.6887,
      "Z": 165.376938,
      "Type": "None",
      "Action": ""
    },
    {
      "X": -7225.21631,
      "Y": -906.6137,
      "Z": 165.376938,
      "Type": "None",
      "Action": ""
    },
    {
      "X": -7216.781,
      "Y": -907.2674,
      "Z": 165.376938,
      "Type": "None",
      "Action": ""
    },
    {
      "X": -7208.34961,
      "Y": -908.66864,
      "Z": 165.444427,
      "Type": "None",
      "Action": ""
    },
    {
      "X": -7200.157,
      "Y": -910.7901,
      "Z": 165.488724,
      "Type": "None",
      "Action": ""
    },
    {
      "X": -7192.128,
      "Y": -913.715759,
      "Z": 165.488724,
      "Type": "None",
      "Action": ""
    },
    {
      "X": -7179.85352,
      "Y": -922.8282,
      "Z": 166.219009,
      "Type": "None",
      "Action": ""
    },
    {
      "X": -7189.85352,
      "Y": -932.8282,
      "Z": 166.219009,
      "Type": "None",
      "Action": ""
    }
  ],
  "OffMeshConnections": []
}