{
  "StepModels": [
    {
      "$type": "WholesomeDungeonCrawler.Models.MoveAlongPathModel, WholesomeDungeonCrawler",
      "Path": [
        {
          "X": 59.4784622,
          "Y": 0.2658261,
          "Z": -20.34035,
          "Type": "None",
          "Action": ""
        },
        {
          "X": 65.8972549,
          "Y": 0.472163469,
          "Z": -22.7147274,
          "Type": "None",
          "Action": ""
        },
        {
          "X": 72.8908539,
          "Y": 0.769247,
          "Z": -25.361475,
          "Type": "None",
          "Action": ""
        },
        {
          "X": 80.02922,
          "Y": 1.32989037,
          "Z": -25.6062164,
          "Type": "None",
          "Action": ""
        },
        {
          "X": 84.48879,
          "Y": 5.6675,
          "Z": -26.5228977,
          "Type": "None",
          "Action": ""
        },
        {
          "X": 84.47221,
          "Y": 12.6671047,
          "Z": -26.5228977,
          "Type": "None",
          "Action": ""
        },
        {
          "X": 84.27484,
          "Y": 19.6643181,
          "Z": -26.5228977,
          "Type": "None",
          "Action": ""
        },
        {
          "X": 84.8628845,
          "Y": 12.6967325,
          "Z": -26.5228977,
          "Type": "None",
          "Action": ""
        },
        {
          "X": 84.61141,
          "Y": 5.701618,
          "Z": -26.5228977,
          "Type": "None",
          "Action": ""
        },
        {
          "X": 84.41869,
          "Y": -1.57559991,
          "Z": -25.6062317,
          "Type": "None",
          "Action": ""
        },
        {
          "X": 84.44846,
          "Y": -8.572745,
          "Z": -26.522892,
          "Type": "None",
          "Action": ""
        },
        {
          "X": 84.68175,
          "Y": -15.8661118,
          "Z": -26.522892,
          "Type": "None",
          "Action": ""
        },
        {
          "X": 84.4921951,
          "Y": -8.313227,
          "Z": -26.522892,
          "Type": "None",
          "Action": ""
        },
        {
          "X": 84.5832,
          "Y": -1.29686284,
          "Z": -25.6062317,
          "Type": "None",
          "Action": ""
        },
        {
          "X": 91.9063339,
          "Y": 0.6419783,
          "Z": -25.6062317,
          "Type": "None",
          "Action": ""
        },
        {
          "X": 98.88591,
          "Y": 0.8264917,
          "Z": -25.6062317,
          "Type": "None",
          "Action": ""
        },
        {
          "X": 105.483315,
          "Y": 1.81729567,
          "Z": -25.6062317,
          "Type": "None",
          "Action": ""
        },
        {
          "X": 106.937737,
          "Y": 8.894108,
          "Z": -26.522892,
          "Type": "None",
          "Action": ""
        },
        {
          "X": 106.912285,
          "Y": 15.8936834,
          "Z": -26.522892,
          "Type": "None",
          "Action": ""
        },
        {
          "X": 107.318367,
          "Y": 22.8817883,
          "Z": -26.522892,
          "Type": "None",
          "Action": ""
        },
        {
          "X": 107.805176,
          "Y": 14.442318,
          "Z": -26.522892,
          "Type": "None",
          "Action": ""
        },
        {
          "X": 107.38839,
          "Y": 7.15719557,
          "Z": -26.522892,
          "Type": "None",
          "Action": ""
        },
        {
          "X": 106.97789,
          "Y": 0.187390834,
          "Z": -25.6062241,
          "Type": "None",
          "Action": ""
        },
        {
          "X": 106.69416,
          "Y": -7.10459137,
          "Z": -26.5228786,
          "Type": "None",
          "Action": ""
        },
        {
          "X": 106.47921,
          "Y": -14.1011419,
          "Z": -26.5228786,
          "Type": "None",
          "Action": ""
        },
        {
          "X": 106.682457,
          "Y": -21.0883865,
          "Z": -26.5228786,
          "Type": "None",
          "Action": ""
        },
        {
          "X": 107.587029,
          "Y": -15.0512228,
          "Z": -26.5228786,
          "Type": "None",
          "Action": ""
        },
        {
          "X": 107.355125,
          "Y": -8.062412,
          "Z": -26.5228786,
          "Type": "None",
          "Action": ""
        },
        {
          "X": 107.275322,
          "Y": -1.41857111,
          "Z": -25.6062279,
          "Type": "None",
          "Action": ""
        },
        {
          "X": 112.8218,
          "Y": 0.728678,
          "Z": -25.6062279,
          "Type": "None",
          "Action": ""
        },
        {
          "X": 119.802658,
          "Y": 0.8545086,
          "Z": -25.6062279,
          "Type": "None",
          "Action": ""
        },
        {
          "X": 125.943474,
          "Y": 0.9773433,
          "Z": -25.6062279,
          "Type": "None",
          "Action": ""
        },
        {
          "X": 132.64917,
          "Y": 0.748201132,
          "Z": -25.6062279,
          "Type": "None",
          "Action": ""
        },
        {
          "X": 140.7952,
          "Y": 0.5293251,
          "Z": -25.6062279,
          "Type": "None",
          "Action": ""
        },
        {
          "X": 146.91983,
          "Y": 0.5166461,
          "Z": -25.6062279,
          "Type": "None",
          "Action": ""
        },
        {
          "X": 153.292923,
          "Y": 1.00813508,
          "Z": -25.6062279,
          "Type": "None",
          "Action": ""
        },
        {
          "X": 159.104538,
          "Y": 1.43545985,
          "Z": -25.6062279,
          "Type": "None",
          "Action": ""
        }
      ],
      "Name": "Boss 1",
      "Order": 0,
      "CompleteCondition": {
        "HasCompleteCondition": false,
        "ConditionType": 0,
        "GameObjectId": 0,
        "InitialFlags": 0,
        "ItemId": 0,
        "CSharpCondition": null,
        "DeadMobId": 0,
        "MobPositionId": 0,
        "MobId": 0,
        "MobPositionVector": null,
        "LOSPositionVector": null,
        "WaitTime": 0
      }
    },
    {
      "$type": "WholesomeDungeonCrawler.Models.MoveAlongPathModel, WholesomeDungeonCrawler",
      "Path": [
        {
          "X": 150.63829,
          "Y": 1.15353739,
          "Z": -25.6062279,
          "Type": "None",
          "Action": ""
        },
        {
          "X": 143.359985,
          "Y": 0.996424139,
          "Z": -25.6062279,
          "Type": "None",
          "Action": ""
        },
        {
          "X": 135.749268,
          "Y": 0.832135,
          "Z": -25.6062279,
          "Type": "None",
          "Action": ""
        },
        {
          "X": 130.70549,
          "Y": -2.18963027,
          "Z": -25.6062279,
          "Type": "None",
          "Action": ""
        },
        {
          "X": 130.014221,
          "Y": -8.792609,
          "Z": -25.6062279,
          "Type": "None",
          "Action": ""
        },
        {
          "X": 130.2106,
          "Y": -14.056447,
          "Z": -26.9675827,
          "Type": "None",
          "Action": ""
        },
        {
          "X": 130.1213,
          "Y": -21.0530777,
          "Z": -29.6157379,
          "Type": "None",
          "Action": ""
        },
        {
          "X": 129.308014,
          "Y": -28.6214619,
          "Z": -32.47155,
          "Type": "None",
          "Action": ""
        },
        {
          "X": 128.743683,
          "Y": -34.719696,
          "Z": -33.93954,
          "Type": "None",
          "Action": ""
        },
        {
          "X": 129.180008,
          "Y": -41.7938156,
          "Z": -33.93954,
          "Type": "None",
          "Action": ""
        },
        {
          "X": 135.246185,
          "Y": -44.43031,
          "Z": -34.855957,
          "Type": "None",
          "Action": ""
        },
        {
          "X": 142.11232,
          "Y": -45.79047,
          "Z": -34.855957,
          "Type": "None",
          "Action": ""
        },
        {
          "X": 135.2174,
          "Y": -44.5712242,
          "Z": -34.855957,
          "Type": "None",
          "Action": ""
        },
        {
          "X": 128.233734,
          "Y": -44.09383,
          "Z": -33.9395676,
          "Type": "None",
          "Action": ""
        },
        {
          "X": 121.369476,
          "Y": -42.7795067,
          "Z": -34.8560677,
          "Type": "None",
          "Action": ""
        },
        {
          "X": 114.203476,
          "Y": -41.4060249,
          "Z": -34.8560677,
          "Type": "None",
          "Action": ""
        },
        {
          "X": 107.248886,
          "Y": -40.6291656,
          "Z": -34.8560677,
          "Type": "None",
          "Action": ""
        },
        {
          "X": 115.220436,
          "Y": -42.2678,
          "Z": -34.8560677,
          "Type": "None",
          "Action": ""
        },
        {
          "X": 122.195381,
          "Y": -42.858345,
          "Z": -34.8560677,
          "Type": "None",
          "Action": ""
        },
        {
          "X": 127.866219,
          "Y": -44.0451927,
          "Z": -33.93955,
          "Type": "None",
          "Action": ""
        },
        {
          "X": 128.331375,
          "Y": -49.7077637,
          "Z": -33.93955,
          "Type": "None",
          "Action": ""
        },
        {
          "X": 125.247116,
          "Y": -55.77953,
          "Z": -33.93955,
          "Type": "None",
          "Action": ""
        },
        {
          "X": 124.163773,
          "Y": -62.6601372,
          "Z": -33.93955,
          "Type": "None",
          "Action": ""
        },
        {
          "X": 129.319946,
          "Y": -67.21221,
          "Z": -34.856,
          "Type": "None",
          "Action": ""
        },
        {
          "X": 135.865524,
          "Y": -69.69314,
          "Z": -34.856,
          "Type": "None",
          "Action": ""
        },
        {
          "X": 142.90744,
          "Y": -71.49995,
          "Z": -34.856,
          "Type": "None",
          "Action": ""
        },
        {
          "X": 136.720673,
          "Y": -69.0549545,
          "Z": -34.856,
          "Type": "None",
          "Action": ""
        },
        {
          "X": 129.929184,
          "Y": -67.37145,
          "Z": -34.856,
          "Type": "None",
          "Action": ""
        },
        {
          "X": 123.240829,
          "Y": -65.24873,
          "Z": -33.93956,
          "Type": "None",
          "Action": ""
        },
        {
          "X": 116.338913,
          "Y": -62.9331741,
          "Z": -34.8560524,
          "Type": "None",
          "Action": ""
        },
        {
          "X": 109.659729,
          "Y": -60.8387,
          "Z": -34.8560524,
          "Type": "None",
          "Action": ""
        },
        {
          "X": 102.930862,
          "Y": -58.911335,
          "Z": -34.8560524,
          "Type": "None",
          "Action": ""
        },
        {
          "X": 109.035461,
          "Y": -60.9053574,
          "Z": -34.8560524,
          "Type": "None",
          "Action": ""
        },
        {
          "X": 115.746391,
          "Y": -62.89589,
          "Z": -34.8560524,
          "Type": "None",
          "Action": ""
        },
        {
          "X": 122.588814,
          "Y": -65.3557,
          "Z": -33.93956,
          "Type": "None",
          "Action": ""
        },
        {
          "X": 121.985641,
          "Y": -72.39605,
          "Z": -33.93956,
          "Type": "None",
          "Action": ""
        },
        {
          "X": 118.958855,
          "Y": -80.2993851,
          "Z": -33.93956,
          "Type": "None",
          "Action": ""
        },
        {
          "X": 115.507317,
          "Y": -87.72389,
          "Z": -33.93956,
          "Type": "None",
          "Action": ""
        },
        {
          "X": 111.752914,
          "Y": -93.95986,
          "Z": -34.5903969,
          "Type": "None",
          "Action": ""
        },
        {
          "X": 108.70697,
          "Y": -99.27251,
          "Z": -35.1895447,
          "Type": "None",
          "Action": ""
        }
      ],
      "Name": "Boss 2",
      "Order": 1,
      "CompleteCondition": {
        "HasCompleteCondition": false,
        "ConditionType": 0,
        "GameObjectId": 0,
        "InitialFlags": 0,
        "ItemId": 0,
        "CSharpCondition": null,
        "DeadMobId": 0,
        "MobPositionId": 0,
        "MobId": 0,
        "MobPositionVector": null,
        "LOSPositionVector": null,
        "WaitTime": 0
      }
    },
    {
      "$type": "WholesomeDungeonCrawler.Models.MoveAlongPathModel, WholesomeDungeonCrawler",
      "Path": [
        {
          "X": 105.52977,
          "Y": -108.063156,
          "Z": -35.18956,
          "Type": "None",
          "Action": ""
        },
        {
          "X": 102.678162,
          "Y": -112.602745,
          "Z": -35.18956,
          "Type": "None",
          "Action": ""
        },
        {
          "X": 99.80702,
          "Y": -117.548805,
          "Z": -35.18956,
          "Type": "None",
          "Action": ""
        },
        {
          "X": 96.9243546,
          "Y": -122.480057,
          "Z": -33.93956,
          "Type": "None",
          "Action": ""
        },
        {
          "X": 94.09045,
          "Y": -127.318184,
          "Z": -33.93956,
          "Type": "None",
          "Action": ""
        },
        {
          "X": 91.4080048,
          "Y": -132.359665,
          "Z": -33.93956,
          "Type": "None",
          "Action": ""
        }
      ],
      "Name": "Boss 3",
      "Order": 2,
      "CompleteCondition": {
        "HasCompleteCondition": false,
        "ConditionType": 0,
        "GameObjectId": 0,
        "InitialFlags": 0,
        "ItemId": 0,
        "CSharpCondition": null,
        "DeadMobId": 0,
        "MobPositionId": 0,
        "MobId": 0,
        "MobPositionVector": null,
        "LOSPositionVector": null,
        "WaitTime": 0
      }
    }
  ],
  "MapId": 34,
  "Name": "Stockades",
  "Faction": 0,
  "DeathRunPath": [
    {
      "X": -9338.77,
      "Y": 166.237762,
      "Z": 61.5584679,
      "Type": "None",
      "Action": ""
    },
    {
      "X": -9336.524,
      "Y": 159.604462,
      "Z": 61.5584679,
      "Type": "None",
      "Action": ""
    },
    {
      "X": -9334.301,
      "Y": 153.52301,
      "Z": 61.44634,
      "Type": "None",
      "Action": ""
    },
    {
      "X": -9329.256,
      "Y": 151.128311,
      "Z": 61.8737679,
      "Type": "None",
      "Action": ""
    },
    {
      "X": -9324.951,
      "Y": 151.857864,
      "Z": 64.66008,
      "Type": "None",
      "Action": ""
    },
    {
      "X": -9318.746,
      "Y": 152.950043,
      "Z": 66.9397354,
      "Type": "None",
      "Action": ""
    },
    {
      "X": -9312.365,
      "Y": 154.073166,
      "Z": 68.74823,
      "Type": "None",
      "Action": ""
    },
    {
      "X": -9306.163,
      "Y": 155.1769,
      "Z": 68.14294,
      "Type": "None",
      "Action": ""
    },
    {
      "X": -9299.812,
      "Y": 156.398819,
      "Z": 67.6765442,
      "Type": "None",
      "Action": ""
    },
    {
      "X": -9293.689,
      "Y": 157.883209,
      "Z": 67.52944,
      "Type": "None",
      "Action": ""
    },
    {
      "X": -9287.652,
      "Y": 160.211319,
      "Z": 67.62727,
      "Type": "None",
      "Action": ""
    },
    {
      "X": -9282.675,
      "Y": 164.053543,
      "Z": 68.51591,
      "Type": "None",
      "Action": ""
    },
    {
      "X": -9277.815,
      "Y": 168.316742,
      "Z": 69.2539139,
      "Type": "None",
      "Action": ""
    },
    {
      "X": -9273.071,
      "Y": 172.478241,
      "Z": 69.97676,
      "Type": "None",
      "Action": ""
    },
    {
      "X": -9268.201,
      "Y": 176.750519,
      "Z": 70.1959457,
      "Type": "None",
      "Action": ""
    },
    {
      "X": -9263.473,
      "Y": 180.898163,
      "Z": 69.05613,
      "Type": "None",
      "Action": ""
    },
    {
      "X": -9258.61,
      "Y": 185.163513,
      "Z": 69.14209,
      "Type": "None",
      "Action": ""
    },
    {
      "X": -9253.74,
      "Y": 189.435791,
      "Z": 70.0522,
      "Type": "None",
      "Action": ""
    },
    {
      "X": -9248.996,
      "Y": 193.59729,
      "Z": 70.0359039,
      "Type": "None",
      "Action": ""
    },
    {
      "X": -9244.143,
      "Y": 197.855713,
      "Z": 69.23496,
      "Type": "None",
      "Action": ""
    },
    {
      "X": -9239.397,
      "Y": 202.017212,
      "Z": 69.26203,
      "Type": "None",
      "Action": ""
    },
    {
      "X": -9234.829,
      "Y": 206.535156,
      "Z": 69.89102,
      "Type": "None",
      "Action": ""
    },
    {
      "X": -9231.259,
      "Y": 211.928772,
      "Z": 70.60341,
      "Type": "None",
      "Action": ""
    },
    {
      "X": -9227.715,
      "Y": 217.137543,
      "Z": 70.41761,
      "Type": "None",
      "Action": ""
    },
    {
      "X": -9224.1,
      "Y": 222.513763,
      "Z": 70.87829,
      "Type": "None",
      "Action": ""
    },
    {
      "X": -9220.587,
      "Y": 227.743347,
      "Z": 71.89362,
      "Type": "None",
      "Action": ""
    },
    {
      "X": -9216.975,
      "Y": 233.121109,
      "Z": 73.36739,
      "Type": "None",
      "Action": ""
    },
    {
      "X": -9213.362,
      "Y": 238.498871,
      "Z": 73.01716,
      "Type": "None",
      "Action": ""
    },
    {
      "X": -9209.85449,
      "Y": 243.719742,
      "Z": 72.638,
      "Type": "None",
      "Action": ""
    },
    {
      "X": -9206.242,
      "Y": 249.0975,
      "Z": 73.19948,
      "Type": "None",
      "Action": ""
    },
    {
      "X": -9202.728,
      "Y": 254.329117,
      "Z": 74.52962,
      "Type": "None",
      "Action": ""
    },
    {
      "X": -9199.398,
      "Y": 259.8403,
      "Z": 75.60641,
      "Type": "None",
      "Action": ""
    },
    {
      "X": -9196.528,
      "Y": 265.648376,
      "Z": 75.80379,
      "Type": "None",
      "Action": ""
    },
    {
      "X": -9193.738,
      "Y": 271.3085,
      "Z": 75.8755646,
      "Type": "None",
      "Action": ""
    },
    {
      "X": -9190.952,
      "Y": 276.9592,
      "Z": 75.93274,
      "Type": "None",
      "Action": ""
    },
    {
      "X": -9188.638,
      "Y": 282.943665,
      "Z": 76.3045,
      "Type": "None",
      "Action": ""
    },
    {
      "X": -9187.307,
      "Y": 289.103577,
      "Z": 76.71161,
      "Type": "None",
      "Action": ""
    },
    {
      "X": -9185.658,
      "Y": 295.357941,
      "Z": 77.30892,
      "Type": "None",
      "Action": ""
    },
    {
      "X": -9184.052,
      "Y": 301.44986,
      "Z": 78.08355,
      "Type": "None",
      "Action": ""
    },
    {
      "X": -9182.303,
      "Y": 307.675659,
      "Z": 78.67458,
      "Type": "None",
      "Action": ""
    },
    {
      "X": -9180.456,
      "Y": 313.7099,
      "Z": 79.31229,
      "Type": "None",
      "Action": ""
    },
    {
      "X": -9178.424,
      "Y": 319.844849,
      "Z": 80.19248,
      "Type": "None",
      "Action": ""
    },
    {
      "X": -9176.249,
      "Y": 325.9366,
      "Z": 81.38121,
      "Type": "None",
      "Action": ""
    },
    {
      "X": -9173.685,
      "Y": 331.680481,
      "Z": 82.75081,
      "Type": "None",
      "Action": ""
    },
    {
      "X": -9170.314,
      "Y": 337.2122,
      "Z": 84.3613052,
      "Type": "None",
      "Action": ""
    },
    {
      "X": -9167.013,
      "Y": 342.5694,
      "Z": 86.01394,
      "Type": "None",
      "Action": ""
    },
    {
      "X": -9163.622,
      "Y": 348.065979,
      "Z": 87.32964,
      "Type": "None",
      "Action": ""
    },
    {
      "X": -9159.8,
      "Y": 353.274536,
      "Z": 88.23465,
      "Type": "None",
      "Action": ""
    },
    {
      "X": -9155.392,
      "Y": 357.7604,
      "Z": 89.4003754,
      "Type": "None",
      "Action": ""
    },
    {
      "X": -9150.657,
      "Y": 362.181915,
      "Z": 90.2756348,
      "Type": "None",
      "Action": ""
    },
    {
      "X": -9145.976,
      "Y": 366.396576,
      "Z": 90.2506256,
      "Type": "None",
      "Action": ""
    },
    {
      "X": -9141.155,
      "Y": 370.725922,
      "Z": 90.6044846,
      "Type": "None",
      "Action": ""
    },
    {
      "X": -9136.344,
      "Y": 375.048279,
      "Z": 90.5340347,
      "Type": "None",
      "Action": ""
    },
    {
      "X": -9131.657,
      "Y": 379.258331,
      "Z": 90.51335,
      "Type": "None",
      "Action": ""
    },
    {
      "X": -9126.838,
      "Y": 383.5877,
      "Z": 90.85645,
      "Type": "None",
      "Action": ""
    },
    {
      "X": -9122.159,
      "Y": 387.790771,
      "Z": 91.55087,
      "Type": "None",
      "Action": ""
    },
    {
      "X": -9117.34,
      "Y": 392.120117,
      "Z": 92.12346,
      "Type": "None",
      "Action": ""
    },
    {
      "X": -9112.52,
      "Y": 396.4495,
      "Z": 92.47135,
      "Type": "None",
      "Action": ""
    },
    {
      "X": -9107.833,
      "Y": 400.659546,
      "Z": 92.61396,
      "Type": "None",
      "Action": ""
    },
    {
      "X": -9103.021,
      "Y": 404.981873,
      "Z": 92.64483,
      "Type": "None",
      "Action": ""
    },
    {
      "X": -9098.335,
      "Y": 409.191956,
      "Z": 92.45786,
      "Type": "None",
      "Action": ""
    },
    {
      "X": -9093.516,
      "Y": 413.5213,
      "Z": 92.08541,
      "Type": "None",
      "Action": ""
    },
    {
      "X": -9088.695,
      "Y": 417.850677,
      "Z": 92.1945,
      "Type": "None",
      "Action": ""
    },
    {
      "X": -9084.001,
      "Y": 422.067749,
      "Z": 92.46752,
      "Type": "None",
      "Action": ""
    },
    {
      "X": -9078.965,
      "Y": 426.1011,
      "Z": 92.77034,
      "Type": "None",
      "Action": ""
    },
    {
      "X": -9073.932,
      "Y": 429.890472,
      "Z": 93.05602,
      "Type": "None",
      "Action": ""
    },
    {
      "X": -9068.78,
      "Y": 433.801758,
      "Z": 93.05602,
      "Type": "None",
      "Action": ""
    },
    {
      "X": -9063.755,
      "Y": 437.617828,
      "Z": 93.05602,
      "Type": "None",
      "Action": ""
    },
    {
      "X": -9058.604,
      "Y": 441.5291,
      "Z": 93.05602,
      "Type": "None",
      "Action": ""
    },
    {
      "X": -9053.586,
      "Y": 445.338837,
      "Z": 93.05602,
      "Type": "None",
      "Action": ""
    },
    {
      "X": -9048.426,
      "Y": 449.25647,
      "Z": 93.05602,
      "Type": "None",
      "Action": ""
    },
    {
      "X": -9043.274,
      "Y": 453.167755,
      "Z": 93.05602,
      "Type": "None",
      "Action": ""
    },
    {
      "X": -9038.115,
      "Y": 457.085419,
      "Z": 93.05602,
      "Type": "None",
      "Action": ""
    },
    {
      "X": -9033.098,
      "Y": 460.8951,
      "Z": 93.09923,
      "Type": "None",
      "Action": ""
    },
    {
      "X": -9027.946,
      "Y": 464.8064,
      "Z": 94.03274,
      "Type": "None",
      "Action": ""
    },
    {
      "X": -9022.929,
      "Y": 468.616119,
      "Z": 94.94257,
      "Type": "None",
      "Action": ""
    },
    {
      "X": -9017.769,
      "Y": 472.533752,
      "Z": 95.7346649,
      "Type": "None",
      "Action": ""
    },
    {
      "X": -9012.617,
      "Y": 476.445068,
      "Z": 96.4613647,
      "Type": "None",
      "Action": ""
    },
    {
      "X": -9007.591,
      "Y": 480.2611,
      "Z": 96.5314255,
      "Type": "None",
      "Action": ""
    },
    {
      "X": -9002.439,
      "Y": 484.1724,
      "Z": 96.60373,
      "Type": "None",
      "Action": ""
    },
    {
      "X": -8997.288,
      "Y": 488.0837,
      "Z": 96.62134,
      "Type": "None",
      "Action": ""
    },
    {
      "X": -8992.263,
      "Y": 491.89975,
      "Z": 96.5765,
      "Type": "None",
      "Action": ""
    },
    {
      "X": -8987.103,
      "Y": 495.8174,
      "Z": 96.50555,
      "Type": "None",
      "Action": ""
    },
    {
      "X": -8982.094,
      "Y": 499.620758,
      "Z": 96.44379,
      "Type": "None",
      "Action": ""
    },
    {
      "X": -8976.934,
      "Y": 503.5384,
      "Z": 96.39852,
      "Type": "None",
      "Action": ""
    },
    {
      "X": -8972.925,
      "Y": 508.320618,
      "Z": 96.35645,
      "Type": "None",
      "Action": ""
    },
    {
      "X": -8970.392,
      "Y": 514.2612,
      "Z": 96.55095,
      "Type": "None",
      "Action": ""
    },
    {
      "X": -8968.665,
      "Y": 520.3187,
      "Z": 96.5953,
      "Type": "None",
      "Action": ""
    },
    {
      "X": -8967.646,
      "Y": 526.881836,
      "Z": 96.5953,
      "Type": "None",
      "Action": ""
    },
    {
      "X": -8967.098,
      "Y": 533.333862,
      "Z": 95.55679,
      "Type": "None",
      "Action": ""
    },
    {
      "X": -8966.563,
      "Y": 539.611145,
      "Z": 94.75963,
      "Type": "None",
      "Action": ""
    },
    {
      "X": -8965.961,
      "Y": 546.060852,
      "Z": 93.96705,
      "Type": "None",
      "Action": ""
    },
    {
      "X": -8965.205,
      "Y": 552.315247,
      "Z": 93.86285,
      "Type": "None",
      "Action": ""
    },
    {
      "X": -8962.692,
      "Y": 558.112854,
      "Z": 93.87479,
      "Type": "None",
      "Action": ""
    },
    {
      "X": -8957.021,
      "Y": 560.5663,
      "Z": 93.8374252,
      "Type": "None",
      "Action": ""
    },
    {
      "X": -8950.762,
      "Y": 559.2827,
      "Z": 93.8423538,
      "Type": "None",
      "Action": ""
    },
    {
      "X": -8944.795,
      "Y": 556.7948,
      "Z": 93.82705,
      "Type": "None",
      "Action": ""
    },
    {
      "X": -8939.106,
      "Y": 554.095764,
      "Z": 94.54986,
      "Type": "None",
      "Action": ""
    },
    {
      "X": -8933.44,
      "Y": 550.9588,
      "Z": 94.38232,
      "Type": "None",
      "Action": ""
    },
    {
      "X": -8927.624,
      "Y": 548.740967,
      "Z": 94.265564,
      "Type": "None",
      "Action": ""
    },
    {
      "X": -8921.643,
      "Y": 550.912537,
      "Z": 94.1342239,
      "Type": "None",
      "Action": ""
    },
    {
      "X": -8916.576,
      "Y": 554.6307,
      "Z": 93.92069,
      "Type": "None",
      "Action": ""
    },
    {
      "X": -8911.432,
      "Y": 558.568542,
      "Z": 93.5670242,
      "Type": "None",
      "Action": ""
    },
    {
      "X": -8906.43,
      "Y": 562.397949,
      "Z": 93.20065,
      "Type": "None",
      "Action": ""
    },
    {
      "X": -8901.294,
      "Y": 566.329468,
      "Z": 92.84677,
      "Type": "None",
      "Action": ""
    },
    {
      "X": -8896.291,
      "Y": 570.1589,
      "Z": 92.61884,
      "Type": "None",
      "Action": ""
    },
    {
      "X": -8891.153,
      "Y": 574.0918,
      "Z": 92.54743,
      "Type": "None",
      "Action": ""
    },
    {
      "X": -8886.142,
      "Y": 577.927551,
      "Z": 92.90096,
      "Type": "None",
      "Action": ""
    },
    {
      "X": -8881.006,
      "Y": 581.8591,
      "Z": 92.99602,
      "Type": "None",
      "Action": ""
    },
    {
      "X": -8876.004,
      "Y": 585.6885,
      "Z": 92.9131546,
      "Type": "None",
      "Action": ""
    },
    {
      "X": -8870.867,
      "Y": 589.62,
      "Z": 92.5412445,
      "Type": "None",
      "Action": ""
    },
    {
      "X": -8865.706,
      "Y": 593.5706,
      "Z": 92.27852,
      "Type": "None",
      "Action": ""
    },
    {
      "X": -8862.373,
      "Y": 598.8364,
      "Z": 92.0724,
      "Type": "None",
      "Action": ""
    },
    {
      "X": -8861.824,
      "Y": 605.140259,
      "Z": 92.3571548,
      "Type": "None",
      "Action": ""
    },
    {
      "X": -8864.479,
      "Y": 610.834045,
      "Z": 92.9421539,
      "Type": "None",
      "Action": ""
    },
    {
      "X": -8867.428,
      "Y": 616.6022,
      "Z": 93.75412,
      "Type": "None",
      "Action": ""
    },
    {
      "X": -8870.311,
      "Y": 622.394,
      "Z": 95.18809,
      "Type": "None",
      "Action": ""
    },
    {
      "X": -8871.758,
      "Y": 628.5033,
      "Z": 95.78749,
      "Type": "None",
      "Action": ""
    },
    {
      "X": -8871.3125,
      "Y": 634.9332,
      "Z": 95.78749,
      "Type": "None",
      "Action": ""
    },
    {
      "X": -8869.205,
      "Y": 640.8678,
      "Z": 95.78716,
      "Type": "None",
      "Action": ""
    },
    {
      "X": -8866.99,
      "Y": 646.9562,
      "Z": 96.07429,
      "Type": "None",
      "Action": ""
    },
    {
      "X": -8863.701,
      "Y": 652.4139,
      "Z": 96.2272,
      "Type": "None",
      "Action": ""
    },
    {
      "X": -8859.145,
      "Y": 656.7753,
      "Z": 96.43881,
      "Type": "None",
      "Action": ""
    },
    {
      "X": -8853.789,
      "Y": 660.3766,
      "Z": 96.9595261,
      "Type": "None",
      "Action": ""
    },
    {
      "X": -8848.21,
      "Y": 663.648132,
      "Z": 97.43809,
      "Type": "None",
      "Action": ""
    },
    {
      "X": -8842.792,
      "Y": 666.863037,
      "Z": 97.80874,
      "Type": "None",
      "Action": ""
    },
    {
      "X": -8837.374,
      "Y": 670.0779,
      "Z": 98.15787,
      "Type": "None",
      "Action": ""
    },
    {
      "X": -8831.802,
      "Y": 673.3838,
      "Z": 98.37977,
      "Type": "None",
      "Action": ""
    },
    {
      "X": -8827.033,
      "Y": 677.0523,
      "Z": 97.6042252,
      "Type": "None",
      "Action": ""
    },
    {
      "X": -8827.141,
      "Y": 682.802246,
      "Z": 97.14729,
      "Type": "None",
      "Action": ""
    },
    {
      "X": -8829.912,
      "Y": 688.6582,
      "Z": 97.30816,
      "Type": "None",
      "Action": ""
    },
    {
      "X": -8832.513,
      "Y": 694.3963,
      "Z": 97.4641647,
      "Type": "None",
      "Action": ""
    },
    {
      "X": -8835.1875,
      "Y": 700.296936,
      "Z": 97.61067,
      "Type": "None",
      "Action": ""
    },
    {
      "X": -8837.805,
      "Y": 706.0076,
      "Z": 97.63689,
      "Type": "None",
      "Action": ""
    },
    {
      "X": -8840.525,
      "Y": 711.8871,
      "Z": 97.58971,
      "Type": "None",
      "Action": ""
    },
    {
      "X": -8843.293,
      "Y": 717.5462,
      "Z": 97.44965,
      "Type": "None",
      "Action": ""
    },
    {
      "X": -8846.299,
      "Y": 723.2855,
      "Z": 97.12375,
      "Type": "None",
      "Action": ""
    },
    {
      "X": -8849.401,
      "Y": 728.9612,
      "Z": 98.49654,
      "Type": "None",
      "Action": ""
    },
    {
      "X": -8852.423,
      "Y": 734.4894,
      "Z": 100.145523,
      "Type": "None",
      "Action": ""
    },
    {
      "X": -8855.599,
      "Y": 739.9221,
      "Z": 100.668556,
      "Type": "None",
      "Action": ""
    },
    {
      "X": -8859.08,
      "Y": 745.3853,
      "Z": 100.2145,
      "Type": "None",
      "Action": ""
    },
    {
      "X": -8862.681,
      "Y": 750.758362,
      "Z": 99.17332,
      "Type": "None",
      "Action": ""
    },
    {
      "X": -8866.572,
      "Y": 755.8991,
      "Z": 97.81637,
      "Type": "None",
      "Action": ""
    },
    {
      "X": -8868.456,
      "Y": 761.6541,
      "Z": 96.79079,
      "Type": "None",
      "Action": ""
    },
    {
      "X": -8865.537,
      "Y": 766.8989,
      "Z": 96.88786,
      "Type": "None",
      "Action": ""
    },
    {
      "X": -8861.307,
      "Y": 771.120239,
      "Z": 96.6777954,
      "Type": "None",
      "Action": ""
    },
    {
      "X": -8855.85449,
      "Y": 774.612854,
      "Z": 96.16984,
      "Type": "None",
      "Action": ""
    },
    {
      "X": -8850.886,
      "Y": 778.4846,
      "Z": 95.8451,
      "Type": "None",
      "Action": ""
    },
    {
      "X": -8845.796,
      "Y": 782.4764,
      "Z": 95.8451,
      "Type": "None",
      "Action": ""
    },
    {
      "X": -8840.698,
      "Y": 786.4746,
      "Z": 95.8451,
      "Type": "None",
      "Action": ""
    },
    {
      "X": -8835.741,
      "Y": 790.3626,
      "Z": 95.96293,
      "Type": "None",
      "Action": ""
    },
    {
      "X": -8830.644,
      "Y": 794.36084,
      "Z": 96.66468,
      "Type": "None",
      "Action": ""
    },
    {
      "X": -8825.695,
      "Y": 798.242432,
      "Z": 97.34923,
      "Type": "None",
      "Action": ""
    },
    {
      "X": -8820.598,
      "Y": 802.240662,
      "Z": 98.0132751,
      "Type": "None",
      "Action": ""
    },
    {
      "X": -8815.442,
      "Y": 806.1532,
      "Z": 98.69395,
      "Type": "None",
      "Action": ""
    },
    {
      "X": -8810.461,
      "Y": 810.0092,
      "Z": 98.86993,
      "Type": "None",
      "Action": ""
    },
    {
      "X": -8805.387,
      "Y": 814.0193,
      "Z": 98.8848,
      "Type": "None",
      "Action": ""
    },
    {
      "X": -8800.044,
      "Y": 817.300354,
      "Z": 97.63473,
      "Type": "None",
      "Action": ""
    },
    {
      "X": -8794.031,
      "Y": 819.025146,
      "Z": 97.63473,
      "Type": "None",
      "Action": ""
    },
    {
      "X": -8789.02,
      "Y": 823.0198,
      "Z": 97.63791,
      "Type": "None",
      "Action": ""
    },
    {
      "X": -8785.183,
      "Y": 828.016846,
      "Z": 97.65063,
      "Type": "None",
      "Action": ""
    },
    {
      "X": -8775.614,
      "Y": 837.892,
      "Z": 92.58341,
      "Type": "None",
      "Action": ""
    },
    {
      "X": -8765.198,
      "Y": 845.8672,
      "Z": 87.64347,
      "Type": "None",
      "Action": ""
    },
    {
      "X": -8763.285,
      "Y": 849.674,
      "Z": 85.1868439,
      "Type": "None",
      "Action": ""
    }
  ],
  "OffMeshConnections": [
    {
      "Path": [
        {
          "X": 100.094933,
          "Y": -115.921234,
          "Z": -35.1895523,
          "Type": "None",
          "Action": ""
        },
        {
          "X": 97.17165,
          "Y": -121.244652,
          "Z": -33.9395638,
          "Type": "None",
          "Action": ""
        },
        {
          "X": 94.62561,
          "Y": -125.835968,
          "Z": -33.9395638,
          "Type": "None",
          "Action": ""
        }
      ],
      "ContinentId": 34,
      "Type": 0,
      "TryToUseEvenIfCanFindPathSuccess": true,
      "Name": "Stormwind Stockade"
    }
  ]
}