{
  "StepModels": [
    {
      "$type": "WholesomeDungeonCrawler.Models.MoveAlongPathModel, WholesomeDungeonCrawler",
      "Path": [
        {
          "X": -21.194294,
          "Y": -375.698029,
          "Z": 60.8318138,
          "Type": "None",
          "Action": ""
        },
        {
          "X": -26.4116135,
          "Y": -376.282867,
          "Z": 60.1667747,
          "Type": "None",
          "Action": ""
        },
        {
          "X": -32.83436,
          "Y": -376.753967,
          "Z": 59.17988,
          "Type": "None",
          "Action": ""
        },
        {
          "X": -37.98274,
          "Y": -377.569,
          "Z": 56.8471336,
          "Type": "None",
          "Action": ""
        },
        {
          "X": -46.6420135,
          "Y": -380.651855,
          "Z": 55.2867661,
          "Type": "None",
          "Action": ""
        },
        {
          "X": -54.34717,
          "Y": -378.98114,
          "Z": 54.24323,
          "Type": "None",
          "Action": ""
        },
        {
          "X": -61.2398643,
          "Y": -380.202118,
          "Z": 53.91816,
          "Type": "None",
          "Action": ""
        },
        {
          "X": -66.9608,
          "Y": -381.2155,
          "Z": 53.8304329,
          "Type": "None",
          "Action": ""
        },
        {
          "X": -74.229744,
          "Y": -379.019775,
          "Z": 55.04917,
          "Type": "None",
          "Action": ""
        },
        {
          "X": -81.61103,
          "Y": -377.1446,
          "Z": 56.1181564,
          "Type": "None",
          "Action": ""
        },
        {
          "X": -87.94338,
          "Y": -376.18338,
          "Z": 57.6302338,
          "Type": "None",
          "Action": ""
        },
        {
          "X": -98.435936,
          "Y": -376.578674,
          "Z": 58.4542847,
          "Type": "None",
          "Action": ""
        },
        {
          "X": -103.070618,
          "Y": -380.140076,
          "Z": 57.6224251,
          "Type": "None",
          "Action": ""
        },
        {
          "X": -112.182373,
          "Y": -382.051117,
          "Z": 57.5487556,
          "Type": "None",
          "Action": ""
        },
        {
          "X": -118.231209,
          "Y": -384.261078,
          "Z": 58.6554,
          "Type": "None",
          "Action": ""
        },
        {
          "X": -124.055305,
          "Y": -390.621063,
          "Z": 58.8598747,
          "Type": "None",
          "Action": ""
        },
        {
          "X": -129.143951,
          "Y": -395.426239,
          "Z": 59.0992432,
          "Type": "None",
          "Action": ""
        },
        {
          "X": -134.137,
          "Y": -399.481445,
          "Z": 58.9255638,
          "Type": "None",
          "Action": ""
        },
        {
          "X": -139.877747,
          "Y": -400.375641,
          "Z": 58.319313,
          "Type": "None",
          "Action": ""
        },
        {
          "X": -147.998245,
          "Y": -400.366241,
          "Z": 57.0423279,
          "Type": "None",
          "Action": ""
        },
        {
          "X": -154.354752,
          "Y": -399.579559,
          "Z": 56.5075455,
          "Type": "None",
          "Action": ""
        },
        {
          "X": -164.783691,
          "Y": -398.369354,
          "Z": 56.65185,
          "Type": "None",
          "Action": ""
        },
        {
          "X": -172.759567,
          "Y": -404.604828,
          "Z": 56.76478,
          "Type": "None",
          "Action": ""
        },
        {
          "X": -178.976425,
          "Y": -413.066528,
          "Z": 55.2839432,
          "Type": "None",
          "Action": ""
        },
        {
          "X": -182.244522,
          "Y": -418.575,
          "Z": 54.43298,
          "Type": "None",
          "Action": ""
        },
        {
          "X": -186.808182,
          "Y": -425.998962,
          "Z": 53.9585838,
          "Type": "None",
          "Action": ""
        },
        {
          "X": -190.223709,
          "Y": -431.458618,
          "Z": 53.72854,
          "Type": "None",
          "Action": ""
        },
        {
          "X": -191.505112,
          "Y": -437.134857,
          "Z": 53.32565,
          "Type": "None",
          "Action": ""
        },
        {
          "X": -193.26387,
          "Y": -445.624542,
          "Z": 54.1353836,
          "Type": "None",
          "Action": ""
        }
      ],
      "Name": "Boss 1",
      "Order": 0,
      "CompleteCondition": {
        "HasCompleteCondition": true,
        "ConditionType": 4,
        "GameObjectId": 0,
        "InitialFlags": 0,
        "ItemId": 0,
        "CSharpCondition": null,
        "DeadMobId": 644,
        "MobPositionId": 0,
        "MobId": 0,
        "MobPositionVector": null,
        "LOSPositionVector": null,
        "WaitTime": 0
      }
    },
    {
      "$type": "WholesomeDungeonCrawler.Models.MoveAlongPathModel, WholesomeDungeonCrawler",
      "Path": [
        {
          "X": -191.580521,
          "Y": -455.3499,
          "Z": 54.470726,
          "Type": "None",
          "Action": ""
        },
        {
          "X": -190.637772,
          "Y": -460.514526,
          "Z": 54.55093,
          "Type": "None",
          "Action": ""
        },
        {
          "X": -189.810028,
          "Y": -465.697021,
          "Z": 54.1789322,
          "Type": "None",
          "Action": ""
        },
        {
          "X": -188.855209,
          "Y": -474.394562,
          "Z": 54.0472374,
          "Type": "None",
          "Action": ""
        },
        {
          "X": -188.683975,
          "Y": -479.603363,
          "Z": 54.04734,
          "Type": "None",
          "Action": ""
        },
        {
          "X": -190.417145,
          "Y": -488.6006,
          "Z": 54.04771,
          "Type": "None",
          "Action": ""
        },
        {
          "X": -189.2408,
          "Y": -497.6831,
          "Z": 53.3466263,
          "Type": "None",
          "Action": ""
        },
        {
          "X": -192.303848,
          "Y": -502.6082,
          "Z": 52.95364,
          "Type": "None",
          "Action": ""
        },
        {
          "X": -198.800049,
          "Y": -507.381866,
          "Z": 53.1421738,
          "Type": "None",
          "Action": ""
        },
        {
          "X": -207.453751,
          "Y": -507.760468,
          "Z": 51.4824371,
          "Type": "None",
          "Action": ""
        },
        {
          "X": -214.44249,
          "Y": -501.6024,
          "Z": 51.00599,
          "Type": "None",
          "Action": ""
        },
        {
          "X": -218.610123,
          "Y": -496.6968,
          "Z": 48.90947,
          "Type": "None",
          "Action": ""
        },
        {
          "X": -223.796982,
          "Y": -490.3586,
          "Z": 48.2813759,
          "Type": "None",
          "Action": ""
        },
        {
          "X": -229.13298,
          "Y": -484.147766,
          "Z": 48.83035,
          "Type": "None",
          "Action": ""
        },
        {
          "X": -237.565277,
          "Y": -481.7058,
          "Z": 49.1779,
          "Type": "None",
          "Action": ""
        },
        {
          "X": -243.368118,
          "Y": -481.994232,
          "Z": 48.85914,
          "Type": "None",
          "Action": ""
        },
        {
          "X": -249.800171,
          "Y": -482.3139,
          "Z": 49.4486237,
          "Type": "None",
          "Action": ""
        },
        {
          "X": -260.186584,
          "Y": -482.248138,
          "Z": 49.44857,
          "Type": "None",
          "Action": ""
        }
      ],
      "Name": "Boss 2a",
      "Order": 1,
      "CompleteCondition": {
        "HasCompleteCondition": false,
        "ConditionType": 0,
        "GameObjectId": 0,
        "InitialFlags": 0,
        "ItemId": 0,
        "CSharpCondition": null,
        "DeadMobId": 0,
        "MobPositionId": 0,
        "MobId": 0,
        "MobPositionVector": null,
        "LOSPositionVector": null,
        "WaitTime": 0
      }
    },
    {
      "$type": "WholesomeDungeonCrawler.Models.MoveAlongPathModel, WholesomeDungeonCrawler",
      "Path": [
        {
          "X": -266.140839,
          "Y": -482.641876,
          "Z": 49.32539,
          "Type": "None",
          "Action": ""
        },
        {
          "X": -271.94986,
          "Y": -482.747864,
          "Z": 48.84759,
          "Type": "None",
          "Action": ""
        },
        {
          "X": -282.633972,
          "Y": -479.970062,
          "Z": 49.1372261,
          "Type": "None",
          "Action": ""
        },
        {
          "X": -277.637939,
          "Y": -486.9743,
          "Z": 48.9887161,
          "Type": "None",
          "Action": ""
        },
        {
          "X": -283.710876,
          "Y": -484.938751,
          "Z": 49.8911057,
          "Type": "None",
          "Action": ""
        },
        {
          "X": -286.926727,
          "Y": -489.819519,
          "Z": 49.8396072,
          "Type": "None",
          "Action": ""
        },
        {
          "X": -279.255737,
          "Y": -492.613068,
          "Z": 49.2832565,
          "Type": "None",
          "Action": ""
        },
        {
          "X": -280.938324,
          "Y": -498.210663,
          "Z": 49.398407,
          "Type": "None",
          "Action": ""
        },
        {
          "X": -285.79184,
          "Y": -501.763824,
          "Z": 49.421772,
          "Type": "None",
          "Action": ""
        },
        {
          "X": -288.706329,
          "Y": -507.720245,
          "Z": 49.9206848,
          "Type": "None",
          "Action": ""
        },
        {
          "X": -288.816864,
          "Y": -514.71936,
          "Z": 49.59573,
          "Type": "None",
          "Action": ""
        },
        {
          "X": -294.718262,
          "Y": -523.2398,
          "Z": 49.10019,
          "Type": "None",
          "Action": ""
        },
        {
          "X": -298.4057,
          "Y": -528.5084,
          "Z": 49.3274574,
          "Type": "None",
          "Action": ""
        }
      ],
      "Name": "Boss 2b",
      "Order": 3,
      "CompleteCondition": {
        "HasCompleteCondition": false,
        "ConditionType": 0,
        "GameObjectId": 0,
        "InitialFlags": 0,
        "ItemId": 0,
        "CSharpCondition": null,
        "DeadMobId": 0,
        "MobPositionId": 0,
        "MobId": 0,
        "MobPositionVector": null,
        "LOSPositionVector": null,
        "WaitTime": 0
      }
    },
    {
      "$type": "WholesomeDungeonCrawler.Models.MoveAlongPathModel, WholesomeDungeonCrawler",
      "Path": [
        {
          "X": -290.334625,
          "Y": -539.099365,
          "Z": 49.4478645,
          "Type": "None",
          "Action": ""
        },
        {
          "X": -290.1955,
          "Y": -545.5335,
          "Z": 49.4478645,
          "Type": "None",
          "Action": ""
        },
        {
          "X": -289.421844,
          "Y": -553.843567,
          "Z": 49.4479446,
          "Type": "None",
          "Action": ""
        },
        {
          "X": -289.27124,
          "Y": -562.4807,
          "Z": 48.9658,
          "Type": "None",
          "Action": ""
        },
        {
          "X": -289.6011,
          "Y": -567.6495,
          "Z": 49.1937675,
          "Type": "None",
          "Action": ""
        },
        {
          "X": -294.107666,
          "Y": -573.7439,
          "Z": 48.68086,
          "Type": "None",
          "Action": ""
        },
        {
          "X": -298.800781,
          "Y": -578.8903,
          "Z": 47.40988,
          "Type": "None",
          "Action": ""
        },
        {
          "X": -303.271118,
          "Y": -584.2543,
          "Z": 47.82442,
          "Type": "None",
          "Action": ""
        },
        {
          "X": -307.338928,
          "Y": -591.320068,
          "Z": 47.7371674,
          "Type": "None",
          "Action": ""
        },
        {
          "X": -304.796722,
          "Y": -596.7175,
          "Z": 48.1522446,
          "Type": "None",
          "Action": ""
        },
        {
          "X": -302.4629,
          "Y": -601.4202,
          "Z": 47.8309441,
          "Type": "None",
          "Action": ""
        },
        {
          "X": -295.498749,
          "Y": -600.7143,
          "Z": 47.4520569,
          "Type": "None",
          "Action": ""
        },
        {
          "X": -285.654175,
          "Y": -599.6237,
          "Z": 48.9860458,
          "Type": "None",
          "Action": ""
        },
        {
          "X": -281.100677,
          "Y": -594.3162,
          "Z": 50.4801178,
          "Type": "None",
          "Action": ""
        },
        {
          "X": -275.544983,
          "Y": -586.7586,
          "Z": 50.2316856,
          "Type": "None",
          "Action": ""
        },
        {
          "X": -272.3219,
          "Y": -582.6156,
          "Z": 50.14284,
          "Type": "None",
          "Action": ""
        },
        {
          "X": -265.114258,
          "Y": -580.2297,
          "Z": 50.56238,
          "Type": "None",
          "Action": ""
        },
        {
          "X": -258.239777,
          "Y": -579.514832,
          "Z": 51.14989,
          "Type": "None",
          "Action": ""
        },
        {
          "X": -251.278137,
          "Y": -579.158142,
          "Z": 51.1477623,
          "Type": "None",
          "Action": ""
        },
        {
          "X": -244.31662,
          "Y": -578.449463,
          "Z": 51.1485519,
          "Type": "None",
          "Action": ""
        }
      ],
      "Name": "Boss 3a",
      "Order": 6,
      "CompleteCondition": null
    },
    {
      "$type": "WholesomeDungeonCrawler.Models.MoveAlongPathModel, WholesomeDungeonCrawler",
      "Path": [
        {
          "X": -238.5161,
          "Y": -578.7815,
          "Z": 51.2091637,
          "Type": "None",
          "Action": ""
        },
        {
          "X": -234.191208,
          "Y": -575.8087,
          "Z": 51.22028,
          "Type": "None",
          "Action": ""
        },
        {
          "X": -229.718887,
          "Y": -569.673035,
          "Z": 51.23315,
          "Type": "None",
          "Action": ""
        },
        {
          "X": -226.68544,
          "Y": -565.3453,
          "Z": 51.2298737,
          "Type": "None",
          "Action": ""
        },
        {
          "X": -221.602509,
          "Y": -559.785767,
          "Z": 51.2298737,
          "Type": "None",
          "Action": ""
        },
        {
          "X": -215.541824,
          "Y": -556.325256,
          "Z": 51.2298737,
          "Type": "None",
          "Action": ""
        },
        {
          "X": -208.817108,
          "Y": -554.413,
          "Z": 51.2298737,
          "Type": "None",
          "Action": ""
        },
        {
          "X": -201.3117,
          "Y": -553.639465,
          "Z": 51.2298737,
          "Type": "None",
          "Action": ""
        },
        {
          "X": -194.604263,
          "Y": -555.5159,
          "Z": 51.2298737,
          "Type": "None",
          "Action": ""
        },
        {
          "X": -188.666733,
          "Y": -559.1996,
          "Z": 51.2298737,
          "Type": "None",
          "Action": ""
        },
        {
          "X": -184.570892,
          "Y": -562.483032,
          "Z": 51.2298737,
          "Type": "None",
          "Action": ""
        },
        {
          "X": -181.683289,
          "Y": -570.0978,
          "Z": 49.96281,
          "Type": "None",
          "Action": ""
        },
        {
          "X": -180.068,
          "Y": -574.4904,
          "Z": 47.9024773,
          "Type": "None",
          "Action": ""
        },
        {
          "X": -179.11586,
          "Y": -580.2552,
          "Z": 45.5301628,
          "Type": "None",
          "Action": ""
        },
        {
          "X": -179.6004,
          "Y": -584.9164,
          "Z": 43.7819977,
          "Type": "None",
          "Action": ""
        },
        {
          "X": -181.414215,
          "Y": -591.6725,
          "Z": 41.06239,
          "Type": "None",
          "Action": ""
        },
        {
          "X": -183.933334,
          "Y": -596.2659,
          "Z": 39.1231842,
          "Type": "None",
          "Action": ""
        },
        {
          "X": -187.12793,
          "Y": -599.647644,
          "Z": 37.1461449,
          "Type": "None",
          "Action": ""
        },
        {
          "X": -192.639313,
          "Y": -603.9243,
          "Z": 34.4045,
          "Type": "None",
          "Action": ""
        },
        {
          "X": -202.347717,
          "Y": -605.626831,
          "Z": 30.8086243,
          "Type": "None",
          "Action": ""
        },
        {
          "X": -209.894592,
          "Y": -605.463257,
          "Z": 27.8453789,
          "Type": "None",
          "Action": ""
        },
        {
          "X": -219.169586,
          "Y": -604.487061,
          "Z": 24.1290684,
          "Type": "None",
          "Action": ""
        },
        {
          "X": -228.049576,
          "Y": -600.3705,
          "Z": 20.76414,
          "Type": "None",
          "Action": ""
        },
        {
          "X": -233.978867,
          "Y": -598.129944,
          "Z": 19.8885746,
          "Type": "None",
          "Action": ""
        },
        {
          "X": -239.2505,
          "Y": -590.6124,
          "Z": 19.306469,
          "Type": "None",
          "Action": ""
        },
        {
          "X": -240.04454,
          "Y": -584.1572,
          "Z": 19.306469,
          "Type": "None",
          "Action": ""
        },
        {
          "X": -239.7403,
          "Y": -577.693848,
          "Z": 19.306469,
          "Type": "None",
          "Action": ""
        },
        {
          "X": -238.5539,
          "Y": -570.1875,
          "Z": 19.306469,
          "Type": "None",
          "Action": ""
        },
        {
          "X": -236.38855,
          "Y": -565.6798,
          "Z": 19.306469,
          "Type": "None",
          "Action": ""
        },
        {
          "X": -233.200516,
          "Y": -560.8105,
          "Z": 19.306469,
          "Type": "None",
          "Action": ""
        },
        {
          "X": -228.9114,
          "Y": -557.352,
          "Z": 19.306469,
          "Type": "None",
          "Action": ""
        },
        {
          "X": -224.6557,
          "Y": -553.8098,
          "Z": 19.306469,
          "Type": "None",
          "Action": ""
        },
        {
          "X": -220.063248,
          "Y": -548.6285,
          "Z": 19.306469,
          "Type": "None",
          "Action": ""
        },
        {
          "X": -213.66069,
          "Y": -548.4527,
          "Z": 19.306469,
          "Type": "None",
          "Action": ""
        }
      ],
      "Name": "Boss 3b",
      "Order": 8,
      "CompleteCondition": null
    },
    {
      "$type": "WholesomeDungeonCrawler.Models.MoveAlongPathModel, WholesomeDungeonCrawler",
      "Path": [
        {
          "X": -244.31662,
          "Y": -578.449463,
          "Z": 51.1485519,
          "Type": "None",
          "Action": ""
        },
        {
          "X": -205.353287,
          "Y": -600.063049,
          "Z": 20.5360222,
          "Type": "None",
          "Action": ""
        },
        {
          "X": -201.667038,
          "Y": -592.136963,
          "Z": 20.9768353,
          "Type": "None",
          "Action": ""
        },
        {
          "X": -196.3184,
          "Y": -585.934753,
          "Z": 20.9768353,
          "Type": "None",
          "Action": ""
        },
        {
          "X": -190.471725,
          "Y": -579.443,
          "Z": 20.9768353,
          "Type": "None",
          "Action": ""
        },
        {
          "X": -182.359756,
          "Y": -578.9468,
          "Z": 19.307436,
          "Type": "None",
          "Action": ""
        },
        {
          "X": -173.671631,
          "Y": -579.89624,
          "Z": 19.3122158,
          "Type": "None",
          "Action": ""
        }
      ],
      "Name": "Move to doors",
      "Order": 10,
      "CompleteCondition": null
    },
    {
      "$type": "WholesomeDungeonCrawler.Models.MoveAlongPathModel, WholesomeDungeonCrawler",
      "Path": [
        {
          "X": -157.700668,
          "Y": -579.2628,
          "Z": 19.3135128,
          "Type": "None",
          "Action": ""
        },
        {
          "X": -152.459122,
          "Y": -578.965149,
          "Z": 19.3153038,
          "Type": "None",
          "Action": ""
        },
        {
          "X": -143.650558,
          "Y": -578.5506,
          "Z": 18.8106766,
          "Type": "None",
          "Action": ""
        },
        {
          "X": -137.89534,
          "Y": -580.938,
          "Z": 18.17292,
          "Type": "None",
          "Action": ""
        },
        {
          "X": -132.634384,
          "Y": -587.1493,
          "Z": 18.3815441,
          "Type": "None",
          "Action": ""
        },
        {
          "X": -130.93898,
          "Y": -593.2557,
          "Z": 17.4927769,
          "Type": "None",
          "Action": ""
        },
        {
          "X": -131.093246,
          "Y": -600.2182,
          "Z": 15.9987469,
          "Type": "None",
          "Action": ""
        },
        {
          "X": -131.565613,
          "Y": -607.7976,
          "Z": 14.3712864,
          "Type": "None",
          "Action": ""
        },
        {
          "X": -127.2054,
          "Y": -612.705139,
          "Z": 14.1693716,
          "Type": "None",
          "Action": ""
        },
        {
          "X": -122.018028,
          "Y": -615.502441,
          "Z": 13.8732386,
          "Type": "None",
          "Action": ""
        },
        {
          "X": -116.21344,
          "Y": -616.1863,
          "Z": 13.8443089,
          "Type": "None",
          "Action": ""
        },
        {
          "X": -109.276909,
          "Y": -616.808655,
          "Z": 13.6721821,
          "Type": "None",
          "Action": ""
        }
      ],
      "Name": "Boss 4a",
      "Order": 12,
      "CompleteCondition": {
        "HasCompleteCondition": false,
        "ConditionType": 0,
        "GameObjectId": 0,
        "InitialFlags": 0,
        "ItemId": 0,
        "CSharpCondition": null,
        "DeadMobId": 0,
        "MobPositionId": 0,
        "MobId": 0,
        "MobPositionVector": null,
        "LOSPositionVector": null,
        "WaitTime": 0
      }
    },
    {
      "$type": "WholesomeDungeonCrawler.Models.MoveAlongPathModel, WholesomeDungeonCrawler",
      "Path": [
        {
          "X": -104.057266,
          "Y": -656.614,
          "Z": 7.423765,
          "Type": "None",
          "Action": ""
        },
        {
          "X": -102.846779,
          "Y": -662.2965,
          "Z": 7.421991,
          "Type": "None",
          "Action": ""
        },
        {
          "X": -100.659157,
          "Y": -672.5661,
          "Z": 7.42042732,
          "Type": "None",
          "Action": ""
        },
        {
          "X": -99.4413757,
          "Y": -678.2828,
          "Z": 7.42042732,
          "Type": "None",
          "Action": ""
        },
        {
          "X": -98.09963,
          "Y": -684.5814,
          "Z": 7.426561,
          "Type": "None",
          "Action": ""
        },
        {
          "X": -96.79368,
          "Y": -690.688049,
          "Z": 8.157773,
          "Type": "None",
          "Action": ""
        },
        {
          "X": -96.51228,
          "Y": -699.9934,
          "Z": 8.749851,
          "Type": "None",
          "Action": ""
        },
        {
          "X": -96.07588,
          "Y": -708.732361,
          "Z": 8.811358,
          "Type": "None",
          "Action": ""
        },
        {
          "X": -95.54602,
          "Y": -718.0624,
          "Z": 8.55207,
          "Type": "None",
          "Action": ""
        },
        {
          "X": -95.1216,
          "Y": -723.3287,
          "Z": 8.460945,
          "Type": "None",
          "Action": ""
        },
        {
          "X": -85.1007156,
          "Y": -726.243652,
          "Z": 8.922193,
          "Type": "None",
          "Action": ""
        },
        {
          "X": -79.05687,
          "Y": -728.363953,
          "Z": 8.949469,
          "Type": "None",
          "Action": ""
        },
        {
          "X": -71.7823257,
          "Y": -730.403931,
          "Z": 8.406546,
          "Type": "None",
          "Action": ""
        },
        {
          "X": -65.45072,
          "Y": -731.348633,
          "Z": 8.365914,
          "Type": "None",
          "Action": ""
        },
        {
          "X": -56.1560631,
          "Y": -730.379944,
          "Z": 9.160887,
          "Type": "None",
          "Action": ""
        },
        {
          "X": -49.7507553,
          "Y": -729.7124,
          "Z": 9.23743248,
          "Type": "None",
          "Action": ""
        },
        {
          "X": -42.19667,
          "Y": -728.9251,
          "Z": 8.917823,
          "Type": "None",
          "Action": ""
        },
        {
          "X": -36.9508476,
          "Y": -729.118469,
          "Z": 8.895079,
          "Type": "None",
          "Action": ""
        },
        {
          "X": -30.0363445,
          "Y": -730.0588,
          "Z": 8.355263,
          "Type": "None",
          "Action": ""
        },
        {
          "X": -24.5108376,
          "Y": -731.950867,
          "Z": 8.322287,
          "Type": "None",
          "Action": ""
        },
        {
          "X": -17.6736,
          "Y": -736.3675,
          "Z": 8.740999,
          "Type": "None",
          "Action": ""
        },
        {
          "X": -11.9886551,
          "Y": -742.189758,
          "Z": 9.061297,
          "Type": "None",
          "Action": ""
        },
        {
          "X": -8.51787,
          "Y": -746.175354,
          "Z": 8.982675,
          "Type": "None",
          "Action": ""
        },
        {
          "X": -3.53005362,
          "Y": -751.902954,
          "Z": 8.807823,
          "Type": "None",
          "Action": ""
        },
        {
          "X": 0.463402838,
          "Y": -758.3372,
          "Z": 9.359815,
          "Type": "None",
          "Action": ""
        },
        {
          "X": 1.98294759,
          "Y": -766.288635,
          "Z": 9.746319,
          "Type": "None",
          "Action": ""
        },
        {
          "X": 2.39760542,
          "Y": -771.522034,
          "Z": 9.595197,
          "Type": "None",
          "Action": ""
        },
        {
          "X": 0.354664683,
          "Y": -779.360535,
          "Z": 9.79195,
          "Type": "None",
          "Action": ""
        },
        {
          "X": -5.10608339,
          "Y": -783.735962,
          "Z": 10.5642176,
          "Type": "None",
          "Action": ""
        },
        {
          "X": -9.248716,
          "Y": -786.961,
          "Z": 12.8517532,
          "Type": "None",
          "Action": ""
        },
        {
          "X": -14.7998457,
          "Y": -791.2826,
          "Z": 15.9170465,
          "Type": "None",
          "Action": ""
        }
      ],
      "Name": "Boss 4b",
      "Order": 16,
      "CompleteCondition": {
        "HasCompleteCondition": false,
        "ConditionType": 0,
        "GameObjectId": 0,
        "InitialFlags": 0,
        "ItemId": 0,
        "CSharpCondition": null,
        "DeadMobId": 0,
        "MobPositionId": 0,
        "MobId": 0,
        "MobPositionVector": null,
        "LOSPositionVector": null,
        "WaitTime": 0
      }
    },
    {
      "$type": "WholesomeDungeonCrawler.Models.MoveAlongPathModel, WholesomeDungeonCrawler",
      "Path": [
        {
          "X": -19.7274036,
          "Y": -794.740234,
          "Z": 18.53853,
          "Type": "None",
          "Action": ""
        },
        {
          "X": -27.6401024,
          "Y": -797.825867,
          "Z": 19.2515945,
          "Type": "None",
          "Action": ""
        },
        {
          "X": -34.29396,
          "Y": -792.3415,
          "Z": 18.9390678,
          "Type": "None",
          "Action": ""
        },
        {
          "X": -41.56448,
          "Y": -787.549744,
          "Z": 18.6195145,
          "Type": "None",
          "Action": ""
        },
        {
          "X": -49.8380737,
          "Y": -785.1138,
          "Z": 18.284977,
          "Type": "None",
          "Action": ""
        },
        {
          "X": -58.53107,
          "Y": -784.2671,
          "Z": 17.968605,
          "Type": "None",
          "Action": ""
        },
        {
          "X": -67.25516,
          "Y": -783.5942,
          "Z": 17.69839,
          "Type": "None",
          "Action": ""
        },
        {
          "X": -75.95752,
          "Y": -784.1796,
          "Z": 17.47399,
          "Type": "None",
          "Action": ""
        },
        {
          "X": -84.1856155,
          "Y": -786.7035,
          "Z": 17.3144455,
          "Type": "None",
          "Action": ""
        },
        {
          "X": -92.47055,
          "Y": -789.5181,
          "Z": 17.1717072,
          "Type": "None",
          "Action": ""
        },
        {
          "X": -100.642807,
          "Y": -792.294556,
          "Z": 17.063364,
          "Type": "None",
          "Action": ""
        },
        {
          "X": -108.927742,
          "Y": -795.109253,
          "Z": 16.960619,
          "Type": "None",
          "Action": ""
        },
        {
          "X": -117.355957,
          "Y": -795.2287,
          "Z": 16.8159161,
          "Type": "None",
          "Action": ""
        },
        {
          "X": -113.935966,
          "Y": -787.717163,
          "Z": 17.24189,
          "Type": "None",
          "Action": ""
        },
        {
          "X": -107.188087,
          "Y": -783.4292,
          "Z": 19.86318,
          "Type": "None",
          "Action": ""
        },
        {
          "X": -99.45253,
          "Y": -779.6041,
          "Z": 22.2422619,
          "Type": "None",
          "Action": ""
        },
        {
          "X": -91.1289444,
          "Y": -776.9956,
          "Z": 25.17945,
          "Type": "None",
          "Action": ""
        },
        {
          "X": -82.82207,
          "Y": -778.642,
          "Z": 26.7470837,
          "Type": "None",
          "Action": ""
        },
        {
          "X": -79.15021,
          "Y": -785.759,
          "Z": 26.3294048,
          "Type": "None",
          "Action": ""
        }
      ],
      "Name": "Boss 5a",
      "Order": 17,
      "CompleteCondition": null
    },
    {
      "$type": "WholesomeDungeonCrawler.Models.MoveAlongPathModel, WholesomeDungeonCrawler",
      "Path": [
        {
          "X": -87.147316,
          "Y": -786.061768,
          "Z": 26.445528,
          "Type": "None",
          "Action": ""
        },
        {
          "X": -95.31955,
          "Y": -788.838257,
          "Z": 27.3997173,
          "Type": "None",
          "Action": ""
        },
        {
          "X": -103.424469,
          "Y": -790.9111,
          "Z": 28.2496967,
          "Type": "None",
          "Action": ""
        },
        {
          "X": -102.375359,
          "Y": -799.004944,
          "Z": 29.1293621,
          "Type": "None",
          "Action": ""
        },
        {
          "X": -97.0288849,
          "Y": -804.847839,
          "Z": 30.72965,
          "Type": "None",
          "Action": ""
        },
        {
          "X": -90.95858,
          "Y": -800.980957,
          "Z": 34.59812,
          "Type": "None",
          "Action": ""
        },
        {
          "X": -82.95216,
          "Y": -797.490845,
          "Z": 38.13332,
          "Type": "None",
          "Action": ""
        },
        {
          "X": -74.50254,
          "Y": -795.507751,
          "Z": 38.6757622,
          "Type": "None",
          "Action": ""
        },
        {
          "X": -67.17046,
          "Y": -792.1016,
          "Z": 39.6378174,
          "Type": "None",
          "Action": ""
        },
        {
          "X": -58.75384,
          "Y": -790.4752,
          "Z": 39.10863,
          "Type": "None",
          "Action": ""
        },
        {
          "X": -50.1608124,
          "Y": -791.9394,
          "Z": 38.6769676,
          "Type": "None",
          "Action": ""
        },
        {
          "X": -42.77957,
          "Y": -796.0435,
          "Z": 39.3475952,
          "Type": "None",
          "Action": ""
        },
        {
          "X": -44.7782936,
          "Y": -803.668762,
          "Z": 41.82816,
          "Type": "None",
          "Action": ""
        },
        {
          "X": -51.5172272,
          "Y": -808.6396,
          "Z": 42.3708534,
          "Type": "None",
          "Action": ""
        },
        {
          "X": -59.6412048,
          "Y": -811.87085,
          "Z": 41.5970345,
          "Type": "None",
          "Action": ""
        },
        {
          "X": -66.67074,
          "Y": -816.7593,
          "Z": 40.92878,
          "Type": "None",
          "Action": ""
        },
        {
          "X": -74.42311,
          "Y": -819.812866,
          "Z": 40.23632,
          "Type": "None",
          "Action": ""
        },
        {
          "X": -82.9329,
          "Y": -819.8356,
          "Z": 39.54713,
          "Type": "None",
          "Action": ""
        }
      ],
      "Name": "Boss 5b",
      "Order": 19,
      "CompleteCondition": {
        "HasCompleteCondition": true,
        "ConditionType": 4,
        "GameObjectId": 0,
        "InitialFlags": 0,
        "ItemId": 0,
        "CSharpCondition": null,
        "DeadMobId": 639,
        "MobPositionId": 0,
        "MobId": 0,
        "MobPositionVector": null,
        "LOSPositionVector": null,
        "WaitTime": 0
      }
    }
  ],
  "MapId": 36,
  "Name": "DM",
  "DeathRunPath": [
    {
      "X": -10546.9,
      "Y": 1197.24,
      "Z": 31.7246,
      "Type": "None",
      "Action": ""
    },
    {
      "X": -10554.9277,
      "Y": 1194.9906,
      "Z": 31.50266,
      "Type": "None",
      "Action": ""
    },
    {
      "X": -10563.27,
      "Y": 1193.17688,
      "Z": 31.520792,
      "Type": "None",
      "Action": ""
    },
    {
      "X": -10571.6426,
      "Y": 1191.49207,
      "Z": 33.05429,
      "Type": "None",
      "Action": ""
    },
    {
      "X": -10580.2373,
      "Y": 1189.76245,
      "Z": 34.56683,
      "Type": "None",
      "Action": ""
    },
    {
      "X": -10588.6787,
      "Y": 1188.06384,
      "Z": 35.1614952,
      "Type": "None",
      "Action": ""
    },
    {
      "X": -10597.0986,
      "Y": 1186.36951,
      "Z": 35.2859879,
      "Type": "None",
      "Action": ""
    },
    {
      "X": -10605.2969,
      "Y": 1184.0614,
      "Z": 35.13055,
      "Type": "None",
      "Action": ""
    },
    {
      "X": -10612.5918,
      "Y": 1179.799,
      "Z": 34.41547,
      "Type": "None",
      "Action": ""
    },
    {
      "X": -10619.5313,
      "Y": 1174.61646,
      "Z": 34.17337,
      "Type": "None",
      "Action": ""
    },
    {
      "X": -10626.2559,
      "Y": 1169.36218,
      "Z": 34.5027847,
      "Type": "None",
      "Action": ""
    },
    {
      "X": -10632.94,
      "Y": 1164.06885,
      "Z": 34.2623,
      "Type": "None",
      "Action": ""
    },
    {
      "X": -10639.6855,
      "Y": 1158.73608,
      "Z": 33.36587,
      "Type": "None",
      "Action": ""
    },
    {
      "X": -10646.6885,
      "Y": 1154.005,
      "Z": 33.41612,
      "Type": "None",
      "Action": ""
    },
    {
      "X": -10654.9688,
      "Y": 1152.13318,
      "Z": 33.55002,
      "Type": "None",
      "Action": ""
    },
    {
      "X": -10663.5518,
      "Y": 1150.87878,
      "Z": 33.6885757,
      "Type": "None",
      "Action": ""
    },
    {
      "X": -10672.001,
      "Y": 1149.58911,
      "Z": 33.62055,
      "Type": "None",
      "Action": ""
    },
    {
      "X": -10680.3877,
      "Y": 1148.30908,
      "Z": 33.8354874,
      "Type": "None",
      "Action": ""
    },
    {
      "X": -10688.8125,
      "Y": 1146.93457,
      "Z": 35.1134872,
      "Type": "None",
      "Action": ""
    },
    {
      "X": -10697.2979,
      "Y": 1145.55017,
      "Z": 39.041954,
      "Type": "None",
      "Action": ""
    },
    {
      "X": -10704.668,
      "Y": 1149.06848,
      "Z": 43.6890678,
      "Type": "None",
      "Action": ""
    },
    {
      "X": -10709.3926,
      "Y": 1154.293,
      "Z": 48.8558,
      "Type": "None",
      "Action": ""
    },
    {
      "X": -10714.42,
      "Y": 1160.34106,
      "Z": 53.81762,
      "Type": "None",
      "Action": ""
    },
    {
      "X": -10719.9648,
      "Y": 1166.99817,
      "Z": 56.1990623,
      "Type": "None",
      "Action": ""
    },
    {
      "X": -10725.4,
      "Y": 1173.76184,
      "Z": 57.22146,
      "Type": "None",
      "Action": ""
    },
    {
      "X": -10730.4678,
      "Y": 1180.7616,
      "Z": 57.52333,
      "Type": "None",
      "Action": ""
    },
    {
      "X": -10735.4609,
      "Y": 1187.6593,
      "Z": 56.8581734,
      "Type": "None",
      "Action": ""
    },
    {
      "X": -10740.4453,
      "Y": 1194.66736,
      "Z": 55.81768,
      "Type": "None",
      "Action": ""
    },
    {
      "X": -10745.3672,
      "Y": 1201.89819,
      "Z": 55.5140457,
      "Type": "None",
      "Action": ""
    },
    {
      "X": -10749.9453,
      "Y": 1209.25159,
      "Z": 54.15286,
      "Type": "None",
      "Action": ""
    },
    {
      "X": -10754.585,
      "Y": 1216.85132,
      "Z": 51.268177,
      "Type": "None",
      "Action": ""
    },
    {
      "X": -10759.1641,
      "Y": 1224.35254,
      "Z": 47.4030952,
      "Type": "None",
      "Action": ""
    },
    {
      "X": -10763.623,
      "Y": 1231.65662,
      "Z": 43.1204033,
      "Type": "None",
      "Action": ""
    },
    {
      "X": -10768.0381,
      "Y": 1238.88892,
      "Z": 38.7104568,
      "Type": "None",
      "Action": ""
    },
    {
      "X": -10772.4922,
      "Y": 1246.184,
      "Z": 35.0394821,
      "Type": "None",
      "Action": ""
    },
    {
      "X": -10776.6758,
      "Y": 1253.595,
      "Z": 32.562,
      "Type": "None",
      "Action": ""
    },
    {
      "X": -10780.1563,
      "Y": 1261.35535,
      "Z": 31.3256168,
      "Type": "None",
      "Action": ""
    },
    {
      "X": -10783.6484,
      "Y": 1269.20215,
      "Z": 34.05517,
      "Type": "None",
      "Action": ""
    },
    {
      "X": -10787.708,
      "Y": 1276.66028,
      "Z": 33.4558525,
      "Type": "None",
      "Action": ""
    },
    {
      "X": -10793.373,
      "Y": 1283.20471,
      "Z": 32.930542,
      "Type": "None",
      "Action": ""
    },
    {
      "X": -10799.8994,
      "Y": 1288.91333,
      "Z": 32.95042,
      "Type": "None",
      "Action": ""
    },
    {
      "X": -10806.1025,
      "Y": 1294.82263,
      "Z": 33.4276962,
      "Type": "None",
      "Action": ""
    },
    {
      "X": -10812.2549,
      "Y": 1300.71082,
      "Z": 34.2150459,
      "Type": "None",
      "Action": ""
    },
    {
      "X": -10818.5127,
      "Y": 1306.70081,
      "Z": 35.17905,
      "Type": "None",
      "Action": ""
    },
    {
      "X": -10824.7246,
      "Y": 1312.64722,
      "Z": 35.1381149,
      "Type": "None",
      "Action": ""
    },
    {
      "X": -10830.9365,
      "Y": 1318.59351,
      "Z": 34.9634857,
      "Type": "None",
      "Action": ""
    },
    {
      "X": -10837.1338,
      "Y": 1324.52539,
      "Z": 35.2292938,
      "Type": "None",
      "Action": ""
    },
    {
      "X": -10843.3232,
      "Y": 1330.45,
      "Z": 35.6311569,
      "Type": "None",
      "Action": ""
    },
    {
      "X": -10849.543,
      "Y": 1336.40356,
      "Z": 36.26508,
      "Type": "None",
      "Action": ""
    },
    {
      "X": -10855.6953,
      "Y": 1342.29187,
      "Z": 37.0843048,
      "Type": "None",
      "Action": ""
    },
    {
      "X": -10862.0586,
      "Y": 1348.38342,
      "Z": 38.0886765,
      "Type": "None",
      "Action": ""
    },
    {
      "X": -10868.2412,
      "Y": 1354.30078,
      "Z": 38.99584,
      "Type": "None",
      "Action": ""
    },
    {
      "X": -10874.3691,
      "Y": 1360.16724,
      "Z": 39.7119026,
      "Type": "None",
      "Action": ""
    },
    {
      "X": -10880.5732,
      "Y": 1366.105,
      "Z": 40.45966,
      "Type": "None",
      "Action": ""
    },
    {
      "X": -10886.876,
      "Y": 1372.13855,
      "Z": 42.09636,
      "Type": "None",
      "Action": ""
    },
    {
      "X": -10893.1641,
      "Y": 1378.15747,
      "Z": 43.2400475,
      "Type": "None",
      "Action": ""
    },
    {
      "X": -10899.3018,
      "Y": 1384.00012,
      "Z": 43.04465,
      "Type": "None",
      "Action": ""
    },
    {
      "X": -10905.8848,
      "Y": 1389.99524,
      "Z": 42.7559433,
      "Type": "None",
      "Action": ""
    },
    {
      "X": -10912.5986,
      "Y": 1395.256,
      "Z": 42.98527,
      "Type": "None",
      "Action": ""
    },
    {
      "X": -10919.7314,
      "Y": 1400.01965,
      "Z": 43.5958939,
      "Type": "None",
      "Action": ""
    },
    {
      "X": -10926.9658,
      "Y": 1404.74866,
      "Z": 43.8220024,
      "Type": "None",
      "Action": ""
    },
    {
      "X": -10934.1025,
      "Y": 1409.4137,
      "Z": 44.09328,
      "Type": "None",
      "Action": ""
    },
    {
      "X": -10941.3174,
      "Y": 1414.13049,
      "Z": 44.2956619,
      "Type": "None",
      "Action": ""
    },
    {
      "X": -10948.4365,
      "Y": 1418.784,
      "Z": 43.6471138,
      "Type": "None",
      "Action": ""
    },
    {
      "X": -10955.5732,
      "Y": 1423.44922,
      "Z": 43.2397575,
      "Type": "None",
      "Action": ""
    },
    {
      "X": -10962.7451,
      "Y": 1428.13733,
      "Z": 43.963562,
      "Type": "None",
      "Action": ""
    },
    {
      "X": -10969.9365,
      "Y": 1432.83789,
      "Z": 44.829834,
      "Type": "None",
      "Action": ""
    },
    {
      "X": -10977.0732,
      "Y": 1437.503,
      "Z": 44.78752,
      "Type": "None",
      "Action": ""
    },
    {
      "X": -10984.4541,
      "Y": 1442.33289,
      "Z": 43.4787,
      "Type": "None",
      "Action": ""
    },
    {
      "X": -10991.668,
      "Y": 1447.44373,
      "Z": 43.20184,
      "Type": "None",
      "Action": ""
    },
    {
      "X": -10998.4355,
      "Y": 1452.69482,
      "Z": 43.20184,
      "Type": "None",
      "Action": ""
    },
    {
      "X": -11004.9258,
      "Y": 1458.22632,
      "Z": 43.3072,
      "Type": "None",
      "Action": ""
    },
    {
      "X": -11010.93,
      "Y": 1464.275,
      "Z": 43.86731,
      "Type": "None",
      "Action": ""
    },
    {
      "X": -11015.7793,
      "Y": 1471.64075,
      "Z": 44.0301437,
      "Type": "None",
      "Action": ""
    },
    {
      "X": -11020.7051,
      "Y": 1478.68982,
      "Z": 43.09381,
      "Type": "None",
      "Action": ""
    },
    {
      "X": -11025.9141,
      "Y": 1485.45325,
      "Z": 43.1495476,
      "Type": "None",
      "Action": ""
    },
    {
      "X": -11031.1484,
      "Y": 1492.17017,
      "Z": 43.192543,
      "Type": "None",
      "Action": ""
    },
    {
      "X": -11036.3828,
      "Y": 1498.88708,
      "Z": 43.20212,
      "Type": "None",
      "Action": ""
    },
    {
      "X": -11041.6367,
      "Y": 1505.62878,
      "Z": 43.20212,
      "Type": "None",
      "Action": ""
    },
    {
      "X": -11046.877,
      "Y": 1512.35388,
      "Z": 43.16098,
      "Type": "None",
      "Action": ""
    },
    {
      "X": -11052.1885,
      "Y": 1519.17017,
      "Z": 43.0641861,
      "Type": "None",
      "Action": ""
    },
    {
      "X": -11057.748,
      "Y": 1525.71875,
      "Z": 43.1597137,
      "Type": "None",
      "Action": ""
    },
    {
      "X": -11065.2656,
      "Y": 1529.402,
      "Z": 43.205986,
      "Type": "None",
      "Action": ""
    },
    {
      "X": -11073.8691,
      "Y": 1528.20886,
      "Z": 43.20033,
      "Type": "None",
      "Action": ""
    },
    {
      "X": -11081.2158,
      "Y": 1523.94226,
      "Z": 43.35872,
      "Type": "None",
      "Action": ""
    },
    {
      "X": -11081.8418,
      "Y": 1515.66638,
      "Z": 43.031,
      "Type": "None",
      "Action": ""
    },
    {
      "X": -11078.4248,
      "Y": 1507.936,
      "Z": 42.95886,
      "Type": "None",
      "Action": ""
    },
    {
      "X": -11073.1914,
      "Y": 1501.34412,
      "Z": 42.8708725,
      "Type": "None",
      "Action": ""
    },
    {
      "X": -11081.0576,
      "Y": 1497.25842,
      "Z": 44.52168,
      "Type": "None",
      "Action": ""
    },
    {
      "X": -11089.5234,
      "Y": 1497.79883,
      "Z": 49.4431076,
      "Type": "None",
      "Action": ""
    },
    {
      "X": -11094.9668,
      "Y": 1505.12842,
      "Z": 49.83479,
      "Type": "None",
      "Action": ""
    },
    {
      "X": -11089.34,
      "Y": 1511.89661,
      "Z": 49.7966,
      "Type": "None",
      "Action": ""
    },
    {
      "X": -11097.1152,
      "Y": 1514.912,
      "Z": 49.8128777,
      "Type": "None",
      "Action": ""
    },
    {
      "X": -11098.0254,
      "Y": 1504.75256,
      "Z": 49.8496933,
      "Type": "None",
      "Action": ""
    },
    {
      "X": -11097.708,
      "Y": 1496.0885,
      "Z": 49.67869,
      "Type": "None",
      "Action": ""
    },
    {
      "X": -11100.5166,
      "Y": 1488.44141,
      "Z": 47.03162,
      "Type": "None",
      "Action": ""
    },
    {
      "X": -11108.2158,
      "Y": 1489.85071,
      "Z": 44.14808,
      "Type": "None",
      "Action": ""
    },
    {
      "X": -11108.0957,
      "Y": 1497.89172,
      "Z": 41.4335327,
      "Type": "None",
      "Action": ""
    },
    {
      "X": -11099.26,
      "Y": 1499.70435,
      "Z": 40.6318436,
      "Type": "None",
      "Action": ""
    },
    {
      "X": -11097.625,
      "Y": 1492.31812,
      "Z": 37.3268166,
      "Type": "None",
      "Action": ""
    },
    {
      "X": -11104.6572,
      "Y": 1487.3418,
      "Z": 32.7039146,
      "Type": "None",
      "Action": ""
    },
    {
      "X": -11112.3174,
      "Y": 1483.57507,
      "Z": 32.4115067,
      "Type": "None",
      "Action": ""
    },
    {
      "X": -11120.1719,
      "Y": 1480.9458,
      "Z": 33.2328224,
      "Type": "None",
      "Action": ""
    },
    {
      "X": -11128.5293,
      "Y": 1479.98535,
      "Z": 34.2691078,
      "Type": "None",
      "Action": ""
    },
    {
      "X": -11132.9014,
      "Y": 1488.504,
      "Z": 34.5215,
      "Type": "None",
      "Action": ""
    },
    {
      "X": -11131.1582,
      "Y": 1497.00012,
      "Z": 36.06957,
      "Type": "None",
      "Action": ""
    },
    {
      "X": -11128.8369,
      "Y": 1505.64441,
      "Z": 36.18769,
      "Type": "None",
      "Action": ""
    },
    {
      "X": -11134.7354,
      "Y": 1500.19434,
      "Z": 31.8394032,
      "Type": "None",
      "Action": ""
    },
    {
      "X": -11136.5186,
      "Y": 1503.17859,
      "Z": 24.22342,
      "Type": "None",
      "Action": ""
    },
    {
      "X": -11140.4229,
      "Y": 1510.686,
      "Z": 23.5283527,
      "Type": "None",
      "Action": ""
    },
    {
      "X": -11145.5693,
      "Y": 1517.53772,
      "Z": 21.3046455,
      "Type": "None",
      "Action": ""
    },
    {
      "X": -11151.6416,
      "Y": 1523.5116,
      "Z": 19.7945633,
      "Type": "None",
      "Action": ""
    },
    {
      "X": -11157.9238,
      "Y": 1529.29224,
      "Z": 19.4405041,
      "Type": "None",
      "Action": ""
    },
    {
      "X": -11163.2744,
      "Y": 1535.90186,
      "Z": 19.9832535,
      "Type": "None",
      "Action": ""
    },
    {
      "X": -11169.5586,
      "Y": 1542.85828,
      "Z": 20.6605549,
      "Type": "None",
      "Action": ""
    },
    {
      "X": -11171.6865,
      "Y": 1551.11755,
      "Z": 20.5558357,
      "Type": "None",
      "Action": ""
    },
    {
      "X": -11172.6006,
      "Y": 1559.381,
      "Z": 21.004858,
      "Type": "None",
      "Action": ""
    },
    {
      "X": -11176.3164,
      "Y": 1566.38025,
      "Z": 22.4765339,
      "Type": "None",
      "Action": ""
    },
    {
      "X": -11181.9854,
      "Y": 1574.36829,
      "Z": 24.12118,
      "Type": "None",
      "Action": ""
    },
    {
      "X": -11190.1787,
      "Y": 1576.135,
      "Z": 26.7119923,
      "Type": "None",
      "Action": ""
    },
    {
      "X": -11198.5273,
      "Y": 1574.35388,
      "Z": 28.9818611,
      "Type": "None",
      "Action": ""
    },
    {
      "X": -11206.0918,
      "Y": 1570.41089,
      "Z": 29.512785,
      "Type": "None",
      "Action": ""
    },
    {
      "X": -11213.2314,
      "Y": 1565.88489,
      "Z": 31.0888786,
      "Type": "None",
      "Action": ""
    },
    {
      "X": -11220.4082,
      "Y": 1561.09119,
      "Z": 33.1790581,
      "Type": "None",
      "Action": ""
    },
    {
      "X": -11228.4268,
      "Y": 1558.45374,
      "Z": 34.44559,
      "Type": "None",
      "Action": ""
    },
    {
      "X": -11236.8457,
      "Y": 1558.16772,
      "Z": 34.67412,
      "Type": "None",
      "Action": ""
    },
    {
      "X": -11244.9092,
      "Y": 1560.30383,
      "Z": 33.8885841,
      "Type": "None",
      "Action": ""
    },
    {
      "X": -11250.6572,
      "Y": 1566.56934,
      "Z": 33.938797,
      "Type": "None",
      "Action": ""
    },
    {
      "X": -11254.1895,
      "Y": 1574.463,
      "Z": 34.4864426,
      "Type": "None",
      "Action": ""
    },
    {
      "X": -11252.9873,
      "Y": 1582.94556,
      "Z": 33.8717842,
      "Type": "None",
      "Action": ""
    },
    {
      "X": -11247.3623,
      "Y": 1589.264,
      "Z": 33.96756,
      "Type": "None",
      "Action": ""
    },
    {
      "X": -11239.9609,
      "Y": 1593.28918,
      "Z": 33.0630264,
      "Type": "None",
      "Action": ""
    },
    {
      "X": -11231.9688,
      "Y": 1595.65955,
      "Z": 32.6138458,
      "Type": "None",
      "Action": ""
    },
    {
      "X": -11225.1924,
      "Y": 1601.32654,
      "Z": 32.69544,
      "Type": "None",
      "Action": ""
    },
    {
      "X": -11223.8877,
      "Y": 1609.3208,
      "Z": 32.583828,
      "Type": "None",
      "Action": ""
    },
    {
      "X": -11224.0068,
      "Y": 1617.939,
      "Z": 32.7566681,
      "Type": "None",
      "Action": ""
    },
    {
      "X": -11224.25,
      "Y": 1626.61609,
      "Z": 33.9049873,
      "Type": "None",
      "Action": ""
    },
    {
      "X": -11224.26,
      "Y": 1635.299,
      "Z": 34.32244,
      "Type": "None",
      "Action": ""
    },
    {
      "X": -11222.6572,
      "Y": 1643.62634,
      "Z": 33.74256,
      "Type": "None",
      "Action": ""
    },
    {
      "X": -11216.4971,
      "Y": 1649.64758,
      "Z": 30.9827156,
      "Type": "None",
      "Action": ""
    },
    {
      "X": -11211.8477,
      "Y": 1656.46533,
      "Z": 25.963747,
      "Type": "None",
      "Action": ""
    },
    {
      "X": -11209.4541,
      "Y": 1664.82141,
      "Z": 24.59591,
      "Type": "None",
      "Action": ""
    },
    {
      "X": -11207.8281,
      "Y": 1673.124,
      "Z": 24.6691952,
      "Type": "None",
      "Action": ""
    },
    {
      "X": 0.0,
      "Y": 0.0,
      "Z": 0.0,
      "Type": "None",
      "Action": ""
    },
    {
      "X": -16.4,
      "Y": -383.07,
      "Z": 61.78,
      "Type": "None",
      "Action": ""
    }
  ],
  "OffMeshConnections": [
    {
      "Path": [
        {
          "X": -11221.51,
          "Y": 1646.20776,
          "Z": 33.78025,
          "Type": "None",
          "Action": ""
        },
        {
          "X": -11213.1064,
          "Y": 1651.59229,
          "Z": 26.95454,
          "Type": "None",
          "Action": ""
        }
      ],
      "ContinentId": 36,
      "Type": 0,
      "TryToUseEvenIfCanFindPathSuccess": true,
      "Name": "Jump 1"
    }
  ]
}