{
  "StepModels": [
    {
      "$type": "WholesomeDungeonCrawler.Models.MoveAlongPathModel, WholesomeDungeonCrawler",
      "Path": [
        {
          "X": -3.98203754,
          "Y": 13.6536551,
          "Z": -44.79809,
          "Type": "None",
          "Action": ""
        },
        {
          "X": -2.93539715,
          "Y": 5.37809324,
          "Z": -44.4752731,
          "Type": "None",
          "Action": ""
        },
        {
          "X": -1.86969626,
          "Y": -2.69161773,
          "Z": -43.5347672,
          "Type": "None",
          "Action": ""
        },
        {
          "X": -0.666925967,
          "Y": -11.4877214,
          "Z": -42.9343643,
          "Type": "None",
          "Action": ""
        },
        {
          "X": 0.480577856,
          "Y": -19.5268669,
          "Z": -42.4228973,
          "Type": "None",
          "Action": ""
        },
        {
          "X": 1.61127639,
          "Y": -27.4482765,
          "Z": -41.9949226,
          "Type": "None",
          "Action": ""
        },
        {
          "X": 2.85901427,
          "Y": -36.31271,
          "Z": -41.3566551,
          "Type": "None",
          "Action": ""
        },
        {
          "X": 3.755456,
          "Y": -44.3520355,
          "Z": -41.3161621,
          "Type": "None",
          "Action": ""
        },
        {
          "X": 0.9878197,
          "Y": -52.68474,
          "Z": -41.34059,
          "Type": "None",
          "Action": ""
        },
        {
          "X": -4.572766,
          "Y": -59.7312241,
          "Z": -41.34059,
          "Type": "None",
          "Action": ""
        },
        {
          "X": -11.7417469,
          "Y": -64.82487,
          "Z": -41.33276,
          "Type": "None",
          "Action": ""
        },
        {
          "X": -18.96065,
          "Y": -68.98541,
          "Z": -41.3277855,
          "Type": "None",
          "Action": ""
        },
        {
          "X": -22.5252743,
          "Y": -76.6139145,
          "Z": -41.3299637,
          "Type": "None",
          "Action": ""
        },
        {
          "X": -16.8836136,
          "Y": -82.49374,
          "Z": -41.3369,
          "Type": "None",
          "Action": ""
        },
        {
          "X": -8.570384,
          "Y": -84.3374,
          "Z": -41.3351173,
          "Type": "None",
          "Action": ""
        },
        {
          "X": -0.43129015,
          "Y": -85.2458038,
          "Z": -41.3335342,
          "Type": "None",
          "Action": ""
        },
        {
          "X": 8.491928,
          "Y": -85.17775,
          "Z": -41.3312,
          "Type": "None",
          "Action": ""
        },
        {
          "X": 17.01512,
          "Y": -85.02337,
          "Z": -41.3751945,
          "Type": "None",
          "Action": ""
        },
        {
          "X": 25.1421242,
          "Y": -80.977684,
          "Z": -41.00433,
          "Type": "None",
          "Action": ""
        },
        {
          "X": 30.2345676,
          "Y": -74.70844,
          "Z": -40.40034,
          "Type": "None",
          "Action": ""
        },
        {
          "X": 37.3095169,
          "Y": -69.38841,
          "Z": -40.2706,
          "Type": "None",
          "Action": ""
        },
        {
          "X": 46.10828,
          "Y": -68.11398,
          "Z": -40.249073,
          "Type": "None",
          "Action": ""
        },
        {
          "X": 59.0823479,
          "Y": -65.6576843,
          "Z": -36.3854,
          "Type": "None",
          "Action": ""
        },
        {
          "X": 68.9146042,
          "Y": -68.3325043,
          "Z": -31.8941422,
          "Type": "None",
          "Action": ""
        },
        {
          "X": 77.08625,
          "Y": -67.98797,
          "Z": -28.1228065,
          "Type": "None",
          "Action": ""
        },
        {
          "X": 85.02008,
          "Y": -67.93286,
          "Z": -24.4546661,
          "Type": "None",
          "Action": ""
        },
        {
          "X": 92.21529,
          "Y": -65.67374,
          "Z": -21.1066036,
          "Type": "None",
          "Action": ""
        },
        {
          "X": 100.0615,
          "Y": -66.984726,
          "Z": -17.4581013,
          "Type": "None",
          "Action": ""
        },
        {
          "X": 107.918884,
          "Y": -68.0722,
          "Z": -13.8807354,
          "Type": "None",
          "Action": ""
        },
        {
          "X": 116.069374,
          "Y": -68.35663,
          "Z": -10.1106682,
          "Type": "None",
          "Action": ""
        },
        {
          "X": 121.547295,
          "Y": -74.7227859,
          "Z": -7.56471062,
          "Type": "None",
          "Action": ""
        },
        {
          "X": 128.126465,
          "Y": -70.44095,
          "Z": -4.51017427,
          "Type": "None",
          "Action": ""
        },
        {
          "X": 135.599365,
          "Y": -67.8937759,
          "Z": -1.062965,
          "Type": "None",
          "Action": ""
        },
        {
          "X": 143.522842,
          "Y": -67.73386,
          "Z": 3.12460923,
          "Type": "None",
          "Action": ""
        },
        {
          "X": 152.475937,
          "Y": -71.92653,
          "Z": 6.484784,
          "Type": "None",
          "Action": ""
        },
        {
          "X": 160.6906,
          "Y": -72.01532,
          "Z": 9.476119,
          "Type": "None",
          "Action": ""
        },
        {
          "X": 168.9404,
          "Y": -68.60037,
          "Z": 9.614696,
          "Type": "None",
          "Action": ""
        },
        {
          "X": 177.849213,
          "Y": -68.6222458,
          "Z": 9.620544,
          "Type": "None",
          "Action": ""
        },
        {
          "X": 186.545288,
          "Y": -70.42394,
          "Z": 9.605575,
          "Type": "None",
          "Action": ""
        },
        {
          "X": 191.133316,
          "Y": -77.9239044,
          "Z": 9.605575,
          "Type": "None",
          "Action": ""
        },
        {
          "X": 196.941483,
          "Y": -84.1966248,
          "Z": 9.61124,
          "Type": "None",
          "Action": ""
        },
        {
          "X": 206.660767,
          "Y": -81.96722,
          "Z": 9.546601,
          "Type": "None",
          "Action": ""
        },
        {
          "X": 214.50676,
          "Y": -78.89669,
          "Z": 9.618406,
          "Type": "None",
          "Action": ""
        },
        {
          "X": 219.004776,
          "Y": -71.6236649,
          "Z": 9.620478,
          "Type": "None",
          "Action": ""
        },
        {
          "X": 224.994965,
          "Y": -65.10133,
          "Z": 9.62544,
          "Type": "None",
          "Action": ""
        },
        {
          "X": 233.5635,
          "Y": -62.6735878,
          "Z": 9.617015,
          "Type": "None",
          "Action": ""
        },
        {
          "X": 237.078354,
          "Y": -54.9879379,
          "Z": 9.60419,
          "Type": "None",
          "Action": ""
        },
        {
          "X": 240.12616,
          "Y": -46.6161423,
          "Z": 9.605619,
          "Type": "None",
          "Action": ""
        },
        {
          "X": 244.491409,
          "Y": -39.89506,
          "Z": 8.643188,
          "Type": "None",
          "Action": ""
        },
        {
          "X": 249.881973,
          "Y": -32.6729164,
          "Z": 7.36813,
          "Type": "None",
          "Action": ""
        },
        {
          "X": 255.060135,
          "Y": -25.9485416,
          "Z": 6.95416,
          "Type": "None",
          "Action": ""
        },
        {
          "X": 260.64505,
          "Y": -19.5886364,
          "Z": 6.95627975,
          "Type": "None",
          "Action": ""
        },
        {
          "X": 267.426331,
          "Y": -14.4990005,
          "Z": 6.95996332,
          "Type": "None",
          "Action": ""
        },
        {
          "X": 274.5498,
          "Y": -9.9401,
          "Z": 7.16409636,
          "Type": "None",
          "Action": ""
        },
        {
          "X": 281.6949,
          "Y": -5.5418,
          "Z": 8.331342,
          "Type": "None",
          "Action": ""
        },
        {
          "X": 289.717926,
          "Y": -2.85441852,
          "Z": 9.607539,
          "Type": "None",
          "Action": ""
        },
        {
          "X": 297.41452,
          "Y": -0.279422,
          "Z": 9.604722,
          "Type": "None",
          "Action": ""
        },
        {
          "X": 303.2018,
          "Y": 5.245833,
          "Z": 9.604722,
          "Type": "None",
          "Action": ""
        },
        {
          "X": 308.298065,
          "Y": -2.71461415,
          "Z": 9.624554,
          "Type": "None",
          "Action": ""
        },
        {
          "X": 316.459839,
          "Y": -3.95671582,
          "Z": 9.614671,
          "Type": "None",
          "Action": ""
        },
        {
          "X": 325.3044,
          "Y": -5.45925951,
          "Z": 9.619151,
          "Type": "None",
          "Action": ""
        },
        {
          "X": 334.193054,
          "Y": -5.02239656,
          "Z": 9.624631,
          "Type": "None",
          "Action": ""
        },
        {
          "X": 341.8814,
          "Y": -1.03533328,
          "Z": 9.618039,
          "Type": "None",
          "Action": ""
        },
        {
          "X": 345.1987,
          "Y": 7.20392,
          "Z": 9.623357,
          "Type": "None",
          "Action": ""
        },
        {
          "X": 340.278656,
          "Y": 14.1682148,
          "Z": 9.616909,
          "Type": "None",
          "Action": ""
        },
        {
          "X": 333.358154,
          "Y": 19.8845348,
          "Z": 9.624539,
          "Type": "None",
          "Action": ""
        },
        {
          "X": 328.209442,
          "Y": 26.9978275,
          "Z": 9.617532,
          "Type": "None",
          "Action": ""
        },
        {
          "X": 327.5069,
          "Y": 35.9477234,
          "Z": 9.569887,
          "Type": "None",
          "Action": ""
        },
        {
          "X": 315.1803,
          "Y": 56.1338348,
          "Z": 9.614451,
          "Type": "None",
          "Action": ""
        },
        {
          "X": 308.2103,
          "Y": 60.17688,
          "Z": 9.615059,
          "Type": "None",
          "Action": ""
        },
        {
          "X": 302.6692,
          "Y": 66.99963,
          "Z": 9.618747,
          "Type": "None",
          "Action": ""
        },
        {
          "X": 300.2413,
          "Y": 75.59643,
          "Z": 9.621658,
          "Type": "None",
          "Action": ""
        },
        {
          "X": 304.6167,
          "Y": 82.8786545,
          "Z": 9.620222,
          "Type": "None",
          "Action": ""
        },
        {
          "X": 304.701,
          "Y": 91.3975754,
          "Z": 9.621215,
          "Type": "None",
          "Action": ""
        },
        {
          "X": 305.405121,
          "Y": 99.45053,
          "Z": 9.621309,
          "Type": "None",
          "Action": ""
        },
        {
          "X": 309.382782,
          "Y": 106.487915,
          "Z": 9.61991,
          "Type": "None",
          "Action": ""
        },
        {
          "X": 315.4796,
          "Y": 113.006844,
          "Z": 9.617111,
          "Type": "None",
          "Action": ""
        },
        {
          "X": 321.5984,
          "Y": 119.588043,
          "Z": 9.615699,
          "Type": "None",
          "Action": ""
        }
      ],
      "Name": "Boss - The Maker",
      "Order": 0,
      "CompleteCondition": {
        "HasCompleteCondition": true,
        "ConditionType": 4,
        "GameObjectId": 0,
        "InitialFlags": 0,
        "ItemId": 0,
        "CSharpCondition": null,
        "DeadMobId": 17381,
        "MobPositionId": 0,
        "MobId": 0,
        "MobPositionVector": null,
        "LOSPositionVector": null,
        "WaitTime": 0
      }
    },
    {
      "$type": "WholesomeDungeonCrawler.Models.MoveAlongPathModel, WholesomeDungeonCrawler",
      "Path": [
        {
          "X": 327.00882,
          "Y": 136.250168,
          "Z": 9.615872,
          "Type": "None",
          "Action": ""
        },
        {
          "X": 327.018555,
          "Y": 144.58873,
          "Z": 9.615872,
          "Type": "None",
          "Action": ""
        },
        {
          "X": 326.371643,
          "Y": 152.5692,
          "Z": 9.527919,
          "Type": "None",
          "Action": ""
        },
        {
          "X": 324.652924,
          "Y": 161.336624,
          "Z": 9.551488,
          "Type": "None",
          "Action": ""
        },
        {
          "X": 322.8732,
          "Y": 170.130981,
          "Z": 9.601266,
          "Type": "None",
          "Action": ""
        },
        {
          "X": 326.2956,
          "Y": 178.097763,
          "Z": 9.620791,
          "Type": "None",
          "Action": ""
        },
        {
          "X": 334.662628,
          "Y": 181.182327,
          "Z": 9.603572,
          "Type": "None",
          "Action": ""
        },
        {
          "X": 343.295959,
          "Y": 183.379745,
          "Z": 9.611946,
          "Type": "None",
          "Action": ""
        },
        {
          "X": 352.2288,
          "Y": 183.536011,
          "Z": 9.607913,
          "Type": "None",
          "Action": ""
        },
        {
          "X": 360.249725,
          "Y": 183.615036,
          "Z": 9.601757,
          "Type": "None",
          "Action": ""
        },
        {
          "X": 369.175842,
          "Y": 183.771881,
          "Z": 9.600148,
          "Type": "None",
          "Action": ""
        },
        {
          "X": 378.151764,
          "Y": 184.286484,
          "Z": 9.594709,
          "Type": "None",
          "Action": ""
        },
        {
          "X": 387.066254,
          "Y": 184.854752,
          "Z": 9.595455,
          "Type": "None",
          "Action": ""
        },
        {
          "X": 395.118622,
          "Y": 184.970657,
          "Z": 9.59245,
          "Type": "None",
          "Action": ""
        },
        {
          "X": 404.004883,
          "Y": 184.21254,
          "Z": 9.595527,
          "Type": "None",
          "Action": ""
        },
        {
          "X": 412.97467,
          "Y": 183.597031,
          "Z": 9.601531,
          "Type": "None",
          "Action": ""
        },
        {
          "X": 421.90033,
          "Y": 183.234344,
          "Z": 9.598245,
          "Type": "None",
          "Action": ""
        },
        {
          "X": 430.8138,
          "Y": 182.736847,
          "Z": 9.608842,
          "Type": "None",
          "Action": ""
        },
        {
          "X": 439.758,
          "Y": 181.91127,
          "Z": 9.611099,
          "Type": "None",
          "Action": ""
        },
        {
          "X": 447.13382,
          "Y": 178.50386,
          "Z": 9.6036005,
          "Type": "None",
          "Action": ""
        },
        {
          "X": 455.895782,
          "Y": 176.88266,
          "Z": 9.62373,
          "Type": "None",
          "Action": ""
        },
        {
          "X": 460.2228,
          "Y": 169.561783,
          "Z": 9.613936,
          "Type": "None",
          "Action": ""
        },
        {
          "X": 458.253723,
          "Y": 160.807068,
          "Z": 9.613936,
          "Type": "None",
          "Action": ""
        },
        {
          "X": 456.257935,
          "Y": 152.117477,
          "Z": 9.583789,
          "Type": "None",
          "Action": ""
        },
        {
          "X": 456.027344,
          "Y": 143.179352,
          "Z": 9.605542,
          "Type": "None",
          "Action": ""
        },
        {
          "X": 455.902863,
          "Y": 134.84,
          "Z": 9.613678,
          "Type": "None",
          "Action": ""
        },
        {
          "X": 455.222443,
          "Y": 126.771751,
          "Z": 9.613678,
          "Type": "None",
          "Action": ""
        },
        {
          "X": 452.192474,
          "Y": 118.383339,
          "Z": 9.613678,
          "Type": "None",
          "Action": ""
        },
        {
          "X": 450.298218,
          "Y": 109.608192,
          "Z": 9.614718,
          "Type": "None",
          "Action": ""
        },
        {
          "X": 457.866425,
          "Y": 105.9636,
          "Z": 9.614718,
          "Type": "None",
          "Action": ""
        },
        {
          "X": 466.550537,
          "Y": 103.846054,
          "Z": 9.616391,
          "Type": "None",
          "Action": ""
        },
        {
          "X": 474.9336,
          "Y": 100.807495,
          "Z": 9.61953,
          "Type": "None",
          "Action": ""
        },
        {
          "X": 472.0503,
          "Y": 92.47536,
          "Z": 9.619544,
          "Type": "None",
          "Action": ""
        },
        {
          "X": 471.151764,
          "Y": 83.6099548,
          "Z": 9.619544,
          "Type": "None",
          "Action": ""
        },
        {
          "X": 471.299164,
          "Y": 74.7009048,
          "Z": 9.619544,
          "Type": "None",
          "Action": ""
        },
        {
          "X": 466.3651,
          "Y": 67.28442,
          "Z": 9.615336,
          "Type": "None",
          "Action": ""
        },
        {
          "X": 462.8316,
          "Y": 59.1044579,
          "Z": 9.61403751,
          "Type": "None",
          "Action": ""
        },
        {
          "X": 456.0439,
          "Y": 53.84148,
          "Z": 9.615902,
          "Type": "None",
          "Action": ""
        },
        {
          "X": 447.7332,
          "Y": 56.5800362,
          "Z": 9.615292,
          "Type": "None",
          "Action": ""
        }
      ],
      "Name": "Clear room before Boss - Broggok",
      "Order": 1,
      "CompleteCondition": {
        "HasCompleteCondition": false,
        "ConditionType": 0,
        "GameObjectId": 0,
        "InitialFlags": 0,
        "ItemId": 0,
        "CSharpCondition": null,
        "DeadMobId": 0,
        "MobPositionId": 0,
        "MobId": 0,
        "MobPositionVector": null,
        "LOSPositionVector": null,
        "WaitTime": 0
      }
    },
    {
      "$type": "WholesomeDungeonCrawler.Models.DefendSpotModel, WholesomeDungeonCrawler",
      "DefendPosition": {
        "X": 456.046265,
        "Y": 78.19645,
        "Z": 9.614901,
        "Type": "None",
        "Action": ""
      },
      "Timer": 60000,
      "Precision": 5.0,
      "Name": "Wait to be all in the room (1 min)",
      "Order": 2,
      "CompleteCondition": {
        "HasCompleteCondition": false,
        "ConditionType": 0,
        "GameObjectId": 0,
        "InitialFlags": 0,
        "ItemId": 0,
        "CSharpCondition": null,
        "DeadMobId": 0,
        "MobPositionId": 0,
        "MobId": 0,
        "MobPositionVector": null,
        "LOSPositionVector": null,
        "WaitTime": 0
      }
    },
    {
      "$type": "WholesomeDungeonCrawler.Models.MoveAlongPathModel, WholesomeDungeonCrawler",
      "Path": [
        {
          "X": 456.046265,
          "Y": 78.19645,
          "Z": 9.614901,
          "Type": "None",
          "Action": ""
        },
        {
          "X": 455.9438,
          "Y": 62.7493362,
          "Z": 9.614901,
          "Type": "None",
          "Action": ""
        }
      ],
      "Name": "Path to Door Lever",
      "Order": 3,
      "CompleteCondition": {
        "HasCompleteCondition": false,
        "ConditionType": 0,
        "GameObjectId": 0,
        "InitialFlags": 0,
        "ItemId": 0,
        "CSharpCondition": null,
        "DeadMobId": 0,
        "MobPositionId": 0,
        "MobId": 0,
        "MobPositionVector": null,
        "LOSPositionVector": null,
        "WaitTime": 0
      }
    },
    {
      "$type": "WholesomeDungeonCrawler.Models.InteractWithModel, WholesomeDungeonCrawler",
      "ObjectId": 181982,
      "ExpectedPosition": {
        "X": 456.055,
        "Y": 60.3225,
        "Z": 9.61567,
        "Type": "None",
        "Action": ""
      },
      "StrictPosition": false,
      "FindClosest": false,
      "Name": "Interact with Cell Door Lever",
      "Order": 4,
      "CompleteCondition": {
        "HasCompleteCondition": true,
        "ConditionType": 2,
        "GameObjectId": 181982,
        "InitialFlags": 0,
        "ItemId": 0,
        "CSharpCondition": null,
        "DeadMobId": 0,
        "MobPositionId": 0,
        "MobId": 0,
        "MobPositionVector": null,
        "LOSPositionVector": null,
        "WaitTime": 0
      }
    },
    {
      "$type": "WholesomeDungeonCrawler.Models.MoveAlongPathModel, WholesomeDungeonCrawler",
      "Path": [
        {
          "X": 454.770355,
          "Y": 50.0836067,
          "Z": 9.618009,
          "Type": "None",
          "Action": ""
        }
      ],
      "Name": "Boss - Broggok",
      "Order": 5,
      "CompleteCondition": {
        "HasCompleteCondition": true,
        "ConditionType": 4,
        "GameObjectId": 0,
        "InitialFlags": 0,
        "ItemId": 0,
        "CSharpCondition": null,
        "DeadMobId": 17380,
        "MobPositionId": 0,
        "MobId": 0,
        "MobPositionVector": null,
        "LOSPositionVector": null,
        "WaitTime": 0
      }
    },
    {
      "$type": "WholesomeDungeonCrawler.Models.MoveAlongPathModel, WholesomeDungeonCrawler",
      "Path": [
        {
          "X": 454.659058,
          "Y": 44.8830528,
          "Z": 9.618662,
          "Type": "None",
          "Action": ""
        },
        {
          "X": 455.043762,
          "Y": 36.68125,
          "Z": 9.590844,
          "Type": "None",
          "Action": ""
        },
        {
          "X": 455.411255,
          "Y": 27.71488,
          "Z": 9.523544,
          "Type": "None",
          "Action": ""
        },
        {
          "X": 455.6803,
          "Y": 19.38926,
          "Z": 9.550515,
          "Type": "None",
          "Action": ""
        },
        {
          "X": 459.125275,
          "Y": 11.6680841,
          "Z": 9.546316,
          "Type": "None",
          "Action": ""
        },
        {
          "X": 467.781036,
          "Y": 9.171415,
          "Z": 9.544988,
          "Type": "None",
          "Action": ""
        },
        {
          "X": 476.459656,
          "Y": 7.07565832,
          "Z": 9.54507,
          "Type": "None",
          "Action": ""
        },
        {
          "X": 484.1497,
          "Y": 4.74341774,
          "Z": 9.545112,
          "Type": "None",
          "Action": ""
        },
        {
          "X": 491.33194,
          "Y": -0.181442559,
          "Z": 9.548293,
          "Type": "None",
          "Action": ""
        },
        {
          "X": 491.878754,
          "Y": -9.093283,
          "Z": 9.561,
          "Type": "None",
          "Action": ""
        },
        {
          "X": 491.482819,
          "Y": -18.02207,
          "Z": 9.556595,
          "Type": "None",
          "Action": ""
        },
        {
          "X": 490.883972,
          "Y": -26.91503,
          "Z": 9.550929,
          "Type": "None",
          "Action": ""
        },
        {
          "X": 489.54,
          "Y": -35.8035431,
          "Z": 9.550836,
          "Type": "None",
          "Action": ""
        },
        {
          "X": 487.6021,
          "Y": -44.3403,
          "Z": 9.557597,
          "Type": "None",
          "Action": ""
        },
        {
          "X": 487.144562,
          "Y": -53.31515,
          "Z": 9.553767,
          "Type": "None",
          "Action": ""
        },
        {
          "X": 486.842682,
          "Y": -61.7092743,
          "Z": 9.543947,
          "Type": "None",
          "Action": ""
        },
        {
          "X": 487.2764,
          "Y": -71.71221,
          "Z": 9.549952,
          "Type": "None",
          "Action": ""
        },
        {
          "X": 488.21283,
          "Y": -81.4906845,
          "Z": 9.562218,
          "Type": "None",
          "Action": ""
        },
        {
          "X": 485.821564,
          "Y": -90.8052,
          "Z": 9.553498,
          "Type": "None",
          "Action": ""
        },
        {
          "X": 476.53595,
          "Y": -93.28333,
          "Z": 9.557888,
          "Type": "None",
          "Action": ""
        },
        {
          "X": 467.4626,
          "Y": -89.09649,
          "Z": 9.553582,
          "Type": "None",
          "Action": ""
        },
        {
          "X": 458.300354,
          "Y": -85.20419,
          "Z": 9.588737,
          "Type": "None",
          "Action": ""
        },
        {
          "X": 450.027161,
          "Y": -84.10214,
          "Z": 9.584224,
          "Type": "None",
          "Action": ""
        },
        {
          "X": 441.23764,
          "Y": -84.18364,
          "Z": 9.61553,
          "Type": "None",
          "Action": ""
        },
        {
          "X": 433.6871,
          "Y": -86.89656,
          "Z": 9.619374,
          "Type": "None",
          "Action": ""
        },
        {
          "X": 425.397125,
          "Y": -91.74444,
          "Z": 9.624225,
          "Type": "None",
          "Action": ""
        },
        {
          "X": 419.521729,
          "Y": -98.01546,
          "Z": 9.616099,
          "Type": "None",
          "Action": ""
        },
        {
          "X": 415.2006,
          "Y": -105.306175,
          "Z": 9.625741,
          "Type": "None",
          "Action": ""
        },
        {
          "X": 411.820618,
          "Y": -113.318138,
          "Z": 9.557478,
          "Type": "None",
          "Action": ""
        },
        {
          "X": 409.5578,
          "Y": -121.496025,
          "Z": 7.96124649,
          "Type": "None",
          "Action": ""
        },
        {
          "X": 406.478821,
          "Y": -129.373077,
          "Z": 4.32192755,
          "Type": "None",
          "Action": ""
        },
        {
          "X": 402.4811,
          "Y": -136.754074,
          "Z": -0.746997833,
          "Type": "None",
          "Action": ""
        },
        {
          "X": 398.661682,
          "Y": -142.404449,
          "Z": -5.217222,
          "Type": "None",
          "Action": ""
        },
        {
          "X": 393.469818,
          "Y": -149.087509,
          "Z": -8.705385,
          "Type": "None",
          "Action": ""
        },
        {
          "X": 387.224182,
          "Y": -154.692444,
          "Z": -11.785677,
          "Type": "None",
          "Action": ""
        },
        {
          "X": 380.3701,
          "Y": -159.668015,
          "Z": -14.7086706,
          "Type": "None",
          "Action": ""
        },
        {
          "X": 372.6509,
          "Y": -163.512131,
          "Z": -18.3092842,
          "Type": "None",
          "Action": ""
        },
        {
          "X": 364.705536,
          "Y": -166.09375,
          "Z": -22.0362434,
          "Type": "None",
          "Action": ""
        },
        {
          "X": 356.6054,
          "Y": -168.68631,
          "Z": -25.5593128,
          "Type": "None",
          "Action": ""
        },
        {
          "X": 348.104584,
          "Y": -171.128372,
          "Z": -25.5194359,
          "Type": "None",
          "Action": ""
        },
        {
          "X": 339.8796,
          "Y": -174.604874,
          "Z": -25.5111332,
          "Type": "None",
          "Action": ""
        },
        {
          "X": 331.233978,
          "Y": -176.8203,
          "Z": -25.50482,
          "Type": "None",
          "Action": ""
        },
        {
          "X": 326.707733,
          "Y": -170.221817,
          "Z": -25.5104752,
          "Type": "None",
          "Action": ""
        },
        {
          "X": 327.168274,
          "Y": -162.192535,
          "Z": -25.517807,
          "Type": "None",
          "Action": ""
        },
        {
          "X": 327.747681,
          "Y": -153.279022,
          "Z": -25.5075245,
          "Type": "None",
          "Action": ""
        },
        {
          "X": 327.638519,
          "Y": -144.317719,
          "Z": -25.41172,
          "Type": "None",
          "Action": ""
        },
        {
          "X": 327.2535,
          "Y": -135.380463,
          "Z": -25.2964935,
          "Type": "None",
          "Action": ""
        },
        {
          "X": 326.340576,
          "Y": -126.510719,
          "Z": -25.18291,
          "Type": "None",
          "Action": ""
        },
        {
          "X": 324.8379,
          "Y": -117.67395,
          "Z": -25.0722656,
          "Type": "None",
          "Action": ""
        },
        {
          "X": 320.1666,
          "Y": -110.08387,
          "Z": -24.6849251,
          "Type": "None",
          "Action": ""
        },
        {
          "X": 314.854279,
          "Y": -102.793427,
          "Z": -24.66798,
          "Type": "None",
          "Action": ""
        },
        {
          "X": 310.132172,
          "Y": -95.26314,
          "Z": -24.5539989,
          "Type": "None",
          "Action": ""
        },
        {
          "X": 308.414063,
          "Y": -86.54904,
          "Z": -24.5669823,
          "Type": "None",
          "Action": ""
        },
        {
          "X": 311.480957,
          "Y": -78.2745361,
          "Z": -24.622921,
          "Type": "None",
          "Action": ""
        },
        {
          "X": 318.2408,
          "Y": -72.59738,
          "Z": -24.68437,
          "Type": "None",
          "Action": ""
        },
        {
          "X": 326.8326,
          "Y": -70.69977,
          "Z": -24.7029457,
          "Type": "None",
          "Action": ""
        },
        {
          "X": 335.213776,
          "Y": -73.4727859,
          "Z": -24.7086086,
          "Type": "None",
          "Action": ""
        },
        {
          "X": 341.220367,
          "Y": -79.82147,
          "Z": -24.7040462,
          "Type": "None",
          "Action": ""
        },
        {
          "X": 341.699646,
          "Y": -88.52819,
          "Z": -24.6845112,
          "Type": "None",
          "Action": ""
        },
        {
          "X": 338.589081,
          "Y": -96.8378,
          "Z": -24.6604176,
          "Type": "None",
          "Action": ""
        },
        {
          "X": 332.414337,
          "Y": -103.01609,
          "Z": -24.6072025,
          "Type": "None",
          "Action": ""
        },
        {
          "X": 324.968353,
          "Y": -100.028854,
          "Z": -24.5839062,
          "Type": "None",
          "Action": ""
        },
        {
          "X": 325.54776,
          "Y": -91.11697,
          "Z": -24.6291161,
          "Type": "None",
          "Action": ""
        }
      ],
      "Name": "Boss - Keli'dan the Breaker",
      "Order": 6,
      "CompleteCondition": {
        "HasCompleteCondition": true,
        "ConditionType": 4,
        "GameObjectId": 0,
        "InitialFlags": 0,
        "ItemId": 0,
        "CSharpCondition": null,
        "DeadMobId": 17377,
        "MobPositionId": 0,
        "MobId": 0,
        "MobPositionVector": null,
        "LOSPositionVector": null,
        "WaitTime": 0
      }
    }
  ],
  "MapId": 542,
  "Name": "The Blood Furnace (Alliance)",
  "Faction": 2,
  "DeathRunPath": [
    {
      "X": -803.0117,
      "Y": 2702.592,
      "Z": 106.758232,
      "Type": "None",
      "Action": ""
    },
    {
      "X": -795.3026,
      "Y": 2700.4502,
      "Z": 105.825661,
      "Type": "None",
      "Action": ""
    },
    {
      "X": -787.251,
      "Y": 2699.27954,
      "Z": 105.513367,
      "Type": "None",
      "Action": ""
    },
    {
      "X": -778.8671,
      "Y": 2697.387,
      "Z": 105.364029,
      "Type": "None",
      "Action": ""
    },
    {
      "X": -770.9165,
      "Y": 2694.18018,
      "Z": 104.529655,
      "Type": "None",
      "Action": ""
    },
    {
      "X": -763.7469,
      "Y": 2689.60864,
      "Z": 103.198,
      "Type": "None",
      "Action": ""
    },
    {
      "X": -756.983,
      "Y": 2684.52441,
      "Z": 101.77034,
      "Type": "None",
      "Action": ""
    },
    {
      "X": -750.223,
      "Y": 2678.82715,
      "Z": 99.92966,
      "Type": "None",
      "Action": ""
    },
    {
      "X": -743.6651,
      "Y": 2673.248,
      "Z": 97.8925858,
      "Type": "None",
      "Action": ""
    },
    {
      "X": -737.1242,
      "Y": 2667.74658,
      "Z": 96.2926941,
      "Type": "None",
      "Action": ""
    },
    {
      "X": -730.5362,
      "Y": 2662.318,
      "Z": 94.82399,
      "Type": "None",
      "Action": ""
    },
    {
      "X": -723.907654,
      "Y": 2656.856,
      "Z": 93.90975,
      "Type": "None",
      "Action": ""
    },
    {
      "X": -717.3764,
      "Y": 2651.474,
      "Z": 93.09591,
      "Type": "None",
      "Action": ""
    },
    {
      "X": -710.796448,
      "Y": 2646.05225,
      "Z": 92.51767,
      "Type": "None",
      "Action": ""
    },
    {
      "X": -704.151733,
      "Y": 2640.577,
      "Z": 92.03472,
      "Type": "None",
      "Action": ""
    },
    {
      "X": -697.8089,
      "Y": 2635.02759,
      "Z": 90.35545,
      "Type": "None",
      "Action": ""
    },
    {
      "X": -691.230469,
      "Y": 2629.39282,
      "Z": 90.0213,
      "Type": "None",
      "Action": ""
    },
    {
      "X": -684.7769,
      "Y": 2624.03223,
      "Z": 88.90003,
      "Type": "None",
      "Action": ""
    },
    {
      "X": -678.154053,
      "Y": 2618.53052,
      "Z": 87.32555,
      "Type": "None",
      "Action": ""
    },
    {
      "X": -672.0182,
      "Y": 2612.67651,
      "Z": 86.24821,
      "Type": "None",
      "Action": ""
    },
    {
      "X": -665.8959,
      "Y": 2606.578,
      "Z": 85.39745,
      "Type": "None",
      "Action": ""
    },
    {
      "X": -659.8926,
      "Y": 2600.598,
      "Z": 84.5378,
      "Type": "None",
      "Action": ""
    },
    {
      "X": -653.9339,
      "Y": 2594.66235,
      "Z": 83.60004,
      "Type": "None",
      "Action": ""
    },
    {
      "X": -647.87854,
      "Y": 2588.63037,
      "Z": 82.91531,
      "Type": "None",
      "Action": ""
    },
    {
      "X": -641.7562,
      "Y": 2582.53174,
      "Z": 82.1427155,
      "Type": "None",
      "Action": ""
    },
    {
      "X": -635.7232,
      "Y": 2576.52222,
      "Z": 81.18795,
      "Type": "None",
      "Action": ""
    },
    {
      "X": -628.711548,
      "Y": 2571.79663,
      "Z": 80.3596954,
      "Type": "None",
      "Action": ""
    },
    {
      "X": -620.737549,
      "Y": 2568.998,
      "Z": 80.02539,
      "Type": "None",
      "Action": ""
    },
    {
      "X": -612.748535,
      "Y": 2565.971,
      "Z": 79.12041,
      "Type": "None",
      "Action": ""
    },
    {
      "X": -604.9056,
      "Y": 2562.84766,
      "Z": 77.60156,
      "Type": "None",
      "Action": ""
    },
    {
      "X": -596.897339,
      "Y": 2559.601,
      "Z": 75.91419,
      "Type": "None",
      "Action": ""
    },
    {
      "X": -588.969849,
      "Y": 2556.16162,
      "Z": 73.48648,
      "Type": "None",
      "Action": ""
    },
    {
      "X": -581.1229,
      "Y": 2552.74731,
      "Z": 70.99347,
      "Type": "None",
      "Action": ""
    },
    {
      "X": -573.2017,
      "Y": 2549.373,
      "Z": 69.34383,
      "Type": "None",
      "Action": ""
    },
    {
      "X": -565.4067,
      "Y": 2546.25952,
      "Z": 69.52634,
      "Type": "None",
      "Action": ""
    },
    {
      "X": -557.202759,
      "Y": 2543.495,
      "Z": 69.0314255,
      "Type": "None",
      "Action": ""
    },
    {
      "X": -548.7804,
      "Y": 2542.378,
      "Z": 67.90746,
      "Type": "None",
      "Action": ""
    },
    {
      "X": -540.740967,
      "Y": 2544.68457,
      "Z": 67.11873,
      "Type": "None",
      "Action": ""
    },
    {
      "X": -533.254333,
      "Y": 2548.92676,
      "Z": 66.43855,
      "Type": "None",
      "Action": ""
    },
    {
      "X": -526.5007,
      "Y": 2553.95557,
      "Z": 66.13696,
      "Type": "None",
      "Action": ""
    },
    {
      "X": -519.8012,
      "Y": 2559.32813,
      "Z": 65.73104,
      "Type": "None",
      "Action": ""
    },
    {
      "X": -513.3188,
      "Y": 2564.83325,
      "Z": 65.16898,
      "Type": "None",
      "Action": ""
    },
    {
      "X": -507.044373,
      "Y": 2570.543,
      "Z": 64.83736,
      "Type": "None",
      "Action": ""
    },
    {
      "X": -500.941284,
      "Y": 2576.623,
      "Z": 64.82694,
      "Type": "None",
      "Action": ""
    },
    {
      "X": -495.082,
      "Y": 2582.598,
      "Z": 64.89104,
      "Type": "None",
      "Action": ""
    },
    {
      "X": -489.053619,
      "Y": 2588.74536,
      "Z": 64.78119,
      "Type": "None",
      "Action": ""
    },
    {
      "X": -483.1021,
      "Y": 2595.024,
      "Z": 64.50469,
      "Type": "None",
      "Action": ""
    },
    {
      "X": -477.5115,
      "Y": 2601.279,
      "Z": 64.14649,
      "Type": "None",
      "Action": ""
    },
    {
      "X": -472.023682,
      "Y": 2607.8584,
      "Z": 63.74464,
      "Type": "None",
      "Action": ""
    },
    {
      "X": -466.7363,
      "Y": 2614.45239,
      "Z": 63.28534,
      "Type": "None",
      "Action": ""
    },
    {
      "X": -461.631836,
      "Y": 2621.30615,
      "Z": 62.74128,
      "Type": "None",
      "Action": ""
    },
    {
      "X": -456.815643,
      "Y": 2628.30347,
      "Z": 61.9121628,
      "Type": "None",
      "Action": ""
    },
    {
      "X": -451.980255,
      "Y": 2635.47729,
      "Z": 60.7415276,
      "Type": "None",
      "Action": ""
    },
    {
      "X": -448.447052,
      "Y": 2643.28931,
      "Z": 59.6145554,
      "Type": "None",
      "Action": ""
    },
    {
      "X": -445.438263,
      "Y": 2651.1543,
      "Z": 58.4858856,
      "Type": "None",
      "Action": ""
    },
    {
      "X": -442.510223,
      "Y": 2659.23975,
      "Z": 57.29182,
      "Type": "None",
      "Action": ""
    },
    {
      "X": -439.8557,
      "Y": 2667.33081,
      "Z": 56.0392723,
      "Type": "None",
      "Action": ""
    },
    {
      "X": -437.686981,
      "Y": 2675.60669,
      "Z": 54.7262878,
      "Type": "None",
      "Action": ""
    },
    {
      "X": -436.26593,
      "Y": 2683.96973,
      "Z": 53.3904228,
      "Type": "None",
      "Action": ""
    },
    {
      "X": -435.502563,
      "Y": 2692.51172,
      "Z": 52.0770569,
      "Type": "None",
      "Action": ""
    },
    {
      "X": -436.071136,
      "Y": 2701.05835,
      "Z": 51.07104,
      "Type": "None",
      "Action": ""
    },
    {
      "X": -437.468262,
      "Y": 2709.404,
      "Z": 50.2751732,
      "Type": "None",
      "Action": ""
    },
    {
      "X": -440.101776,
      "Y": 2717.45386,
      "Z": 49.8477325,
      "Type": "None",
      "Action": ""
    },
    {
      "X": -444.300018,
      "Y": 2724.81323,
      "Z": 49.90471,
      "Type": "None",
      "Action": ""
    },
    {
      "X": -449.800476,
      "Y": 2731.43555,
      "Z": 50.35567,
      "Type": "None",
      "Action": ""
    },
    {
      "X": -455.4354,
      "Y": 2737.87573,
      "Z": 50.7853355,
      "Type": "None",
      "Action": ""
    },
    {
      "X": -461.667023,
      "Y": 2743.55835,
      "Z": 51.3795662,
      "Type": "None",
      "Action": ""
    },
    {
      "X": -469.26474,
      "Y": 2747.53882,
      "Z": 52.56549,
      "Type": "None",
      "Action": ""
    },
    {
      "X": -477.132324,
      "Y": 2751.154,
      "Z": 53.9064,
      "Type": "None",
      "Action": ""
    },
    {
      "X": -484.75824,
      "Y": 2754.91284,
      "Z": 55.2095261,
      "Type": "None",
      "Action": ""
    },
    {
      "X": -491.292633,
      "Y": 2760.29956,
      "Z": 55.8661423,
      "Type": "None",
      "Action": ""
    },
    {
      "X": -494.670319,
      "Y": 2767.931,
      "Z": 55.8970032,
      "Type": "None",
      "Action": ""
    },
    {
      "X": -494.8113,
      "Y": 2776.518,
      "Z": 54.6738968,
      "Type": "None",
      "Action": ""
    },
    {
      "X": -493.3042,
      "Y": 2785.04053,
      "Z": 52.9514122,
      "Type": "None",
      "Action": ""
    },
    {
      "X": -491.2164,
      "Y": 2793.1377,
      "Z": 51.0521774,
      "Type": "None",
      "Action": ""
    },
    {
      "X": -488.5554,
      "Y": 2801.38135,
      "Z": 48.91466,
      "Type": "None",
      "Action": ""
    },
    {
      "X": -485.772949,
      "Y": 2809.32837,
      "Z": 46.79175,
      "Type": "None",
      "Action": ""
    },
    {
      "X": -482.580231,
      "Y": 2817.21069,
      "Z": 44.5914726,
      "Type": "None",
      "Action": ""
    },
    {
      "X": -479.2382,
      "Y": 2825.14551,
      "Z": 42.3753128,
      "Type": "None",
      "Action": ""
    },
    {
      "X": -475.9614,
      "Y": 2832.92554,
      "Z": 40.2405739,
      "Type": "None",
      "Action": ""
    },
    {
      "X": -472.574554,
      "Y": 2840.967,
      "Z": 38.0921555,
      "Type": "None",
      "Action": ""
    },
    {
      "X": -469.228455,
      "Y": 2848.91162,
      "Z": 36.0539551,
      "Type": "None",
      "Action": ""
    },
    {
      "X": -465.90683,
      "Y": 2856.798,
      "Z": 34.14925,
      "Type": "None",
      "Action": ""
    },
    {
      "X": -462.764984,
      "Y": 2864.62,
      "Z": 32.4434166,
      "Type": "None",
      "Action": ""
    },
    {
      "X": -460.389038,
      "Y": 2872.924,
      "Z": 31.0148582,
      "Type": "None",
      "Action": ""
    },
    {
      "X": -458.371918,
      "Y": 2881.12158,
      "Z": 29.76691,
      "Type": "None",
      "Action": ""
    },
    {
      "X": -456.938,
      "Y": 2889.56567,
      "Z": 28.5816,
      "Type": "None",
      "Action": ""
    },
    {
      "X": -456.306427,
      "Y": 2898.067,
      "Z": 27.367548,
      "Type": "None",
      "Action": ""
    },
    {
      "X": -455.88443,
      "Y": 2906.55054,
      "Z": 25.93888,
      "Type": "None",
      "Action": ""
    },
    {
      "X": -456.144531,
      "Y": 2915.14551,
      "Z": 24.362484,
      "Type": "None",
      "Action": ""
    },
    {
      "X": -457.0626,
      "Y": 2923.533,
      "Z": 22.7288857,
      "Type": "None",
      "Action": ""
    },
    {
      "X": -458.746582,
      "Y": 2931.919,
      "Z": 21.00579,
      "Type": "None",
      "Action": ""
    },
    {
      "X": -461.369476,
      "Y": 2940.09766,
      "Z": 19.0326614,
      "Type": "None",
      "Action": ""
    },
    {
      "X": -464.952148,
      "Y": 2947.9104,
      "Z": 17.4817486,
      "Type": "None",
      "Action": ""
    },
    {
      "X": -470.370361,
      "Y": 2955.57935,
      "Z": 16.2618866,
      "Type": "None",
      "Action": ""
    },
    {
      "X": -476.2398,
      "Y": 2961.935,
      "Z": 15.1846,
      "Type": "None",
      "Action": ""
    },
    {
      "X": -481.9755,
      "Y": 2968.31421,
      "Z": 14.0000534,
      "Type": "None",
      "Action": ""
    },
    {
      "X": -487.49942,
      "Y": 2974.65552,
      "Z": 12.5676756,
      "Type": "None",
      "Action": ""
    },
    {
      "X": -492.8757,
      "Y": 2981.34888,
      "Z": 10.1054544,
      "Type": "None",
      "Action": ""
    },
    {
      "X": -497.3936,
      "Y": 2988.51147,
      "Z": 7.778064,
      "Type": "None",
      "Action": ""
    },
    {
      "X": -497.606567,
      "Y": 2996.58228,
      "Z": 5.51068449,
      "Type": "None",
      "Action": ""
    },
    {
      "X": -502.466644,
      "Y": 3005.56958,
      "Z": 5.97883224,
      "Type": "None",
      "Action": ""
    },
    {
      "X": -506.43576,
      "Y": 3013.24561,
      "Z": 5.847484,
      "Type": "None",
      "Action": ""
    },
    {
      "X": -510.3895,
      "Y": 3020.894,
      "Z": 5.65274,
      "Type": "None",
      "Action": ""
    },
    {
      "X": -514.3031,
      "Y": 3028.56348,
      "Z": 5.561354,
      "Type": "None",
      "Action": ""
    },
    {
      "X": -518.1159,
      "Y": 3036.0835,
      "Z": 5.28211069,
      "Type": "None",
      "Action": ""
    },
    {
      "X": -521.9799,
      "Y": 3043.731,
      "Z": 4.65370131,
      "Type": "None",
      "Action": ""
    },
    {
      "X": -525.731567,
      "Y": 3051.32837,
      "Z": 3.80851054,
      "Type": "None",
      "Action": ""
    },
    {
      "X": -529.529663,
      "Y": 3059.0437,
      "Z": 2.83675456,
      "Type": "None",
      "Action": ""
    },
    {
      "X": -533.2284,
      "Y": 3066.69043,
      "Z": 1.79175568,
      "Type": "None",
      "Action": ""
    },
    {
      "X": -536.8901,
      "Y": 3074.35522,
      "Z": 0.7639861,
      "Type": "None",
      "Action": ""
    },
    {
      "X": -540.3793,
      "Y": 3082.22656,
      "Z": 0.4193892,
      "Type": "None",
      "Action": ""
    },
    {
      "X": -543.7735,
      "Y": 3089.94556,
      "Z": 0.909809351,
      "Type": "None",
      "Action": ""
    },
    {
      "X": -547.2357,
      "Y": 3097.81958,
      "Z": 1.85640252,
      "Type": "None",
      "Action": ""
    },
    {
      "X": -550.6807,
      "Y": 3105.6543,
      "Z": 2.783088,
      "Type": "None",
      "Action": ""
    },
    {
      "X": -553.7665,
      "Y": 3113.73633,
      "Z": 3.42437983,
      "Type": "None",
      "Action": ""
    },
    {
      "X": -555.417,
      "Y": 3122.01636,
      "Z": 3.83823323,
      "Type": "None",
      "Action": ""
    },
    {
      "X": -555.7273,
      "Y": 3130.62427,
      "Z": 4.855721,
      "Type": "None",
      "Action": ""
    },
    {
      "X": -554.1802,
      "Y": 3138.839,
      "Z": 5.382014,
      "Type": "None",
      "Action": ""
    },
    {
      "X": -550.8059,
      "Y": 3146.73828,
      "Z": 10.3103943,
      "Type": "None",
      "Action": ""
    },
    {
      "X": -547.5655,
      "Y": 3152.14087,
      "Z": 16.7012024,
      "Type": "None",
      "Action": ""
    },
    {
      "X": -542.6701,
      "Y": 3159.23438,
      "Z": 19.0758648,
      "Type": "None",
      "Action": ""
    },
    {
      "X": -535.8013,
      "Y": 3163.41455,
      "Z": 18.5891953,
      "Type": "None",
      "Action": ""
    },
    {
      "X": -527.9857,
      "Y": 3160.981,
      "Z": 18.8817329,
      "Type": "None",
      "Action": ""
    },
    {
      "X": -521.374939,
      "Y": 3155.569,
      "Z": 19.329174,
      "Type": "None",
      "Action": ""
    },
    {
      "X": -515.4654,
      "Y": 3149.35669,
      "Z": 19.3787327,
      "Type": "None",
      "Action": ""
    },
    {
      "X": -509.871826,
      "Y": 3142.936,
      "Z": 19.2317982,
      "Type": "None",
      "Action": ""
    },
    {
      "X": -503.8724,
      "Y": 3136.83,
      "Z": 19.12941,
      "Type": "None",
      "Action": ""
    },
    {
      "X": -497.1592,
      "Y": 3131.21265,
      "Z": 19.12941,
      "Type": "None",
      "Action": ""
    },
    {
      "X": -490.219849,
      "Y": 3126.53882,
      "Z": 19.12941,
      "Type": "None",
      "Action": ""
    },
    {
      "X": -482.673279,
      "Y": 3122.494,
      "Z": 19.38986,
      "Type": "None",
      "Action": ""
    },
    {
      "X": -474.948578,
      "Y": 3118.71826,
      "Z": 20.0292625,
      "Type": "None",
      "Action": ""
    },
    {
      "X": -467.18634,
      "Y": 3115.268,
      "Z": 20.6643963,
      "Type": "None",
      "Action": ""
    },
    {
      "X": -459.425323,
      "Y": 3111.815,
      "Z": 21.2993889,
      "Type": "None",
      "Action": ""
    },
    {
      "X": -451.742554,
      "Y": 3108.04785,
      "Z": 21.9862633,
      "Type": "None",
      "Action": ""
    },
    {
      "X": -444.480621,
      "Y": 3103.673,
      "Z": 22.7105217,
      "Type": "None",
      "Action": ""
    },
    {
      "X": -437.854156,
      "Y": 3098.18481,
      "Z": 23.00396,
      "Type": "None",
      "Action": ""
    },
    {
      "X": -431.8103,
      "Y": 3092.30615,
      "Z": 22.7404957,
      "Type": "None",
      "Action": ""
    },
    {
      "X": -425.4534,
      "Y": 3086.39063,
      "Z": 22.4685421,
      "Type": "None",
      "Action": ""
    },
    {
      "X": -419.2315,
      "Y": 3080.83862,
      "Z": 22.71441,
      "Type": "None",
      "Action": ""
    },
    {
      "X": -411.324463,
      "Y": 3077.88,
      "Z": 22.68161,
      "Type": "None",
      "Action": ""
    },
    {
      "X": -402.888123,
      "Y": 3078.573,
      "Z": 22.429163,
      "Type": "None",
      "Action": ""
    },
    {
      "X": -394.777283,
      "Y": 3080.82446,
      "Z": 23.0054169,
      "Type": "None",
      "Action": ""
    },
    {
      "X": -386.427917,
      "Y": 3082.87476,
      "Z": 25.0340519,
      "Type": "None",
      "Action": ""
    },
    {
      "X": -378.1714,
      "Y": 3084.86548,
      "Z": 24.7601814,
      "Type": "None",
      "Action": ""
    },
    {
      "X": -369.745,
      "Y": 3086.5686,
      "Z": 23.8162289,
      "Type": "None",
      "Action": ""
    },
    {
      "X": -361.222961,
      "Y": 3087.601,
      "Z": 22.52311,
      "Type": "None",
      "Action": ""
    },
    {
      "X": -352.879517,
      "Y": 3086.706,
      "Z": 22.01335,
      "Type": "None",
      "Action": ""
    },
    {
      "X": -344.518555,
      "Y": 3084.53784,
      "Z": 20.8832264,
      "Type": "None",
      "Action": ""
    },
    {
      "X": -336.9948,
      "Y": 3080.981,
      "Z": 22.0135822,
      "Type": "None",
      "Action": ""
    },
    {
      "X": -329.4328,
      "Y": 3076.806,
      "Z": 22.1029224,
      "Type": "None",
      "Action": ""
    },
    {
      "X": -321.50647,
      "Y": 3073.95313,
      "Z": 22.4641743,
      "Type": "None",
      "Action": ""
    },
    {
      "X": -313.019318,
      "Y": 3073.59985,
      "Z": 22.463213,
      "Type": "None",
      "Action": ""
    },
    {
      "X": -304.812134,
      "Y": 3076.04028,
      "Z": 22.4697247,
      "Type": "None",
      "Action": ""
    },
    {
      "X": -298.018921,
      "Y": 3080.97974,
      "Z": 23.57334,
      "Type": "None",
      "Action": ""
    },
    {
      "X": -291.857941,
      "Y": 3086.92676,
      "Z": 25.8107357,
      "Type": "None",
      "Action": ""
    },
    {
      "X": -287.4453,
      "Y": 3094.12378,
      "Z": 28.5891132,
      "Type": "None",
      "Action": ""
    },
    {
      "X": -284.76004,
      "Y": 3101.63159,
      "Z": 30.2912254,
      "Type": "None",
      "Action": ""
    },
    {
      "X": -280.344879,
      "Y": 3109.402,
      "Z": 31.20746,
      "Type": "None",
      "Action": ""
    },
    {
      "X": -278.259033,
      "Y": 3118.19824,
      "Z": 31.2369328,
      "Type": "None",
      "Action": ""
    },
    {
      "X": -280.097717,
      "Y": 3126.35986,
      "Z": 31.31495,
      "Type": "None",
      "Action": ""
    },
    {
      "X": -283.6469,
      "Y": 3134.188,
      "Z": 31.4203548,
      "Type": "None",
      "Action": ""
    },
    {
      "X": -288.077484,
      "Y": 3141.69116,
      "Z": 31.52599,
      "Type": "None",
      "Action": ""
    },
    {
      "X": -303.707,
      "Y": 3165.37866,
      "Z": 31.7413025,
      "Type": "None",
      "Action": ""
    },
    {
      "X": -313.707,
      "Y": 3175.37866,
      "Z": 31.7413025,
      "Type": "None",
      "Action": ""
    }
  ],
  "OffMeshConnections": []
}