{
  "StepModels": [
    {
      "$type": "WholesomeDungeonCrawler.Models.MoveAlongPathModel, WholesomeDungeonCrawler",
      "Path": [
        {
          "X": -1355.28,
          "Y": 1641.57,
          "Z": 68.274,
          "Type": "None",
          "Action": ""
        },
        {
          "X": -1350.42627,
          "Y": 1648.29224,
          "Z": 68.6425247,
          "Type": "None",
          "Action": ""
        },
        {
          "X": -1343.66321,
          "Y": 1653.78284,
          "Z": 68.87515,
          "Type": "None",
          "Action": ""
        },
        {
          "X": -1336.86768,
          "Y": 1658.26868,
          "Z": 68.79636,
          "Type": "None",
          "Action": ""
        },
        {
          "X": -1328.72729,
          "Y": 1662.29224,
          "Z": 68.8459,
          "Type": "None",
          "Action": ""
        },
        {
          "X": -1320.58362,
          "Y": 1664.8833,
          "Z": 67.9474945,
          "Type": "None",
          "Action": ""
        },
        {
          "X": -1312.56689,
          "Y": 1667.16687,
          "Z": 66.19127,
          "Type": "None",
          "Action": ""
        },
        {
          "X": -1304.19067,
          "Y": 1669.17029,
          "Z": 65.8329544,
          "Type": "None",
          "Action": ""
        },
        {
          "X": -1295.9115,
          "Y": 1670.96448,
          "Z": 67.35902,
          "Type": "None",
          "Action": ""
        },
        {
          "X": -1287.57385,
          "Y": 1672.91626,
          "Z": 68.73257,
          "Type": "None",
          "Action": ""
        },
        {
          "X": -1279.36584,
          "Y": 1672.40662,
          "Z": 68.6641,
          "Type": "None",
          "Action": ""
        },
        {
          "X": -1273.34253,
          "Y": 1664.969,
          "Z": 68.8128052,
          "Type": "None",
          "Action": ""
        },
        {
          "X": -1271.51831,
          "Y": 1656.66907,
          "Z": 69.03624,
          "Type": "None",
          "Action": ""
        },
        {
          "X": -1263.053,
          "Y": 1654.215,
          "Z": 68.36788,
          "Type": "None",
          "Action": ""
        },
        {
          "X": -1254.57251,
          "Y": 1653.29431,
          "Z": 67.59509,
          "Type": "None",
          "Action": ""
        },
        {
          "X": -1247.0188,
          "Y": 1650.04993,
          "Z": 67.38581,
          "Type": "None",
          "Action": ""
        },
        {
          "X": -1247.77332,
          "Y": 1641.74414,
          "Z": 68.0959549,
          "Type": "None",
          "Action": ""
        },
        {
          "X": -1246.52686,
          "Y": 1633.76575,
          "Z": 68.51113,
          "Type": "None",
          "Action": ""
        },
        {
          "X": -1243.6156,
          "Y": 1625.79529,
          "Z": 68.50968,
          "Type": "None",
          "Action": ""
        },
        {
          "X": -1244.62109,
          "Y": 1616.5498,
          "Z": 68.52083,
          "Type": "None",
          "Action": ""
        },
        {
          "X": -1247.691,
          "Y": 1608.5282,
          "Z": 68.54434,
          "Type": "None",
          "Action": ""
        },
        {
          "X": -1250.73291,
          "Y": 1600.60828,
          "Z": 68.56692,
          "Type": "None",
          "Action": ""
        },
        {
          "X": -1253.892,
          "Y": 1592.63647,
          "Z": 68.5638,
          "Type": "None",
          "Action": ""
        },
        {
          "X": -1256.71973,
          "Y": 1583.97656,
          "Z": 68.55578,
          "Type": "None",
          "Action": ""
        },
        {
          "X": -1259.75146,
          "Y": 1575.85291,
          "Z": 68.6384048,
          "Type": "None",
          "Action": ""
        },
        {
          "X": -1262.94434,
          "Y": 1568.33875,
          "Z": 68.6447,
          "Type": "None",
          "Action": ""
        },
        {
          "X": -1265.46289,
          "Y": 1560.2135,
          "Z": 68.5741348,
          "Type": "None",
          "Action": ""
        },
        {
          "X": -1269.11743,
          "Y": 1552.51807,
          "Z": 68.5698547,
          "Type": "None",
          "Action": ""
        },
        {
          "X": -1274.01929,
          "Y": 1546.0144,
          "Z": 68.56865,
          "Type": "None",
          "Action": ""
        },
        {
          "X": -1281.75757,
          "Y": 1540.98193,
          "Z": 68.57662,
          "Type": "None",
          "Action": ""
        },
        {
          "X": -1288.67175,
          "Y": 1535.99463,
          "Z": 68.58302,
          "Type": "None",
          "Action": ""
        },
        {
          "X": -1293.87134,
          "Y": 1529.44592,
          "Z": 68.59123,
          "Type": "None",
          "Action": ""
        },
        {
          "X": -1296.72632,
          "Y": 1521.64038,
          "Z": 68.5950546,
          "Type": "None",
          "Action": ""
        },
        {
          "X": -1297.43323,
          "Y": 1513.12329,
          "Z": 68.5950546,
          "Type": "None",
          "Action": ""
        },
        {
          "X": -1295.22839,
          "Y": 1505.057,
          "Z": 68.59527,
          "Type": "None",
          "Action": ""
        },
        {
          "X": -1291.01367,
          "Y": 1497.752,
          "Z": 68.5937347,
          "Type": "None",
          "Action": ""
        },
        {
          "X": -1286.436,
          "Y": 1490.43152,
          "Z": 68.59233,
          "Type": "None",
          "Action": ""
        },
        {
          "X": -1279.35352,
          "Y": 1485.90015,
          "Z": 68.58807,
          "Type": "None",
          "Action": ""
        },
        {
          "X": -1271.14453,
          "Y": 1483.85107,
          "Z": 68.58073,
          "Type": "None",
          "Action": ""
        },
        {
          "X": -1262.50525,
          "Y": 1483.91223,
          "Z": 68.57064,
          "Type": "None",
          "Action": ""
        },
        {
          "X": -1253.897,
          "Y": 1483.53479,
          "Z": 68.5633,
          "Type": "None",
          "Action": ""
        },
        {
          "X": -1245.43433,
          "Y": 1482.186,
          "Z": 68.55612,
          "Type": "None",
          "Action": ""
        },
        {
          "X": -1237.34387,
          "Y": 1479.6311,
          "Z": 68.55592,
          "Type": "None",
          "Action": ""
        },
        {
          "X": -1230.76477,
          "Y": 1474.51721,
          "Z": 68.5583,
          "Type": "None",
          "Action": ""
        },
        {
          "X": -1229.50073,
          "Y": 1466.44653,
          "Z": 68.56679,
          "Type": "None",
          "Action": ""
        },
        {
          "X": -1229.08057,
          "Y": 1457.99426,
          "Z": 68.57602,
          "Type": "None",
          "Action": ""
        },
        {
          "X": -1228.28162,
          "Y": 1449.51746,
          "Z": 68.5853043,
          "Type": "None",
          "Action": ""
        },
        {
          "X": -1221.46326,
          "Y": 1443.33032,
          "Z": 68.58955,
          "Type": "None",
          "Action": ""
        },
        {
          "X": -1218.98462,
          "Y": 1435.14734,
          "Z": 68.59917,
          "Type": "None",
          "Action": ""
        },
        {
          "X": -1213.28015,
          "Y": 1429.294,
          "Z": 68.59641,
          "Type": "None",
          "Action": ""
        }
      ],
      "Name": "Clear Area before Boss",
      "Order": 0,
      "CompleteCondition": {
        "HasCompleteCondition": false,
        "ConditionType": 4,
        "GameObjectId": 0,
        "InitialFlags": 0,
        "ItemId": 0,
        "CSharpCondition": null,
        "DeadMobId": 17306,
        "MobPositionId": 0,
        "MobId": 0,
        "MobPositionVector": null,
        "LOSPositionVector": null,
        "WaitTime": 0
      }
    },
    {
      "$type": "WholesomeDungeonCrawler.Models.DefendSpotModel, WholesomeDungeonCrawler",
      "DefendPosition": {
        "X": -1195.16382,
        "Y": 1439.51318,
        "Z": 68.49704,
        "Type": "None",
        "Action": ""
      },
      "Timer": 120000,
      "Precision": 5.0,
      "Name": "Waiting for Boss - Watchkeeper Gargolmar (2 min)",
      "Order": 1,
      "CompleteCondition": {
        "HasCompleteCondition": true,
        "ConditionType": 4,
        "GameObjectId": 0,
        "InitialFlags": 0,
        "ItemId": 0,
        "CSharpCondition": null,
        "DeadMobId": 17306,
        "MobPositionId": 0,
        "MobId": 0,
        "MobPositionVector": null,
        "LOSPositionVector": null,
        "WaitTime": 0
      }
    },
    {
      "$type": "WholesomeDungeonCrawler.Models.MoveAlongPathModel, WholesomeDungeonCrawler",
      "Path": [
        {
          "X": -1175.83423,
          "Y": 1443.2384,
          "Z": 68.42126,
          "Type": "None",
          "Action": ""
        },
        {
          "X": -1167.81812,
          "Y": 1446.06641,
          "Z": 68.41126,
          "Type": "None",
          "Action": ""
        },
        {
          "X": -1160.08411,
          "Y": 1448.25842,
          "Z": 68.4012,
          "Type": "None",
          "Action": ""
        },
        {
          "X": -1157.03418,
          "Y": 1455.84021,
          "Z": 68.4016953,
          "Type": "None",
          "Action": ""
        },
        {
          "X": -1153.37512,
          "Y": 1463.94775,
          "Z": 68.40278,
          "Type": "None",
          "Action": ""
        },
        {
          "X": -1148.60571,
          "Y": 1470.904,
          "Z": 68.40278,
          "Type": "None",
          "Action": ""
        },
        {
          "X": -1144.10583,
          "Y": 1478.47375,
          "Z": 68.40106,
          "Type": "None",
          "Action": ""
        },
        {
          "X": -1138.96033,
          "Y": 1485.4082,
          "Z": 68.39787,
          "Type": "None",
          "Action": ""
        },
        {
          "X": -1133.70972,
          "Y": 1492.69592,
          "Z": 68.39787,
          "Type": "None",
          "Action": ""
        },
        {
          "X": -1131.17041,
          "Y": 1501.12671,
          "Z": 68.39787,
          "Type": "None",
          "Action": ""
        },
        {
          "X": -1136.07141,
          "Y": 1508.42981,
          "Z": 68.39787,
          "Type": "None",
          "Action": ""
        },
        {
          "X": -1140.67444,
          "Y": 1516.07507,
          "Z": 68.39787,
          "Type": "None",
          "Action": ""
        },
        {
          "X": -1147.3429,
          "Y": 1521.95825,
          "Z": 68.39787,
          "Type": "None",
          "Action": ""
        },
        {
          "X": -1155.9873,
          "Y": 1524.50513,
          "Z": 68.40168,
          "Type": "None",
          "Action": ""
        },
        {
          "X": -1164.63647,
          "Y": 1526.60193,
          "Z": 68.42029,
          "Type": "None",
          "Action": ""
        },
        {
          "X": -1172.505,
          "Y": 1530.198,
          "Z": 68.4496155,
          "Type": "None",
          "Action": ""
        },
        {
          "X": -1180.2052,
          "Y": 1533.77234,
          "Z": 68.4583359,
          "Type": "None",
          "Action": ""
        },
        {
          "X": -1188.1084,
          "Y": 1536.83875,
          "Z": 68.4702148,
          "Type": "None",
          "Action": ""
        },
        {
          "X": -1196.23328,
          "Y": 1538.74841,
          "Z": 68.48849,
          "Type": "None",
          "Action": ""
        },
        {
          "X": -1204.59583,
          "Y": 1539.8999,
          "Z": 68.51662,
          "Type": "None",
          "Action": ""
        },
        {
          "X": -1212.85474,
          "Y": 1538.32947,
          "Z": 68.56422,
          "Type": "None",
          "Action": ""
        },
        {
          "X": -1218.84058,
          "Y": 1532.46777,
          "Z": 68.53286,
          "Type": "None",
          "Action": ""
        },
        {
          "X": -1219.11792,
          "Y": 1524.32788,
          "Z": 68.7064,
          "Type": "None",
          "Action": ""
        },
        {
          "X": -1218.50586,
          "Y": 1515.90332,
          "Z": 68.5392456,
          "Type": "None",
          "Action": ""
        },
        {
          "X": -1221.192,
          "Y": 1508.11841,
          "Z": 69.5859756,
          "Type": "None",
          "Action": ""
        },
        {
          "X": -1227.99829,
          "Y": 1503.17053,
          "Z": 73.16382,
          "Type": "None",
          "Action": ""
        },
        {
          "X": -1236.372,
          "Y": 1502.022,
          "Z": 76.03304,
          "Type": "None",
          "Action": ""
        },
        {
          "X": -1244.26208,
          "Y": 1504.70764,
          "Z": 79.5520554,
          "Type": "None",
          "Action": ""
        },
        {
          "X": -1249.44519,
          "Y": 1511.18359,
          "Z": 82.31725,
          "Type": "None",
          "Action": ""
        },
        {
          "X": -1251.95764,
          "Y": 1519.21289,
          "Z": 85.30512,
          "Type": "None",
          "Action": ""
        },
        {
          "X": -1251.2,
          "Y": 1527.641,
          "Z": 87.97414,
          "Type": "None",
          "Action": ""
        },
        {
          "X": -1246.36633,
          "Y": 1534.01367,
          "Z": 89.54191,
          "Type": "None",
          "Action": ""
        },
        {
          "X": -1239.14319,
          "Y": 1537.35876,
          "Z": 90.434906,
          "Type": "None",
          "Action": ""
        },
        {
          "X": -1237.66248,
          "Y": 1545.4751,
          "Z": 90.3643341,
          "Type": "None",
          "Action": ""
        },
        {
          "X": -1239.06067,
          "Y": 1553.35144,
          "Z": 90.79452,
          "Type": "None",
          "Action": ""
        },
        {
          "X": -1240.8905,
          "Y": 1561.51355,
          "Z": 91.04229,
          "Type": "None",
          "Action": ""
        },
        {
          "X": -1243.28455,
          "Y": 1569.70715,
          "Z": 91.30508,
          "Type": "None",
          "Action": ""
        },
        {
          "X": -1246.66016,
          "Y": 1577.09583,
          "Z": 91.21792,
          "Type": "None",
          "Action": ""
        },
        {
          "X": -1251.95667,
          "Y": 1584.20544,
          "Z": 91.17737,
          "Type": "None",
          "Action": ""
        },
        {
          "X": -1258.59558,
          "Y": 1590.124,
          "Z": 91.87534,
          "Type": "None",
          "Action": ""
        },
        {
          "X": -1270.48877,
          "Y": 1594.68811,
          "Z": 91.7622147,
          "Type": "None",
          "Action": ""
        },
        {
          "X": -1278.85913,
          "Y": 1593.90515,
          "Z": 91.7264557,
          "Type": "None",
          "Action": ""
        },
        {
          "X": -1287.25208,
          "Y": 1593.66943,
          "Z": 91.7727356,
          "Type": "None",
          "Action": ""
        },
        {
          "X": -1294.18665,
          "Y": 1589.26343,
          "Z": 91.76975,
          "Type": "None",
          "Action": ""
        },
        {
          "X": -1303.28918,
          "Y": 1587.847,
          "Z": 91.78044,
          "Type": "None",
          "Action": ""
        },
        {
          "X": -1311.43774,
          "Y": 1590.53735,
          "Z": 91.77465,
          "Type": "None",
          "Action": ""
        },
        {
          "X": -1318.31458,
          "Y": 1596.202,
          "Z": 91.767395,
          "Type": "None",
          "Action": ""
        },
        {
          "X": -1325.57043,
          "Y": 1606.14819,
          "Z": 91.19978,
          "Type": "None",
          "Action": ""
        },
        {
          "X": -1325.07874,
          "Y": 1615.08374,
          "Z": 90.984314,
          "Type": "None",
          "Action": ""
        },
        {
          "X": -1323.0752,
          "Y": 1622.81458,
          "Z": 89.980484,
          "Type": "None",
          "Action": ""
        },
        {
          "X": -1319.62573,
          "Y": 1631.06677,
          "Z": 90.91741,
          "Type": "None",
          "Action": ""
        },
        {
          "X": -1313.56421,
          "Y": 1637.55286,
          "Z": 91.7444153,
          "Type": "None",
          "Action": ""
        },
        {
          "X": -1305.79016,
          "Y": 1639.55713,
          "Z": 91.74629,
          "Type": "None",
          "Action": ""
        },
        {
          "X": -1296.96326,
          "Y": 1638.42371,
          "Z": 91.74629,
          "Type": "None",
          "Action": ""
        },
        {
          "X": -1288.15723,
          "Y": 1637.25244,
          "Z": 91.734024,
          "Type": "None",
          "Action": ""
        },
        {
          "X": -1278.31934,
          "Y": 1637.01489,
          "Z": 91.6917648,
          "Type": "None",
          "Action": ""
        },
        {
          "X": -1270.84241,
          "Y": 1641.21375,
          "Z": 91.63218,
          "Type": "None",
          "Action": ""
        },
        {
          "X": -1263.21313,
          "Y": 1645.84119,
          "Z": 92.54967,
          "Type": "None",
          "Action": ""
        },
        {
          "X": -1255.5719,
          "Y": 1650.477,
          "Z": 93.13031,
          "Type": "None",
          "Action": ""
        },
        {
          "X": -1248.68884,
          "Y": 1654.653,
          "Z": 93.03717,
          "Type": "None",
          "Action": ""
        },
        {
          "X": -1240.931,
          "Y": 1659.20813,
          "Z": 92.4472961,
          "Type": "None",
          "Action": ""
        },
        {
          "X": -1232.88782,
          "Y": 1663.12769,
          "Z": 92.40165,
          "Type": "None",
          "Action": ""
        },
        {
          "X": -1224.77856,
          "Y": 1666.826,
          "Z": 92.60757,
          "Type": "None",
          "Action": ""
        },
        {
          "X": -1217.47839,
          "Y": 1670.13831,
          "Z": 93.14012,
          "Type": "None",
          "Action": ""
        },
        {
          "X": -1209.34827,
          "Y": 1673.82715,
          "Z": 93.163414,
          "Type": "None",
          "Action": ""
        },
        {
          "X": -1201.23218,
          "Y": 1677.54614,
          "Z": 92.1656342,
          "Type": "None",
          "Action": ""
        },
        {
          "X": -1194.01709,
          "Y": 1681.062,
          "Z": 91.6997757,
          "Type": "None",
          "Action": ""
        },
        {
          "X": -1185.99585,
          "Y": 1684.9707,
          "Z": 91.09072,
          "Type": "None",
          "Action": ""
        },
        {
          "X": -1177.90491,
          "Y": 1688.87036,
          "Z": 91.2262344,
          "Type": "None",
          "Action": ""
        },
        {
          "X": -1169.84888,
          "Y": 1692.718,
          "Z": 91.60318,
          "Type": "None",
          "Action": ""
        },
        {
          "X": -1161.78772,
          "Y": 1696.56812,
          "Z": 91.4540253,
          "Type": "None",
          "Action": ""
        },
        {
          "X": -1154.56738,
          "Y": 1700.02808,
          "Z": 91.0717239,
          "Type": "None",
          "Action": ""
        },
        {
          "X": -1146.57861,
          "Y": 1704.02466,
          "Z": 90.64314,
          "Type": "None",
          "Action": ""
        },
        {
          "X": -1139.3855,
          "Y": 1707.52979,
          "Z": 90.2613144,
          "Type": "None",
          "Action": ""
        },
        {
          "X": -1131.35986,
          "Y": 1711.44067,
          "Z": 89.8333,
          "Type": "None",
          "Action": ""
        },
        {
          "X": -1123.26709,
          "Y": 1715.175,
          "Z": 89.41897,
          "Type": "None",
          "Action": ""
        },
        {
          "X": -1115.67651,
          "Y": 1718.65369,
          "Z": 89.55314,
          "Type": "None",
          "Action": ""
        },
        {
          "X": -1107.54639,
          "Y": 1722.35388,
          "Z": 89.83301,
          "Type": "None",
          "Action": ""
        },
        {
          "X": -1100.23254,
          "Y": 1725.707,
          "Z": 90.08223,
          "Type": "None",
          "Action": ""
        }
      ],
      "Name": "Boss - Omor the Unscarred",
      "Order": 2,
      "CompleteCondition": {
        "HasCompleteCondition": true,
        "ConditionType": 4,
        "GameObjectId": 0,
        "InitialFlags": 0,
        "ItemId": 0,
        "CSharpCondition": null,
        "DeadMobId": 17308,
        "MobPositionId": 0,
        "MobId": 0,
        "MobPositionVector": null,
        "LOSPositionVector": null,
        "WaitTime": 0
      }
    },
    {
      "$type": "WholesomeDungeonCrawler.Models.MoveAlongPathModel, WholesomeDungeonCrawler",
      "Path": [
        {
          "X": -1107.18945,
          "Y": 1717.368,
          "Z": 89.88216,
          "Type": "None",
          "Action": ""
        },
        {
          "X": -1115.26611,
          "Y": 1713.63416,
          "Z": 89.72159,
          "Type": "None",
          "Action": ""
        },
        {
          "X": -1122.79907,
          "Y": 1710.67114,
          "Z": 89.57522,
          "Type": "None",
          "Action": ""
        },
        {
          "X": -1131.08459,
          "Y": 1707.41223,
          "Z": 89.9581757,
          "Type": "None",
          "Action": ""
        },
        {
          "X": -1139.443,
          "Y": 1704.12463,
          "Z": 90.37815,
          "Type": "None",
          "Action": ""
        },
        {
          "X": -1147.87769,
          "Y": 1701.01025,
          "Z": 90.79285,
          "Type": "None",
          "Action": ""
        },
        {
          "X": -1156.21118,
          "Y": 1697.78308,
          "Z": 91.20779,
          "Type": "None",
          "Action": ""
        },
        {
          "X": -1164.39856,
          "Y": 1694.05884,
          "Z": 91.6008148,
          "Type": "None",
          "Action": ""
        },
        {
          "X": -1172.53394,
          "Y": 1690.44165,
          "Z": 91.56352,
          "Type": "None",
          "Action": ""
        },
        {
          "X": -1180.70715,
          "Y": 1686.77808,
          "Z": 91.0167542,
          "Type": "None",
          "Action": ""
        },
        {
          "X": -1187.92969,
          "Y": 1683.34619,
          "Z": 91.32375,
          "Type": "None",
          "Action": ""
        },
        {
          "X": -1196.05334,
          "Y": 1679.58459,
          "Z": 91.81515,
          "Type": "None",
          "Action": ""
        },
        {
          "X": -1204.15857,
          "Y": 1675.83154,
          "Z": 92.82457,
          "Type": "None",
          "Action": ""
        },
        {
          "X": -1212.35242,
          "Y": 1672.19055,
          "Z": 93.17397,
          "Type": "None",
          "Action": ""
        },
        {
          "X": -1219.65344,
          "Y": 1668.82153,
          "Z": 92.91949,
          "Type": "None",
          "Action": ""
        },
        {
          "X": -1227.86121,
          "Y": 1665.20007,
          "Z": 92.4703445,
          "Type": "None",
          "Action": ""
        },
        {
          "X": -1236.029,
          "Y": 1661.52979,
          "Z": 92.4551544,
          "Type": "None",
          "Action": ""
        },
        {
          "X": -1243.84387,
          "Y": 1657.24133,
          "Z": 92.71675,
          "Type": "None",
          "Action": ""
        },
        {
          "X": -1251.38855,
          "Y": 1653.301,
          "Z": 93.18315,
          "Type": "None",
          "Action": ""
        },
        {
          "X": -1258.92139,
          "Y": 1648.83582,
          "Z": 93.25246,
          "Type": "None",
          "Action": ""
        },
        {
          "X": -1266.18188,
          "Y": 1644.4071,
          "Z": 92.03019,
          "Type": "None",
          "Action": ""
        },
        {
          "X": -1273.37659,
          "Y": 1639.63513,
          "Z": 91.65772,
          "Type": "None",
          "Action": ""
        },
        {
          "X": -1280.254,
          "Y": 1635.51782,
          "Z": 91.70443,
          "Type": "None",
          "Action": ""
        },
        {
          "X": -1288.41565,
          "Y": 1631.91028,
          "Z": 91.74677,
          "Type": "None",
          "Action": ""
        },
        {
          "X": -1297.17322,
          "Y": 1630.38416,
          "Z": 91.7476044,
          "Type": "None",
          "Action": ""
        },
        {
          "X": -1304.70642,
          "Y": 1633.70618,
          "Z": 91.74856,
          "Type": "None",
          "Action": ""
        },
        {
          "X": -1310.79407,
          "Y": 1639.79919,
          "Z": 91.74562,
          "Type": "None",
          "Action": ""
        },
        {
          "X": -1314.97229,
          "Y": 1651.57471,
          "Z": 91.6633148,
          "Type": "None",
          "Action": ""
        },
        {
          "X": -1319.19531,
          "Y": 1658.93774,
          "Z": 92.3037338,
          "Type": "None",
          "Action": ""
        },
        {
          "X": -1323.96814,
          "Y": 1666.01062,
          "Z": 93.15974,
          "Type": "None",
          "Action": ""
        },
        {
          "X": -1329.37756,
          "Y": 1672.62561,
          "Z": 92.89682,
          "Type": "None",
          "Action": ""
        },
        {
          "X": -1335.3562,
          "Y": 1678.721,
          "Z": 91.6779251,
          "Type": "None",
          "Action": ""
        },
        {
          "X": -1341.61,
          "Y": 1684.49451,
          "Z": 90.49035,
          "Type": "None",
          "Action": ""
        },
        {
          "X": -1347.9115,
          "Y": 1690.2998,
          "Z": 88.69688,
          "Type": "None",
          "Action": ""
        },
        {
          "X": -1354.285,
          "Y": 1696.17151,
          "Z": 86.56454,
          "Type": "None",
          "Action": ""
        },
        {
          "X": -1360.62646,
          "Y": 1701.90186,
          "Z": 84.5344543,
          "Type": "None",
          "Action": ""
        },
        {
          "X": -1366.96472,
          "Y": 1707.60449,
          "Z": 83.3171,
          "Type": "None",
          "Action": ""
        },
        {
          "X": -1373.32886,
          "Y": 1713.33044,
          "Z": 82.85485,
          "Type": "None",
          "Action": ""
        },
        {
          "X": -1379.62756,
          "Y": 1719.93958,
          "Z": 82.7118149,
          "Type": "None",
          "Action": ""
        },
        {
          "X": -1386.15894,
          "Y": 1725.44153,
          "Z": 82.31935,
          "Type": "None",
          "Action": ""
        },
        {
          "X": -1392.42188,
          "Y": 1730.73,
          "Z": 81.94281,
          "Type": "None",
          "Action": ""
        },
        {
          "X": -1399.09717,
          "Y": 1736.50342,
          "Z": 81.53835,
          "Type": "None",
          "Action": ""
        },
        {
          "X": -1405.05237,
          "Y": 1741.85608,
          "Z": 81.21819,
          "Type": "None",
          "Action": ""
        }
      ],
      "Name": "Boss - Nazan",
      "Order": 3,
      "CompleteCondition": {
        "HasCompleteCondition": true,
        "ConditionType": 4,
        "GameObjectId": 0,
        "InitialFlags": 0,
        "ItemId": 0,
        "CSharpCondition": null,
        "DeadMobId": 17536,
        "MobPositionId": 0,
        "MobId": 0,
        "MobPositionVector": null,
        "LOSPositionVector": null,
        "WaitTime": 0
      }
    }
  ],
  "MapId": 543,
  "Name": "Hellfire Ramparts (Alliance)",
  "Faction": 2,
  "DeathRunPath": [
    {
      "X": -803.0117,
      "Y": 2702.592,
      "Z": 106.758232,
      "Type": "None",
      "Action": ""
    },
    {
      "X": -806.783569,
      "Y": 2693.91772,
      "Z": 105.053558,
      "Type": "None",
      "Action": ""
    },
    {
      "X": -805.4081,
      "Y": 2685.75879,
      "Z": 104.0468,
      "Type": "None",
      "Action": ""
    },
    {
      "X": -796.7888,
      "Y": 2685.85327,
      "Z": 104.102478,
      "Type": "None",
      "Action": ""
    },
    {
      "X": -788.1743,
      "Y": 2686.15479,
      "Z": 103.369377,
      "Type": "None",
      "Action": ""
    },
    {
      "X": -779.7822,
      "Y": 2685.87427,
      "Z": 103.074539,
      "Type": "None",
      "Action": ""
    },
    {
      "X": -771.2645,
      "Y": 2684.97314,
      "Z": 102.622604,
      "Type": "None",
      "Action": ""
    },
    {
      "X": -762.910645,
      "Y": 2683.62231,
      "Z": 101.894043,
      "Type": "None",
      "Action": ""
    },
    {
      "X": -755.3914,
      "Y": 2679.76587,
      "Z": 100.653046,
      "Type": "None",
      "Action": ""
    },
    {
      "X": -748.602051,
      "Y": 2674.731,
      "Z": 98.93528,
      "Type": "None",
      "Action": ""
    },
    {
      "X": -741.7199,
      "Y": 2669.62744,
      "Z": 97.12589,
      "Type": "None",
      "Action": ""
    },
    {
      "X": -734.7534,
      "Y": 2664.46118,
      "Z": 95.8125153,
      "Type": "None",
      "Action": ""
    },
    {
      "X": -728.0399,
      "Y": 2659.48267,
      "Z": 94.27416,
      "Type": "None",
      "Action": ""
    },
    {
      "X": -721.204468,
      "Y": 2654.148,
      "Z": 93.626236,
      "Type": "None",
      "Action": ""
    },
    {
      "X": -714.613159,
      "Y": 2648.674,
      "Z": 92.7796249,
      "Type": "None",
      "Action": ""
    },
    {
      "X": -708.134949,
      "Y": 2643.294,
      "Z": 92.198204,
      "Type": "None",
      "Action": ""
    },
    {
      "X": -701.5113,
      "Y": 2637.793,
      "Z": 91.21823,
      "Type": "None",
      "Action": ""
    },
    {
      "X": -695.0331,
      "Y": 2632.41284,
      "Z": 89.91677,
      "Type": "None",
      "Action": ""
    },
    {
      "X": -688.4579,
      "Y": 2626.95215,
      "Z": 89.7587357,
      "Type": "None",
      "Action": ""
    },
    {
      "X": -681.7858,
      "Y": 2621.41113,
      "Z": 88.09636,
      "Type": "None",
      "Action": ""
    },
    {
      "X": -675.1299,
      "Y": 2615.8833,
      "Z": 86.8001556,
      "Type": "None",
      "Action": ""
    },
    {
      "X": -668.6355,
      "Y": 2610.48975,
      "Z": 85.7877655,
      "Type": "None",
      "Action": ""
    },
    {
      "X": -662.0603,
      "Y": 2605.0293,
      "Z": 84.9923859,
      "Type": "None",
      "Action": ""
    },
    {
      "X": -655.533569,
      "Y": 2599.609,
      "Z": 84.08008,
      "Type": "None",
      "Action": ""
    },
    {
      "X": -648.9504,
      "Y": 2594.1416,
      "Z": 83.39198,
      "Type": "None",
      "Action": ""
    },
    {
      "X": -642.358765,
      "Y": 2588.53174,
      "Z": 82.8961639,
      "Type": "None",
      "Action": ""
    },
    {
      "X": -637.962341,
      "Y": 2581.40674,
      "Z": 81.82816,
      "Type": "None",
      "Action": ""
    },
    {
      "X": -631.5193,
      "Y": 2575.682,
      "Z": 80.9365,
      "Type": "None",
      "Action": ""
    },
    {
      "X": -623.5147,
      "Y": 2572.79053,
      "Z": 81.2348557,
      "Type": "None",
      "Action": ""
    },
    {
      "X": -615.8785,
      "Y": 2569.12451,
      "Z": 80.45876,
      "Type": "None",
      "Action": ""
    },
    {
      "X": -608.2568,
      "Y": 2565.23315,
      "Z": 78.71981,
      "Type": "None",
      "Action": ""
    },
    {
      "X": -600.288,
      "Y": 2562.72754,
      "Z": 77.10646,
      "Type": "None",
      "Action": ""
    },
    {
      "X": -592.3601,
      "Y": 2559.47559,
      "Z": 74.9194946,
      "Type": "None",
      "Action": ""
    },
    {
      "X": -584.995239,
      "Y": 2555.15967,
      "Z": 72.3775253,
      "Type": "None",
      "Action": ""
    },
    {
      "X": -577.5802,
      "Y": 2551.17383,
      "Z": 69.3438644,
      "Type": "None",
      "Action": ""
    },
    {
      "X": -569.7399,
      "Y": 2547.565,
      "Z": 69.39876,
      "Type": "None",
      "Action": ""
    },
    {
      "X": -561.8178,
      "Y": 2544.40063,
      "Z": 69.46618,
      "Type": "None",
      "Action": ""
    },
    {
      "X": -553.5449,
      "Y": 2542.80347,
      "Z": 68.6142349,
      "Type": "None",
      "Action": ""
    },
    {
      "X": -544.9241,
      "Y": 2542.88062,
      "Z": 67.4673538,
      "Type": "None",
      "Action": ""
    },
    {
      "X": -536.6507,
      "Y": 2544.25244,
      "Z": 66.11892,
      "Type": "None",
      "Action": ""
    },
    {
      "X": -528.3278,
      "Y": 2546.4375,
      "Z": 64.82826,
      "Type": "None",
      "Action": ""
    },
    {
      "X": -521.1896,
      "Y": 2551.147,
      "Z": 64.38622,
      "Type": "None",
      "Action": ""
    },
    {
      "X": -515.198242,
      "Y": 2557.076,
      "Z": 64.27017,
      "Type": "None",
      "Action": ""
    },
    {
      "X": -509.4553,
      "Y": 2563.44751,
      "Z": 64.13647,
      "Type": "None",
      "Action": ""
    },
    {
      "X": -503.845856,
      "Y": 2569.80566,
      "Z": 64.14834,
      "Type": "None",
      "Action": ""
    },
    {
      "X": -498.246979,
      "Y": 2576.15161,
      "Z": 64.33248,
      "Type": "None",
      "Action": ""
    },
    {
      "X": -492.516052,
      "Y": 2582.64746,
      "Z": 64.4926758,
      "Type": "None",
      "Action": ""
    },
    {
      "X": -486.868439,
      "Y": 2589.04883,
      "Z": 64.45126,
      "Type": "None",
      "Action": ""
    },
    {
      "X": -481.2695,
      "Y": 2595.39478,
      "Z": 64.23293,
      "Type": "None",
      "Action": ""
    },
    {
      "X": -475.601685,
      "Y": 2601.83423,
      "Z": 63.8654,
      "Type": "None",
      "Action": ""
    },
    {
      "X": -470.088776,
      "Y": 2608.22778,
      "Z": 63.4471169,
      "Type": "None",
      "Action": ""
    },
    {
      "X": -464.455322,
      "Y": 2614.7666,
      "Z": 62.90234,
      "Type": "None",
      "Action": ""
    },
    {
      "X": -458.8561,
      "Y": 2621.26587,
      "Z": 62.2162628,
      "Type": "None",
      "Action": ""
    },
    {
      "X": -453.32547,
      "Y": 2627.68555,
      "Z": 61.1847,
      "Type": "None",
      "Action": ""
    },
    {
      "X": -447.7674,
      "Y": 2634.137,
      "Z": 59.8581352,
      "Type": "None",
      "Action": ""
    },
    {
      "X": -442.647369,
      "Y": 2641.02881,
      "Z": 58.4225159,
      "Type": "None",
      "Action": ""
    },
    {
      "X": -439.0712,
      "Y": 2648.61548,
      "Z": 57.20685,
      "Type": "None",
      "Action": ""
    },
    {
      "X": -435.5657,
      "Y": 2656.537,
      "Z": 55.91111,
      "Type": "None",
      "Action": ""
    },
    {
      "X": -432.4219,
      "Y": 2664.31177,
      "Z": 54.5753174,
      "Type": "None",
      "Action": ""
    },
    {
      "X": -429.85556,
      "Y": 2672.53125,
      "Z": 53.1605,
      "Type": "None",
      "Action": ""
    },
    {
      "X": -428.097351,
      "Y": 2680.8418,
      "Z": 51.7163734,
      "Type": "None",
      "Action": ""
    },
    {
      "X": -426.323,
      "Y": 2689.24536,
      "Z": 50.112648,
      "Type": "None",
      "Action": ""
    },
    {
      "X": -425.769958,
      "Y": 2697.75366,
      "Z": 48.73064,
      "Type": "None",
      "Action": ""
    },
    {
      "X": -426.3892,
      "Y": 2706.15186,
      "Z": 47.67289,
      "Type": "None",
      "Action": ""
    },
    {
      "X": -428.352417,
      "Y": 2714.45581,
      "Z": 47.0368652,
      "Type": "None",
      "Action": ""
    },
    {
      "X": -430.692719,
      "Y": 2722.73022,
      "Z": 46.5229836,
      "Type": "None",
      "Action": ""
    },
    {
      "X": -433.653442,
      "Y": 2730.67114,
      "Z": 46.1928177,
      "Type": "None",
      "Action": ""
    },
    {
      "X": -437.499023,
      "Y": 2738.396,
      "Z": 46.0082321,
      "Type": "None",
      "Action": ""
    },
    {
      "X": -443.735138,
      "Y": 2743.91064,
      "Z": 46.7103424,
      "Type": "None",
      "Action": ""
    },
    {
      "X": -451.7978,
      "Y": 2747.07959,
      "Z": 48.2419624,
      "Type": "None",
      "Action": ""
    },
    {
      "X": -459.98053,
      "Y": 2749.80542,
      "Z": 49.8293,
      "Type": "None",
      "Action": ""
    },
    {
      "X": -468.1578,
      "Y": 2752.3623,
      "Z": 51.8724365,
      "Type": "None",
      "Action": ""
    },
    {
      "X": -476.243164,
      "Y": 2754.72241,
      "Z": 53.1681366,
      "Type": "None",
      "Action": ""
    },
    {
      "X": -484.3937,
      "Y": 2757.46387,
      "Z": 54.6790962,
      "Type": "None",
      "Action": ""
    },
    {
      "X": -491.4832,
      "Y": 2762.07031,
      "Z": 55.5557861,
      "Type": "None",
      "Action": ""
    },
    {
      "X": -493.37088,
      "Y": 2770.16626,
      "Z": 55.2037659,
      "Type": "None",
      "Action": ""
    },
    {
      "X": -492.243958,
      "Y": 2778.678,
      "Z": 53.6174965,
      "Type": "None",
      "Action": ""
    },
    {
      "X": -490.860535,
      "Y": 2786.963,
      "Z": 51.9450951,
      "Type": "None",
      "Action": ""
    },
    {
      "X": -489.410522,
      "Y": 2795.45,
      "Z": 50.14883,
      "Type": "None",
      "Action": ""
    },
    {
      "X": -487.96048,
      "Y": 2803.937,
      "Z": 48.3165665,
      "Type": "None",
      "Action": ""
    },
    {
      "X": -486.609467,
      "Y": 2811.84448,
      "Z": 46.6046,
      "Type": "None",
      "Action": ""
    },
    {
      "X": -484.147064,
      "Y": 2820.0603,
      "Z": 44.5586929,
      "Type": "None",
      "Action": ""
    },
    {
      "X": -481.80127,
      "Y": 2828.36646,
      "Z": 42.56232,
      "Type": "None",
      "Action": ""
    },
    {
      "X": -481.000244,
      "Y": 2836.871,
      "Z": 40.9897041,
      "Type": "None",
      "Action": ""
    },
    {
      "X": -481.577942,
      "Y": 2845.30273,
      "Z": 39.8073959,
      "Type": "None",
      "Action": ""
    },
    {
      "X": -482.379242,
      "Y": 2853.812,
      "Z": 38.6660538,
      "Type": "None",
      "Action": ""
    },
    {
      "X": -484.3084,
      "Y": 2862.15161,
      "Z": 37.7864075,
      "Type": "None",
      "Action": ""
    },
    {
      "X": -486.9246,
      "Y": 2870.12085,
      "Z": 37.032074,
      "Type": "None",
      "Action": ""
    },
    {
      "X": -489.3475,
      "Y": 2878.39136,
      "Z": 36.0886879,
      "Type": "None",
      "Action": ""
    },
    {
      "X": -491.830017,
      "Y": 2886.471,
      "Z": 35.07643,
      "Type": "None",
      "Action": ""
    },
    {
      "X": -494.358765,
      "Y": 2894.70142,
      "Z": 33.9406433,
      "Type": "None",
      "Action": ""
    },
    {
      "X": -496.865936,
      "Y": 2902.86133,
      "Z": 32.73719,
      "Type": "None",
      "Action": ""
    },
    {
      "X": -499.354584,
      "Y": 2910.96118,
      "Z": 31.4858456,
      "Type": "None",
      "Action": ""
    },
    {
      "X": -501.880249,
      "Y": 2919.1814,
      "Z": 30.1569252,
      "Type": "None",
      "Action": ""
    },
    {
      "X": -504.396667,
      "Y": 2927.37158,
      "Z": 28.6512928,
      "Type": "None",
      "Action": ""
    },
    {
      "X": -502.675751,
      "Y": 2935.32666,
      "Z": 26.3553772,
      "Type": "None",
      "Action": ""
    },
    {
      "X": -502.146881,
      "Y": 2943.88867,
      "Z": 23.5667725,
      "Type": "None",
      "Action": ""
    },
    {
      "X": -501.611816,
      "Y": 2952.34521,
      "Z": 20.5276871,
      "Type": "None",
      "Action": ""
    },
    {
      "X": -501.069366,
      "Y": 2960.88574,
      "Z": 17.6514816,
      "Type": "None",
      "Action": ""
    },
    {
      "X": -500.2785,
      "Y": 2969.459,
      "Z": 15.1799984,
      "Type": "None",
      "Action": ""
    },
    {
      "X": -499.485016,
      "Y": 2977.82129,
      "Z": 12.7606,
      "Type": "None",
      "Action": ""
    },
    {
      "X": -498.666718,
      "Y": 2986.445,
      "Z": 8.963066,
      "Type": "None",
      "Action": ""
    },
    {
      "X": -495.4368,
      "Y": 2993.63,
      "Z": 5.616597,
      "Type": "None",
      "Action": ""
    },
    {
      "X": -488.356,
      "Y": 2998.577,
      "Z": 2.609033,
      "Type": "None",
      "Action": ""
    },
    {
      "X": -480.908356,
      "Y": 3002.535,
      "Z": 0.121384472,
      "Type": "None",
      "Action": ""
    },
    {
      "X": -472.8546,
      "Y": 3005.48462,
      "Z": -2.6444447,
      "Type": "None",
      "Action": ""
    },
    {
      "X": -464.542572,
      "Y": 3007.59473,
      "Z": -5.865772,
      "Type": "None",
      "Action": ""
    },
    {
      "X": -456.250977,
      "Y": 3009.39087,
      "Z": -9.364191,
      "Type": "None",
      "Action": ""
    },
    {
      "X": -447.947174,
      "Y": 3011.457,
      "Z": -12.5671291,
      "Type": "None",
      "Action": ""
    },
    {
      "X": -439.769653,
      "Y": 3013.55347,
      "Z": -15.0444508,
      "Type": "None",
      "Action": ""
    },
    {
      "X": -431.465454,
      "Y": 3015.663,
      "Z": -17.3334541,
      "Type": "None",
      "Action": ""
    },
    {
      "X": -423.177948,
      "Y": 3017.75317,
      "Z": -17.079258,
      "Type": "None",
      "Action": ""
    },
    {
      "X": -414.92,
      "Y": 3019.744,
      "Z": -16.3038769,
      "Type": "None",
      "Action": ""
    },
    {
      "X": -406.621155,
      "Y": 3021.699,
      "Z": -16.14802,
      "Type": "None",
      "Action": ""
    },
    {
      "X": -398.195618,
      "Y": 3023.754,
      "Z": -16.14802,
      "Type": "None",
      "Action": ""
    },
    {
      "X": -390.065277,
      "Y": 3025.90649,
      "Z": -16.14802,
      "Type": "None",
      "Action": ""
    },
    {
      "X": -381.755737,
      "Y": 3027.994,
      "Z": -16.3505611,
      "Type": "None",
      "Action": ""
    },
    {
      "X": -373.551117,
      "Y": 3029.99487,
      "Z": -16.33689,
      "Type": "None",
      "Action": ""
    },
    {
      "X": -365.2646,
      "Y": 3032.045,
      "Z": -15.5030079,
      "Type": "None",
      "Action": ""
    },
    {
      "X": -356.8651,
      "Y": 3034.027,
      "Z": -13.8104944,
      "Type": "None",
      "Action": ""
    },
    {
      "X": -348.666748,
      "Y": 3035.85669,
      "Z": -14.8520012,
      "Type": "None",
      "Action": ""
    },
    {
      "X": -340.390533,
      "Y": 3038.20874,
      "Z": -16.5490227,
      "Type": "None",
      "Action": ""
    },
    {
      "X": -332.956116,
      "Y": 3042.20459,
      "Z": -16.6231747,
      "Type": "None",
      "Action": ""
    },
    {
      "X": -338.122,
      "Y": 3050.68945,
      "Z": -16.58098,
      "Type": "None",
      "Action": ""
    },
    {
      "X": -344.386536,
      "Y": 3056.58081,
      "Z": -15.8434954,
      "Type": "None",
      "Action": ""
    },
    {
      "X": -350.423584,
      "Y": 3062.55322,
      "Z": -15.1831312,
      "Type": "None",
      "Action": ""
    },
    {
      "X": -356.020935,
      "Y": 3069.14917,
      "Z": -15.077549,
      "Type": "None",
      "Action": ""
    },
    {
      "X": -363.87558,
      "Y": 3080.19043,
      "Z": -14.8201361,
      "Type": "None",
      "Action": ""
    },
    {
      "X": -373.87558,
      "Y": 3090.19043,
      "Z": -15.8201361,
      "Type": "None",
      "Action": ""
    }
  ],
  "OffMeshConnections": []
}