{
  "StepModels": [
    {
      "$type": "WholesomeDungeonCrawler.Models.MoveAlongPathModel, WholesomeDungeonCrawler",
      "Path": [
        {
          "X": 255.346,
          "Y": -209.09,
          "Z": 18.6773,
          "Type": "None",
          "Action": ""
        },
        {
          "X": 261.3652,
          "Y": -209.190079,
          "Z": 19.2014561,
          "Type": "None",
          "Action": ""
        },
        {
          "X": 267.2039,
          "Y": -209.665024,
          "Z": 19.2028484,
          "Type": "None",
          "Action": ""
        },
        {
          "X": 268.997131,
          "Y": -214.868851,
          "Z": 19.2013683,
          "Type": "None",
          "Action": ""
        },
        {
          "X": 269.312347,
          "Y": -220.69133,
          "Z": 19.2013683,
          "Type": "None",
          "Action": ""
        },
        {
          "X": 268.116119,
          "Y": -226.006516,
          "Z": 18.5307236,
          "Type": "None",
          "Action": ""
        },
        {
          "X": 262.5685,
          "Y": -226.770874,
          "Z": 18.5307236,
          "Type": "None",
          "Action": ""
        },
        {
          "X": 256.9435,
          "Y": -227.208572,
          "Z": 18.5307236,
          "Type": "None",
          "Action": ""
        },
        {
          "X": 251.374359,
          "Y": -227.6419,
          "Z": 18.5307236,
          "Type": "None",
          "Action": ""
        },
        {
          "X": 245.557724,
          "Y": -228.045471,
          "Z": 18.5307236,
          "Type": "None",
          "Action": ""
        },
        {
          "X": 239.915833,
          "Y": -228.328735,
          "Z": 18.5307236,
          "Type": "None",
          "Action": ""
        },
        {
          "X": 234.329865,
          "Y": -228.609192,
          "Z": 18.5307236,
          "Type": "None",
          "Action": ""
        },
        {
          "X": 228.50621,
          "Y": -228.9016,
          "Z": 18.5307236,
          "Type": "None",
          "Action": ""
        },
        {
          "X": 222.731476,
          "Y": -229.191528,
          "Z": 18.5307236,
          "Type": "None",
          "Action": ""
        },
        {
          "X": 216.956757,
          "Y": -229.481461,
          "Z": 18.5307236,
          "Type": "None",
          "Action": ""
        },
        {
          "X": 211.3703,
          "Y": -229.045685,
          "Z": 18.5307236,
          "Type": "None",
          "Action": ""
        },
        {
          "X": 205.865692,
          "Y": -228.1361,
          "Z": 18.5307236,
          "Type": "None",
          "Action": ""
        },
        {
          "X": 200.721832,
          "Y": -228.950272,
          "Z": 18.5307236,
          "Type": "None",
          "Action": ""
        },
        {
          "X": 200.4018,
          "Y": -234.78981,
          "Z": 18.8586845,
          "Type": "None",
          "Action": ""
        },
        {
          "X": 199.1989,
          "Y": -240.109253,
          "Z": 19.2011013,
          "Type": "None",
          "Action": ""
        },
        {
          "X": 193.512589,
          "Y": -240.505478,
          "Z": 19.2011013,
          "Type": "None",
          "Action": ""
        },
        {
          "X": 187.634674,
          "Y": -240.66185,
          "Z": 19.2011013,
          "Type": "None",
          "Action": ""
        },
        {
          "X": 181.833725,
          "Y": -240.8162,
          "Z": 19.2011013,
          "Type": "None",
          "Action": ""
        },
        {
          "X": 176.102753,
          "Y": -240.968658,
          "Z": 19.2011013,
          "Type": "None",
          "Action": ""
        },
        {
          "X": 170.476746,
          "Y": -241.118332,
          "Z": 19.2011013,
          "Type": "None",
          "Action": ""
        },
        {
          "X": 164.542847,
          "Y": -241.2762,
          "Z": 19.2011013,
          "Type": "None",
          "Action": ""
        },
        {
          "X": 158.785049,
          "Y": -241.639,
          "Z": 19.2011013,
          "Type": "None",
          "Action": ""
        },
        {
          "X": 154.882278,
          "Y": -245.3194,
          "Z": 19.2011013,
          "Type": "None",
          "Action": ""
        },
        {
          "X": 154.807877,
          "Y": -251.089233,
          "Z": 19.2011013,
          "Type": "None",
          "Action": ""
        },
        {
          "X": 154.4439,
          "Y": -256.786621,
          "Z": 19.2011013,
          "Type": "None",
          "Action": ""
        },
        {
          "X": 150.29303,
          "Y": -260.348328,
          "Z": 19.2011013,
          "Type": "None",
          "Action": ""
        },
        {
          "X": 144.871964,
          "Y": -258.877136,
          "Z": 19.2011013,
          "Type": "None",
          "Action": ""
        },
        {
          "X": 140.801,
          "Y": -254.857758,
          "Z": 19.2011013,
          "Type": "None",
          "Action": ""
        },
        {
          "X": 135.527176,
          "Y": -253.172119,
          "Z": 19.2011013,
          "Type": "None",
          "Action": ""
        },
        {
          "X": 130.890915,
          "Y": -256.488464,
          "Z": 18.5465527,
          "Type": "None",
          "Action": ""
        },
        {
          "X": 126.5829,
          "Y": -260.01297,
          "Z": 18.546608,
          "Type": "None",
          "Action": ""
        },
        {
          "X": 123.064827,
          "Y": -256.151917,
          "Z": 18.546608,
          "Type": "None",
          "Action": ""
        },
        {
          "X": 128.000092,
          "Y": -253.7734,
          "Z": 18.546608,
          "Type": "None",
          "Action": ""
        },
        {
          "X": 133.61879,
          "Y": -253.347366,
          "Z": 18.68838,
          "Type": "None",
          "Action": ""
        },
        {
          "X": 138.890015,
          "Y": -255.550232,
          "Z": 19.2010574,
          "Type": "None",
          "Action": ""
        },
        {
          "X": 143.672974,
          "Y": -258.720123,
          "Z": 19.2010574,
          "Type": "None",
          "Action": ""
        },
        {
          "X": 149.04393,
          "Y": -260.515137,
          "Z": 19.2010574,
          "Type": "None",
          "Action": ""
        },
        {
          "X": 153.447052,
          "Y": -263.570343,
          "Z": 19.2010574,
          "Type": "None",
          "Action": ""
        },
        {
          "X": 154.740387,
          "Y": -269.1451,
          "Z": 19.2010574,
          "Type": "None",
          "Action": ""
        },
        {
          "X": 155.705948,
          "Y": -274.795746,
          "Z": 19.2010574,
          "Type": "None",
          "Action": ""
        },
        {
          "X": 156.15213,
          "Y": -280.373383,
          "Z": 19.2010574,
          "Type": "None",
          "Action": ""
        },
        {
          "X": 157.496445,
          "Y": -285.73468,
          "Z": 19.2010574,
          "Type": "None",
          "Action": ""
        },
        {
          "X": 162.82756,
          "Y": -287.113647,
          "Z": 19.2010574,
          "Type": "None",
          "Action": ""
        },
        {
          "X": 168.561462,
          "Y": -287.1886,
          "Z": 19.2010574,
          "Type": "None",
          "Action": ""
        },
        {
          "X": 172.948441,
          "Y": -290.44165,
          "Z": 19.2010574,
          "Type": "None",
          "Action": ""
        },
        {
          "X": 174.153885,
          "Y": -295.878479,
          "Z": 19.2010574,
          "Type": "None",
          "Action": ""
        },
        {
          "X": 173.965424,
          "Y": -301.609619,
          "Z": 18.5293064,
          "Type": "None",
          "Action": ""
        },
        {
          "X": 177.443787,
          "Y": -305.60318,
          "Z": 18.5293064,
          "Type": "None",
          "Action": ""
        },
        {
          "X": 183.035019,
          "Y": -306.0524,
          "Z": 18.5293064,
          "Type": "None",
          "Action": ""
        },
        {
          "X": 188.774887,
          "Y": -306.012329,
          "Z": 18.5293064,
          "Type": "None",
          "Action": ""
        },
        {
          "X": 194.409744,
          "Y": -305.972961,
          "Z": 18.5293064,
          "Type": "None",
          "Action": ""
        },
        {
          "X": 200.100616,
          "Y": -305.933228,
          "Z": 18.5293064,
          "Type": "None",
          "Action": ""
        },
        {
          "X": 205.833466,
          "Y": -305.893158,
          "Z": 18.5293064,
          "Type": "None",
          "Action": ""
        },
        {
          "X": 211.4751,
          "Y": -305.835663,
          "Z": 18.5293064,
          "Type": "None",
          "Action": ""
        },
        {
          "X": 217.205826,
          "Y": -305.727875,
          "Z": 18.5293064,
          "Type": "None",
          "Action": ""
        },
        {
          "X": 221.451172,
          "Y": -308.717773,
          "Z": 18.5293064,
          "Type": "None",
          "Action": ""
        },
        {
          "X": 221.177567,
          "Y": -314.296967,
          "Z": 19.1995811,
          "Type": "None",
          "Action": ""
        },
        {
          "X": 220.893066,
          "Y": -320.02536,
          "Z": 18.5337887,
          "Type": "None",
          "Action": ""
        },
        {
          "X": 220.722931,
          "Y": -325.65274,
          "Z": 18.5337887,
          "Type": "None",
          "Action": ""
        },
        {
          "X": 224.8368,
          "Y": -329.2521,
          "Z": 18.5337887,
          "Type": "None",
          "Action": ""
        },
        {
          "X": 230.32515,
          "Y": -330.2914,
          "Z": 18.5337887,
          "Type": "None",
          "Action": ""
        },
        {
          "X": 235.998077,
          "Y": -331.159882,
          "Z": 18.5337887,
          "Type": "None",
          "Action": ""
        },
        {
          "X": 241.72905,
          "Y": -331.4101,
          "Z": 18.5337887,
          "Type": "None",
          "Action": ""
        },
        {
          "X": 247.312988,
          "Y": -331.268524,
          "Z": 18.5337887,
          "Type": "None",
          "Action": ""
        },
        {
          "X": 253.050629,
          "Y": -331.2659,
          "Z": 18.5337887,
          "Type": "None",
          "Action": ""
        },
        {
          "X": 258.363342,
          "Y": -333.067017,
          "Z": 18.5350018,
          "Type": "None",
          "Action": ""
        },
        {
          "X": 262.364624,
          "Y": -336.969482,
          "Z": 18.53293,
          "Type": "None",
          "Action": ""
        },
        {
          "X": 265.172882,
          "Y": -341.865326,
          "Z": 20.0687656,
          "Type": "None",
          "Action": ""
        },
        {
          "X": 264.951,
          "Y": -347.530151,
          "Z": 20.0763988,
          "Type": "None",
          "Action": ""
        },
        {
          "X": 261.047363,
          "Y": -351.3951,
          "Z": 20.0763988,
          "Type": "None",
          "Action": ""
        },
        {
          "X": 256.992065,
          "Y": -355.387482,
          "Z": 20.40834,
          "Type": "None",
          "Action": ""
        },
        {
          "X": 255.4738,
          "Y": -360.751373,
          "Z": 20.4055271,
          "Type": "None",
          "Action": ""
        },
        {
          "X": 257.3781,
          "Y": -365.9817,
          "Z": 20.4089966,
          "Type": "None",
          "Action": ""
        },
        {
          "X": 262.913452,
          "Y": -365.9658,
          "Z": 20.0763836,
          "Type": "None",
          "Action": ""
        },
        {
          "X": 265.656,
          "Y": -370.678223,
          "Z": 20.0763836,
          "Type": "None",
          "Action": ""
        },
        {
          "X": 265.495239,
          "Y": -376.312256,
          "Z": 20.0763836,
          "Type": "None",
          "Action": ""
        },
        {
          "X": 265.448547,
          "Y": -382.002777,
          "Z": 20.0763836,
          "Type": "None",
          "Action": ""
        },
        {
          "X": 262.7721,
          "Y": -386.442078,
          "Z": 20.0763836,
          "Type": "None",
          "Action": ""
        },
        {
          "X": 257.36203,
          "Y": -387.9227,
          "Z": 20.4096813,
          "Type": "None",
          "Action": ""
        },
        {
          "X": 254.163284,
          "Y": -392.4333,
          "Z": 20.4011059,
          "Type": "None",
          "Action": ""
        },
        {
          "X": 254.296387,
          "Y": -397.914246,
          "Z": 20.3999939,
          "Type": "None",
          "Action": ""
        },
        {
          "X": 258.9229,
          "Y": -400.850067,
          "Z": 20.2739754,
          "Type": "None",
          "Action": ""
        },
        {
          "X": 264.5722,
          "Y": -401.6954,
          "Z": 20.0763111,
          "Type": "None",
          "Action": ""
        },
        {
          "X": 269.8371,
          "Y": -403.887024,
          "Z": 20.0763111,
          "Type": "None",
          "Action": ""
        },
        {
          "X": 268.274963,
          "Y": -408.718536,
          "Z": 20.0761375,
          "Type": "None",
          "Action": ""
        },
        {
          "X": 265.563171,
          "Y": -413.473053,
          "Z": 20.0761375,
          "Type": "None",
          "Action": ""
        },
        {
          "X": 266.4593,
          "Y": -418.955139,
          "Z": 19.0489559,
          "Type": "None",
          "Action": ""
        },
        {
          "X": 265.9019,
          "Y": -424.461548,
          "Z": 18.5342579,
          "Type": "None",
          "Action": ""
        },
        {
          "X": 261.082855,
          "Y": -427.10437,
          "Z": 18.5342579,
          "Type": "None",
          "Action": ""
        },
        {
          "X": 255.5125,
          "Y": -427.935272,
          "Z": 18.5342579,
          "Type": "None",
          "Action": ""
        },
        {
          "X": 249.820526,
          "Y": -428.6755,
          "Z": 18.5342579,
          "Type": "None",
          "Action": ""
        },
        {
          "X": 244.194839,
          "Y": -429.0134,
          "Z": 18.5342579,
          "Type": "None",
          "Action": ""
        },
        {
          "X": 238.511139,
          "Y": -428.9562,
          "Z": 18.5342579,
          "Type": "None",
          "Action": ""
        },
        {
          "X": 232.77861,
          "Y": -428.883728,
          "Z": 18.5342579,
          "Type": "None",
          "Action": ""
        },
        {
          "X": 227.136673,
          "Y": -428.883667,
          "Z": 18.5342579,
          "Type": "None",
          "Action": ""
        },
        {
          "X": 221.354691,
          "Y": -428.9014,
          "Z": 18.5342579,
          "Type": "None",
          "Action": ""
        },
        {
          "X": 215.614792,
          "Y": -428.930084,
          "Z": 18.5342579,
          "Type": "None",
          "Action": ""
        },
        {
          "X": 209.8824,
          "Y": -429.011719,
          "Z": 18.5342579,
          "Type": "None",
          "Action": ""
        },
        {
          "X": 204.290359,
          "Y": -429.095825,
          "Z": 18.5342579,
          "Type": "None",
          "Action": ""
        },
        {
          "X": 200.308746,
          "Y": -425.7628,
          "Z": 18.5314159,
          "Type": "None",
          "Action": ""
        },
        {
          "X": 196.542419,
          "Y": -421.708038,
          "Z": 18.8665428,
          "Type": "None",
          "Action": ""
        },
        {
          "X": 191.324631,
          "Y": -419.463379,
          "Z": 18.8608322,
          "Type": "None",
          "Action": ""
        },
        {
          "X": 186.1241,
          "Y": -421.273621,
          "Z": 18.863,
          "Type": "None",
          "Action": ""
        },
        {
          "X": 184.636658,
          "Y": -426.55954,
          "Z": 18.5315342,
          "Type": "None",
          "Action": ""
        },
        {
          "X": 184.705688,
          "Y": -432.294769,
          "Z": 18.5317268,
          "Type": "None",
          "Action": ""
        },
        {
          "X": 183.060989,
          "Y": -437.313721,
          "Z": 18.8635216,
          "Type": "None",
          "Action": ""
        },
        {
          "X": 179.764542,
          "Y": -433.0325,
          "Z": 18.53292,
          "Type": "None",
          "Action": ""
        },
        {
          "X": 175.004227,
          "Y": -430.054047,
          "Z": 18.5316944,
          "Type": "None",
          "Action": ""
        },
        {
          "X": 169.273285,
          "Y": -428.9048,
          "Z": 18.531805,
          "Type": "None",
          "Action": ""
        },
        {
          "X": 163.539017,
          "Y": -428.650238,
          "Z": 18.5097866,
          "Type": "None",
          "Action": ""
        },
        {
          "X": 157.900711,
          "Y": -428.445984,
          "Z": 18.4858875,
          "Type": "None",
          "Action": ""
        },
        {
          "X": 152.274551,
          "Y": -427.5345,
          "Z": 18.4858875,
          "Type": "None",
          "Action": ""
        }
      ],
      "Name": "Full Run",
      "Order": 0,
      "CompleteCondition": {
        "HasCompleteCondition": true,
        "ConditionType": 4,
        "GameObjectId": 0,
        "InitialFlags": 0,
        "ItemId": 0,
        "CSharpCondition": null,
        "DeadMobId": 6487,
        "MobPositionId": 0,
        "MobId": 0,
        "MobPositionVector": null,
        "LOSPositionVector": null,
        "WaitTime": 0
      }
    },
    {
      "$type": "WholesomeDungeonCrawler.Models.InteractWithModel, WholesomeDungeonCrawler",
      "ObjectId": 103821,
      "ExpectedPosition": {
        "X": 131.826,
        "Y": -432.618,
        "Z": 18.5158,
        "Type": "None",
        "Action": ""
      },
      "StrictPosition": false,
      "FindClosest": false,
      "Name": "Take Key",
      "Order": 1,
      "CompleteCondition": {
        "HasCompleteCondition": false,
        "ConditionType": 0,
        "GameObjectId": 0,
        "InitialFlags": 0,
        "ItemId": 0,
        "CSharpCondition": null,
        "DeadMobId": 0,
        "MobPositionId": 0,
        "MobId": 0,
        "MobPositionVector": null,
        "LOSPositionVector": null,
        "WaitTime": 0
      }
    }
  ],
  "MapId": 189,
  "Name": "SM Library",
  "Faction": 2,
  "DeathRunPath": [
    {
      "X": 2601.98071,
      "Y": -544.9013,
      "Z": 88.9996,
      "Type": "None",
      "Action": ""
    },
    {
      "X": 2600.381,
      "Y": -550.8101,
      "Z": 88.9998,
      "Type": "None",
      "Action": ""
    },
    {
      "X": 2597.62549,
      "Y": -556.443359,
      "Z": 88.9998,
      "Type": "None",
      "Action": ""
    },
    {
      "X": 2594.42554,
      "Y": -560.8967,
      "Z": 89.0983047,
      "Type": "None",
      "Action": ""
    },
    {
      "X": 2595.6377,
      "Y": -567.260742,
      "Z": 91.18003,
      "Type": "None",
      "Action": ""
    },
    {
      "X": 2596.42163,
      "Y": -571.386963,
      "Z": 94.64723,
      "Type": "None",
      "Action": ""
    },
    {
      "X": 2597.74683,
      "Y": -577.728333,
      "Z": 95.5882,
      "Type": "None",
      "Action": ""
    },
    {
      "X": 2599.10913,
      "Y": -583.8331,
      "Z": 95.19496,
      "Type": "None",
      "Action": ""
    },
    {
      "X": 2602.958,
      "Y": -588.7331,
      "Z": 96.8829956,
      "Type": "None",
      "Action": ""
    },
    {
      "X": 2607.694,
      "Y": -593.153137,
      "Z": 98.94669,
      "Type": "None",
      "Action": ""
    },
    {
      "X": 2612.02271,
      "Y": -597.7292,
      "Z": 101.191147,
      "Type": "None",
      "Action": ""
    },
    {
      "X": 2616.35571,
      "Y": -602.519043,
      "Z": 102.524193,
      "Type": "None",
      "Action": ""
    },
    {
      "X": 2620.6355,
      "Y": -607.382568,
      "Z": 102.741119,
      "Type": "None",
      "Action": ""
    },
    {
      "X": 2626.02515,
      "Y": -613.5073,
      "Z": 103.898178,
      "Type": "None",
      "Action": ""
    },
    {
      "X": 2630.64966,
      "Y": -618.7623,
      "Z": 104.990959,
      "Type": "None",
      "Action": ""
    },
    {
      "X": 2635.667,
      "Y": -624.46405,
      "Z": 105.962189,
      "Type": "None",
      "Action": ""
    },
    {
      "X": 2640.31445,
      "Y": -629.7453,
      "Z": 106.878609,
      "Type": "None",
      "Action": ""
    },
    {
      "X": 2644.91577,
      "Y": -634.97406,
      "Z": 107.398926,
      "Type": "None",
      "Action": ""
    },
    {
      "X": 2649.54,
      "Y": -640.229065,
      "Z": 108.179741,
      "Type": "None",
      "Action": ""
    },
    {
      "X": 2654.16455,
      "Y": -645.484131,
      "Z": 108.902481,
      "Type": "None",
      "Action": ""
    },
    {
      "X": 2659.159,
      "Y": -651.159546,
      "Z": 109.8381,
      "Type": "None",
      "Action": ""
    },
    {
      "X": 2663.85181,
      "Y": -656.3522,
      "Z": 110.874413,
      "Type": "None",
      "Action": ""
    },
    {
      "X": 2668.927,
      "Y": -661.1667,
      "Z": 111.526009,
      "Type": "None",
      "Action": ""
    },
    {
      "X": 2674.539,
      "Y": -665.401855,
      "Z": 112.330452,
      "Type": "None",
      "Action": ""
    },
    {
      "X": 2680.29932,
      "Y": -669.25824,
      "Z": 113.374916,
      "Type": "None",
      "Action": ""
    },
    {
      "X": 2686.82764,
      "Y": -673.130432,
      "Z": 114.166885,
      "Type": "None",
      "Action": ""
    },
    {
      "X": 2692.9585,
      "Y": -676.508362,
      "Z": 115.192162,
      "Type": "None",
      "Action": ""
    },
    {
      "X": 2699.13184,
      "Y": -679.688,
      "Z": 115.934044,
      "Type": "None",
      "Action": ""
    },
    {
      "X": 2705.42065,
      "Y": -682.699,
      "Z": 116.831261,
      "Type": "None",
      "Action": ""
    },
    {
      "X": 2711.869,
      "Y": -685.4217,
      "Z": 118.186935,
      "Type": "None",
      "Action": ""
    },
    {
      "X": 2718.41333,
      "Y": -687.9041,
      "Z": 119.238884,
      "Type": "None",
      "Action": ""
    },
    {
      "X": 2725.605,
      "Y": -690.3444,
      "Z": 120.48996,
      "Type": "None",
      "Action": ""
    },
    {
      "X": 2732.34521,
      "Y": -692.1484,
      "Z": 121.429558,
      "Type": "None",
      "Action": ""
    },
    {
      "X": 2739.14063,
      "Y": -693.550354,
      "Z": 122.700806,
      "Type": "None",
      "Action": ""
    },
    {
      "X": 2746.00684,
      "Y": -694.911438,
      "Z": 123.823021,
      "Type": "None",
      "Action": ""
    },
    {
      "X": 2752.92651,
      "Y": -696.179443,
      "Z": 124.580185,
      "Type": "None",
      "Action": ""
    },
    {
      "X": 2759.837,
      "Y": -697.2966,
      "Z": 125.519608,
      "Type": "None",
      "Action": ""
    },
    {
      "X": 2767.30713,
      "Y": -698.456848,
      "Z": 126.842949,
      "Type": "None",
      "Action": ""
    },
    {
      "X": 2774.228,
      "Y": -699.506348,
      "Z": 127.992134,
      "Type": "None",
      "Action": ""
    },
    {
      "X": 2781.20386,
      "Y": -700.4121,
      "Z": 129.066116,
      "Type": "None",
      "Action": ""
    },
    {
      "X": 2788.14087,
      "Y": -701.0329,
      "Z": 130.2,
      "Type": "None",
      "Action": ""
    },
    {
      "X": 2795.103,
      "Y": -701.51886,
      "Z": 131.8328,
      "Type": "None",
      "Action": ""
    },
    {
      "X": 2802.68823,
      "Y": -701.5531,
      "Z": 133.769272,
      "Type": "None",
      "Action": ""
    },
    {
      "X": 2809.678,
      "Y": -701.2181,
      "Z": 135.751816,
      "Type": "None",
      "Action": ""
    },
    {
      "X": 2816.62,
      "Y": -700.326233,
      "Z": 137.026184,
      "Type": "None",
      "Action": ""
    },
    {
      "X": 2823.43433,
      "Y": -699.117065,
      "Z": 138.070358,
      "Type": "None",
      "Action": ""
    },
    {
      "X": 2832.33667,
      "Y": -696.32196,
      "Z": 139.331451,
      "Type": "None",
      "Action": ""
    },
    {
      "X": 2838.805,
      "Y": -693.738647,
      "Z": 139.331451,
      "Type": "None",
      "Action": ""
    },
    {
      "X": 2844.87,
      "Y": -698.4419,
      "Z": 139.331451,
      "Type": "None",
      "Action": ""
    },
    {
      "X": 2848.582,
      "Y": -706.36554,
      "Z": 141.884109,
      "Type": "None",
      "Action": ""
    },
    {
      "X": 2850.91162,
      "Y": -711.688049,
      "Z": 144.788574,
      "Type": "None",
      "Action": ""
    },
    {
      "X": 2853.88623,
      "Y": -718.0246,
      "Z": 148.284988,
      "Type": "None",
      "Action": ""
    },
    {
      "X": 2855.87476,
      "Y": -722.272156,
      "Z": 150.568787,
      "Type": "None",
      "Action": ""
    },
    {
      "X": 2859.78857,
      "Y": -731.4092,
      "Z": 155.538513,
      "Type": "None",
      "Action": ""
    },
    {
      "X": 2861.61646,
      "Y": -735.690247,
      "Z": 157.864944,
      "Type": "None",
      "Action": ""
    },
    {
      "X": 2865.48071,
      "Y": -744.8103,
      "Z": 160.331787,
      "Type": "None",
      "Action": ""
    },
    {
      "X": 2868.68335,
      "Y": -752.951965,
      "Z": 160.331787,
      "Type": "None",
      "Action": ""
    },
    {
      "X": 2871.145,
      "Y": -759.5048,
      "Z": 160.331787,
      "Type": "None",
      "Action": ""
    },
    {
      "X": 2872.80347,
      "Y": -764.4822,
      "Z": 160.331787,
      "Type": "None",
      "Action": ""
    },
    {
      "X": 2869.7,
      "Y": -770.124939,
      "Z": 160.331787,
      "Type": "None",
      "Action": ""
    },
    {
      "X": 2868.5188,
      "Y": -777.2429,
      "Z": 160.331787,
      "Type": "None",
      "Action": ""
    },
    {
      "X": 2870.62085,
      "Y": -784.517151,
      "Z": 160.331787,
      "Type": "None",
      "Action": ""
    },
    {
      "X": 2874.29883,
      "Y": -795.0219,
      "Z": 160.331787,
      "Type": "None",
      "Action": ""
    },
    {
      "X": 2882.155,
      "Y": -815.173157,
      "Z": 160.331787,
      "Type": "None",
      "Action": ""
    },
    {
      "X": 2876.25024,
      "Y": -817.5631,
      "Z": 160.331787,
      "Type": "None",
      "Action": ""
    },
    {
      "X": 2862.17554,
      "Y": -824.7039,
      "Z": 160.331787,
      "Type": "None",
      "Action": ""
    }
  ],
  "OffMeshConnections": []
}