{
  "StepModels": [
    {
      "$type": "WholesomeDungeonCrawler.Models.MoveAlongPathModel, WholesomeDungeonCrawler",
      "Path": [
        {
          "X": -7.06027,
          "Y": -0.107037,
          "Z": -1.12795,
          "Type": "None",
          "Action": ""
        },
        {
          "X": -28.7114353,
          "Y": -6.79688358,
          "Z": -1.12940574,
          "Type": "None",
          "Action": ""
        },
        {
          "X": -35.0702477,
          "Y": -11.921546,
          "Z": -1.12940574,
          "Type": "None",
          "Action": ""
        },
        {
          "X": -35.59288,
          "Y": -20.5659275,
          "Z": -1.1280967,
          "Type": "None",
          "Action": ""
        },
        {
          "X": -34.27237,
          "Y": -29.4392281,
          "Z": -1.1280967,
          "Type": "None",
          "Action": ""
        },
        {
          "X": -33.6721344,
          "Y": -38.25241,
          "Z": -1.1280967,
          "Type": "None",
          "Action": ""
        },
        {
          "X": -34.739994,
          "Y": -46.4820671,
          "Z": -1.1280967,
          "Type": "None",
          "Action": ""
        },
        {
          "X": -33.2156639,
          "Y": -61.195034,
          "Z": -1.1280967,
          "Type": "None",
          "Action": ""
        },
        {
          "X": -27.224474,
          "Y": -66.5165253,
          "Z": -1.1280967,
          "Type": "None",
          "Action": ""
        },
        {
          "X": -24.8925114,
          "Y": -74.41605,
          "Z": -1.1280967,
          "Type": "None",
          "Action": ""
        },
        {
          "X": -31.4896431,
          "Y": -78.97385,
          "Z": -1.1280967,
          "Type": "None",
          "Action": ""
        },
        {
          "X": -38.7409019,
          "Y": -82.96961,
          "Z": -1.13392293,
          "Type": "None",
          "Action": ""
        },
        {
          "X": -45.6282349,
          "Y": -87.1498642,
          "Z": -1.13013411,
          "Type": "None",
          "Action": ""
        },
        {
          "X": -52.51174,
          "Y": -92.73,
          "Z": -1.13013411,
          "Type": "None",
          "Action": ""
        },
        {
          "X": -58.4573326,
          "Y": -99.32722,
          "Z": -1.13013411,
          "Type": "None",
          "Action": ""
        },
        {
          "X": -62.8065567,
          "Y": -108.049118,
          "Z": -0.776449,
          "Type": "None",
          "Action": ""
        },
        {
          "X": -65.3527,
          "Y": -115.888481,
          "Z": -0.101698868,
          "Type": "None",
          "Action": ""
        },
        {
          "X": -69.1898651,
          "Y": -123.672485,
          "Z": 0.743609369,
          "Type": "None",
          "Action": ""
        },
        {
          "X": -74.48112,
          "Y": -130.265381,
          "Z": 1.65064955,
          "Type": "None",
          "Action": ""
        },
        {
          "X": -81.20677,
          "Y": -135.278519,
          "Z": 2.467325,
          "Type": "None",
          "Action": ""
        },
        {
          "X": -89.09138,
          "Y": -138.59671,
          "Z": 3.06826377,
          "Type": "None",
          "Action": ""
        },
        {
          "X": -97.28448,
          "Y": -140.139282,
          "Z": 3.38511133,
          "Type": "None",
          "Action": ""
        },
        {
          "X": -105.675682,
          "Y": -140.407913,
          "Z": 3.44609213,
          "Type": "None",
          "Action": ""
        },
        {
          "X": -114.2639,
          "Y": -140.418671,
          "Z": 3.44609213,
          "Type": "None",
          "Action": ""
        },
        {
          "X": -122.710426,
          "Y": -140.443054,
          "Z": 3.65918,
          "Type": "None",
          "Action": ""
        },
        {
          "X": -130.779984,
          "Y": -138.257782,
          "Z": 4.30454063,
          "Type": "None",
          "Action": ""
        },
        {
          "X": -138.101425,
          "Y": -134.112915,
          "Z": 5.031925,
          "Type": "None",
          "Action": ""
        },
        {
          "X": -145.3341,
          "Y": -129.459961,
          "Z": 5.74211168,
          "Type": "None",
          "Action": ""
        },
        {
          "X": -151.144516,
          "Y": -123.428459,
          "Z": 6.42493153,
          "Type": "None",
          "Action": ""
        },
        {
          "X": -153.716049,
          "Y": -115.442749,
          "Z": 7.18970728,
          "Type": "None",
          "Action": ""
        },
        {
          "X": -154.292664,
          "Y": -106.905579,
          "Z": 7.846032,
          "Type": "None",
          "Action": ""
        },
        {
          "X": -152.123917,
          "Y": -98.29441,
          "Z": 8.072551,
          "Type": "None",
          "Action": ""
        },
        {
          "X": -145.4685,
          "Y": -92.48497,
          "Z": 8.072551,
          "Type": "None",
          "Action": ""
        },
        {
          "X": -140.9821,
          "Y": -85.7224655,
          "Z": 8.069577,
          "Type": "None",
          "Action": ""
        },
        {
          "X": -133.066223,
          "Y": -83.19881,
          "Z": 8.065432,
          "Type": "None",
          "Action": ""
        },
        {
          "X": -129.211426,
          "Y": -75.58469,
          "Z": 8.071662,
          "Type": "None",
          "Action": ""
        },
        {
          "X": -132.338028,
          "Y": -67.31533,
          "Z": 8.071662,
          "Type": "None",
          "Action": ""
        },
        {
          "X": -139.183746,
          "Y": -61.56497,
          "Z": 8.071662,
          "Type": "None",
          "Action": ""
        },
        {
          "X": -147.262817,
          "Y": -60.9224548,
          "Z": 8.071662,
          "Type": "None",
          "Action": ""
        },
        {
          "X": -154.416412,
          "Y": -66.26012,
          "Z": 8.071662,
          "Type": "None",
          "Action": ""
        },
        {
          "X": -162.260208,
          "Y": -70.10242,
          "Z": 8.071662,
          "Type": "None",
          "Action": ""
        },
        {
          "X": -170.703415,
          "Y": -67.62124,
          "Z": 8.071852,
          "Type": "None",
          "Action": ""
        },
        {
          "X": -176.399384,
          "Y": -61.95153,
          "Z": 8.071852,
          "Type": "None",
          "Action": ""
        },
        {
          "X": -179.571487,
          "Y": -53.581665,
          "Z": 8.071852,
          "Type": "None",
          "Action": ""
        },
        {
          "X": -179.416977,
          "Y": -44.6985054,
          "Z": 8.071852,
          "Type": "None",
          "Action": ""
        },
        {
          "X": -174.255844,
          "Y": -37.336937,
          "Z": 8.071852,
          "Type": "None",
          "Action": ""
        },
        {
          "X": -167.535477,
          "Y": -31.50149,
          "Z": 8.071852,
          "Type": "None",
          "Action": ""
        },
        {
          "X": -167.201324,
          "Y": -23.4758453,
          "Z": 8.071852,
          "Type": "None",
          "Action": ""
        },
        {
          "X": -158.596985,
          "Y": -25.856596,
          "Z": 8.071852,
          "Type": "None",
          "Action": ""
        },
        {
          "X": -149.819977,
          "Y": -25.8772163,
          "Z": 8.071852,
          "Type": "None",
          "Action": ""
        },
        {
          "X": -142.43454,
          "Y": -21.18978,
          "Z": 8.071852,
          "Type": "None",
          "Action": ""
        },
        {
          "X": -146.130356,
          "Y": -13.0647888,
          "Z": 8.071852,
          "Type": "None",
          "Action": ""
        },
        {
          "X": -151.021774,
          "Y": -6.568012,
          "Z": 8.071852,
          "Type": "None",
          "Action": ""
        }
      ],
      "Name": "Boss - Ambassador Hellmaw",
      "Order": 0,
      "CompleteCondition": {
        "HasCompleteCondition": true,
        "ConditionType": 4,
        "GameObjectId": 0,
        "InitialFlags": 0,
        "ItemId": 0,
        "CSharpCondition": null,
        "DeadMobId": 18731,
        "MobPositionId": 0,
        "MobId": 0,
        "MobPositionVector": null,
        "LOSPositionVector": null,
        "WaitTime": 0
      }
    },
    {
      "$type": "WholesomeDungeonCrawler.Models.MoveAlongPathModel, WholesomeDungeonCrawler",
      "Path": [
        {
          "X": -165.065842,
          "Y": -5.444915,
          "Z": 8.073089,
          "Type": "None",
          "Action": ""
        },
        {
          "X": -169.452881,
          "Y": -12.65755,
          "Z": 8.073089,
          "Type": "None",
          "Action": ""
        },
        {
          "X": -173.529968,
          "Y": -20.6275578,
          "Z": 8.073089,
          "Type": "None",
          "Action": ""
        },
        {
          "X": -177.20314,
          "Y": -27.8079815,
          "Z": 8.073089,
          "Type": "None",
          "Action": ""
        },
        {
          "X": -184.5381,
          "Y": -31.47119,
          "Z": 8.073089,
          "Type": "None",
          "Action": ""
        },
        {
          "X": -191.993317,
          "Y": -36.3980522,
          "Z": 8.073089,
          "Type": "None",
          "Action": ""
        },
        {
          "X": -199.6694,
          "Y": -38.69507,
          "Z": 8.073089,
          "Type": "None",
          "Action": ""
        },
        {
          "X": -208.616516,
          "Y": -38.9270439,
          "Z": 8.073089,
          "Type": "None",
          "Action": ""
        },
        {
          "X": -217.523956,
          "Y": -39.0368156,
          "Z": 8.073089,
          "Type": "None",
          "Action": ""
        },
        {
          "X": -226.344,
          "Y": -38.7837372,
          "Z": 8.073089,
          "Type": "None",
          "Action": ""
        },
        {
          "X": -233.219742,
          "Y": -46.1457939,
          "Z": 8.075186,
          "Type": "None",
          "Action": ""
        },
        {
          "X": -238.621078,
          "Y": -53.1923943,
          "Z": 8.080499,
          "Type": "None",
          "Action": ""
        },
        {
          "X": -241.414978,
          "Y": -61.6071777,
          "Z": 8.073303,
          "Type": "None",
          "Action": ""
        },
        {
          "X": -241.55574,
          "Y": -70.46306,
          "Z": 8.073303,
          "Type": "None",
          "Action": ""
        },
        {
          "X": -244.487762,
          "Y": -78.87166,
          "Z": 8.073303,
          "Type": "None",
          "Action": ""
        },
        {
          "X": -248.726288,
          "Y": -86.6954346,
          "Z": 8.073303,
          "Type": "None",
          "Action": ""
        },
        {
          "X": -256.991821,
          "Y": -89.8592148,
          "Z": 8.073303,
          "Type": "None",
          "Action": ""
        },
        {
          "X": -265.75528,
          "Y": -91.73844,
          "Z": 8.073303,
          "Type": "None",
          "Action": ""
        },
        {
          "X": -270.8725,
          "Y": -103.42556,
          "Z": 8.073303,
          "Type": "None",
          "Action": ""
        },
        {
          "X": -278.780151,
          "Y": -100.1105,
          "Z": 8.073303,
          "Type": "None",
          "Action": ""
        },
        {
          "X": -286.5826,
          "Y": -95.83734,
          "Z": 8.073303,
          "Type": "None",
          "Action": ""
        },
        {
          "X": -287.5302,
          "Y": -87.59144,
          "Z": 8.073303,
          "Type": "None",
          "Action": ""
        },
        {
          "X": -280.755676,
          "Y": -82.611824,
          "Z": 8.073303,
          "Type": "None",
          "Action": ""
        },
        {
          "X": -275.552429,
          "Y": -75.4756546,
          "Z": 8.073303,
          "Type": "None",
          "Action": ""
        },
        {
          "X": -273.375031,
          "Y": -67.02692,
          "Z": 8.073303,
          "Type": "None",
          "Action": ""
        },
        {
          "X": -274.518341,
          "Y": -59.09376,
          "Z": 8.073303,
          "Type": "None",
          "Action": ""
        },
        {
          "X": -275.503967,
          "Y": -51.1138649,
          "Z": 8.073303,
          "Type": "None",
          "Action": ""
        },
        {
          "X": -273.410553,
          "Y": -42.6253433,
          "Z": 8.073303,
          "Type": "None",
          "Action": ""
        },
        {
          "X": -265.5825,
          "Y": -38.7566452,
          "Z": 8.073303,
          "Type": "None",
          "Action": ""
        },
        {
          "X": -256.72998,
          "Y": -36.8534431,
          "Z": 8.073303,
          "Type": "None",
          "Action": ""
        },
        {
          "X": -248.290985,
          "Y": -34.1870842,
          "Z": 8.073303,
          "Type": "None",
          "Action": ""
        },
        {
          "X": -245.421875,
          "Y": -25.7794113,
          "Z": 8.083321,
          "Type": "None",
          "Action": ""
        },
        {
          "X": -242.077332,
          "Y": -18.5113678,
          "Z": 8.073195,
          "Type": "None",
          "Action": ""
        },
        {
          "X": -240.644455,
          "Y": -10.10878,
          "Z": 8.073815,
          "Type": "None",
          "Action": ""
        },
        {
          "X": -248.248077,
          "Y": -7.053988,
          "Z": 8.073815,
          "Type": "None",
          "Action": ""
        },
        {
          "X": -256.669037,
          "Y": -6.22277975,
          "Z": 8.073815,
          "Type": "None",
          "Action": ""
        },
        {
          "X": -261.482117,
          "Y": 0.969684362,
          "Z": 8.073815,
          "Type": "None",
          "Action": ""
        },
        {
          "X": -265.0768,
          "Y": 9.269613,
          "Z": 8.073815,
          "Type": "None",
          "Action": ""
        },
        {
          "X": -268.0309,
          "Y": 17.113451,
          "Z": 8.073815,
          "Type": "None",
          "Action": ""
        },
        {
          "X": -273.444366,
          "Y": 30.4058,
          "Z": 8.073815,
          "Type": "None",
          "Action": ""
        },
        {
          "X": -277.762,
          "Y": 23.3418579,
          "Z": 8.390321,
          "Type": "None",
          "Action": ""
        },
        {
          "X": -280.376221,
          "Y": 14.7824287,
          "Z": 8.073017,
          "Type": "None",
          "Action": ""
        },
        {
          "X": -282.119537,
          "Y": 5.97691536,
          "Z": 8.073017,
          "Type": "None",
          "Action": ""
        },
        {
          "X": -284.083252,
          "Y": -2.68665648,
          "Z": 8.073017,
          "Type": "None",
          "Action": ""
        },
        {
          "X": -285.944458,
          "Y": -10.4784908,
          "Z": 8.073017,
          "Type": "None",
          "Action": ""
        },
        {
          "X": -288.503143,
          "Y": -19.05063,
          "Z": 8.073017,
          "Type": "None",
          "Action": ""
        },
        {
          "X": -290.1698,
          "Y": -27.7795219,
          "Z": 8.073017,
          "Type": "None",
          "Action": ""
        },
        {
          "X": -290.253479,
          "Y": -36.8052177,
          "Z": 8.073017,
          "Type": "None",
          "Action": ""
        },
        {
          "X": -298.1147,
          "Y": -40.607235,
          "Z": 8.073017,
          "Type": "None",
          "Action": ""
        },
        {
          "X": -307.059052,
          "Y": -41.024086,
          "Z": 8.149025,
          "Type": "None",
          "Action": ""
        },
        {
          "X": -314.985443,
          "Y": -40.90998,
          "Z": 12.1535416,
          "Type": "None",
          "Action": ""
        }
      ],
      "Name": "Boss - Blackheart the Inciter",
      "Order": 1,
      "CompleteCondition": {
        "HasCompleteCondition": true,
        "ConditionType": 4,
        "GameObjectId": 0,
        "InitialFlags": 0,
        "ItemId": 0,
        "CSharpCondition": null,
        "DeadMobId": 18667,
        "MobPositionId": 0,
        "MobId": 0,
        "MobPositionVector": null,
        "LOSPositionVector": null,
        "WaitTime": 0
      }
    },
    {
      "$type": "WholesomeDungeonCrawler.Models.MoveAlongPathModel, WholesomeDungeonCrawler",
      "Path": [
        {
          "X": -364.880554,
          "Y": -39.277668,
          "Z": 12.68884,
          "Type": "None",
          "Action": ""
        },
        {
          "X": -373.436554,
          "Y": -38.512886,
          "Z": 12.68884,
          "Type": "None",
          "Action": ""
        },
        {
          "X": -381.846039,
          "Y": -39.0063477,
          "Z": 12.68884,
          "Type": "None",
          "Action": ""
        },
        {
          "X": -390.374054,
          "Y": -39.28012,
          "Z": 12.6874514,
          "Type": "None",
          "Action": ""
        },
        {
          "X": -398.9767,
          "Y": -39.35513,
          "Z": 12.6874514,
          "Type": "None",
          "Action": ""
        },
        {
          "X": -407.488373,
          "Y": -39.43047,
          "Z": 12.6874514,
          "Type": "None",
          "Action": ""
        },
        {
          "X": -415.9843,
          "Y": -39.6062355,
          "Z": 12.6874514,
          "Type": "None",
          "Action": ""
        },
        {
          "X": -424.4658,
          "Y": -40.27854,
          "Z": 12.6874514,
          "Type": "None",
          "Action": ""
        },
        {
          "X": -430.168121,
          "Y": -46.42429,
          "Z": 12.6875763,
          "Type": "None",
          "Action": ""
        },
        {
          "X": -431.182648,
          "Y": -54.81518,
          "Z": 12.6875763,
          "Type": "None",
          "Action": ""
        },
        {
          "X": -430.92215,
          "Y": -63.3078041,
          "Z": 12.6875763,
          "Type": "None",
          "Action": ""
        },
        {
          "X": -430.818268,
          "Y": -71.86805,
          "Z": 12.6875763,
          "Type": "None",
          "Action": ""
        },
        {
          "X": -430.78476,
          "Y": -80.47799,
          "Z": 12.6875763,
          "Type": "None",
          "Action": ""
        },
        {
          "X": -430.7517,
          "Y": -88.9689255,
          "Z": 12.6875763,
          "Type": "None",
          "Action": ""
        },
        {
          "X": -430.719,
          "Y": -97.37586,
          "Z": 12.6875763,
          "Type": "None",
          "Action": ""
        },
        {
          "X": -430.6543,
          "Y": -105.586021,
          "Z": 12.6877308,
          "Type": "None",
          "Action": ""
        },
        {
          "X": -430.4537,
          "Y": -114.109657,
          "Z": 12.6877308,
          "Type": "None",
          "Action": ""
        },
        {
          "X": -430.303375,
          "Y": -122.640541,
          "Z": 12.7877579,
          "Type": "None",
          "Action": ""
        },
        {
          "X": -427.660919,
          "Y": -130.428238,
          "Z": 12.9591,
          "Type": "None",
          "Action": ""
        },
        {
          "X": -424.7341,
          "Y": -138.41655,
          "Z": 13.3623037,
          "Type": "None",
          "Action": ""
        },
        {
          "X": -424.486237,
          "Y": -146.6072,
          "Z": 13.5618305,
          "Type": "None",
          "Action": ""
        },
        {
          "X": -424.775818,
          "Y": -155.729614,
          "Z": 13.1721249,
          "Type": "None",
          "Action": ""
        },
        {
          "X": -424.0449,
          "Y": -164.119232,
          "Z": 12.1205978,
          "Type": "None",
          "Action": ""
        },
        {
          "X": -418.7813,
          "Y": -170.312073,
          "Z": 13.147893,
          "Type": "None",
          "Action": ""
        },
        {
          "X": -426.777527,
          "Y": -173.556763,
          "Z": 12.9279242,
          "Type": "None",
          "Action": ""
        },
        {
          "X": -435.304565,
          "Y": -174.831818,
          "Z": 12.8112917,
          "Type": "None",
          "Action": ""
        },
        {
          "X": -443.685,
          "Y": -176.362167,
          "Z": 13.1841984,
          "Type": "None",
          "Action": ""
        },
        {
          "X": -451.470123,
          "Y": -178.262177,
          "Z": 12.7307367,
          "Type": "None",
          "Action": ""
        },
        {
          "X": -446.134064,
          "Y": -184.69368,
          "Z": 12.6900587,
          "Type": "None",
          "Action": ""
        },
        {
          "X": -439.7138,
          "Y": -189.524612,
          "Z": 12.6900587,
          "Type": "None",
          "Action": ""
        },
        {
          "X": -433.7375,
          "Y": -196.155731,
          "Z": 12.6900587,
          "Type": "None",
          "Action": ""
        },
        {
          "X": -431.4707,
          "Y": -205.132629,
          "Z": 12.6900587,
          "Type": "None",
          "Action": ""
        },
        {
          "X": -431.3185,
          "Y": -213.665771,
          "Z": 12.6900587,
          "Type": "None",
          "Action": ""
        },
        {
          "X": -431.3519,
          "Y": -222.162308,
          "Z": 12.6900587,
          "Type": "None",
          "Action": ""
        },
        {
          "X": -431.368866,
          "Y": -233.377258,
          "Z": 12.6889172,
          "Type": "None",
          "Action": ""
        },
        {
          "X": -431.614563,
          "Y": -242.311966,
          "Z": 12.6889172,
          "Type": "None",
          "Action": ""
        },
        {
          "X": -431.4549,
          "Y": -250.775482,
          "Z": 12.6889172,
          "Type": "None",
          "Action": ""
        },
        {
          "X": -430.451172,
          "Y": -259.262238,
          "Z": 12.6889172,
          "Type": "None",
          "Action": ""
        },
        {
          "X": -423.826233,
          "Y": -264.168823,
          "Z": 12.6874409,
          "Type": "None",
          "Action": ""
        },
        {
          "X": -415.428375,
          "Y": -265.245331,
          "Z": 12.6874409,
          "Type": "None",
          "Action": ""
        },
        {
          "X": -407.075439,
          "Y": -265.061462,
          "Z": 12.6874409,
          "Type": "None",
          "Action": ""
        },
        {
          "X": -398.521973,
          "Y": -264.906769,
          "Z": 12.6874409,
          "Type": "None",
          "Action": ""
        },
        {
          "X": -389.740662,
          "Y": -264.830444,
          "Z": 12.6874409,
          "Type": "None",
          "Action": ""
        },
        {
          "X": -380.6806,
          "Y": -264.795044,
          "Z": 12.6874781,
          "Type": "None",
          "Action": ""
        },
        {
          "X": -372.4095,
          "Y": -264.762756,
          "Z": 12.6874781,
          "Type": "None",
          "Action": ""
        },
        {
          "X": -363.788055,
          "Y": -264.729858,
          "Z": 12.6874781,
          "Type": "None",
          "Action": ""
        },
        {
          "X": -355.3121,
          "Y": -264.5969,
          "Z": 12.6874781,
          "Type": "None",
          "Action": ""
        },
        {
          "X": -346.745148,
          "Y": -264.462524,
          "Z": 12.6874781,
          "Type": "None",
          "Action": ""
        },
        {
          "X": -338.199219,
          "Y": -264.328461,
          "Z": 12.6874781,
          "Type": "None",
          "Action": ""
        },
        {
          "X": -329.702271,
          "Y": -264.19516,
          "Z": 12.6860867,
          "Type": "None",
          "Action": ""
        },
        {
          "X": -321.142059,
          "Y": -264.102783,
          "Z": 12.684679,
          "Type": "None",
          "Action": ""
        },
        {
          "X": -312.588318,
          "Y": -264.170166,
          "Z": 12.684679,
          "Type": "None",
          "Action": ""
        },
        {
          "X": -304.1676,
          "Y": -264.236481,
          "Z": 12.6832724,
          "Type": "None",
          "Action": ""
        },
        {
          "X": -296.025421,
          "Y": -264.161865,
          "Z": 12.6832724,
          "Type": "None",
          "Action": ""
        },
        {
          "X": -287.182373,
          "Y": -263.8686,
          "Z": 12.6832724,
          "Type": "None",
          "Action": ""
        },
        {
          "X": -283.111847,
          "Y": -256.733673,
          "Z": 12.6832724,
          "Type": "None",
          "Action": ""
        },
        {
          "X": -278.7606,
          "Y": -250.001,
          "Z": 12.6832724,
          "Type": "None",
          "Action": ""
        },
        {
          "X": -272.8911,
          "Y": -244.466568,
          "Z": 12.2932148,
          "Type": "None",
          "Action": ""
        },
        {
          "X": -265.557129,
          "Y": -239.461823,
          "Z": 12.6805582,
          "Type": "None",
          "Action": ""
        },
        {
          "X": -258.182648,
          "Y": -236.738754,
          "Z": 14.2730484,
          "Type": "None",
          "Action": ""
        },
        {
          "X": -250.60463,
          "Y": -238.517761,
          "Z": 16.9652176,
          "Type": "None",
          "Action": ""
        },
        {
          "X": -242.7931,
          "Y": -241.58667,
          "Z": 17.0864124,
          "Type": "None",
          "Action": ""
        },
        {
          "X": -226.964478,
          "Y": -261.220367,
          "Z": 17.0863552,
          "Type": "None",
          "Action": ""
        },
        {
          "X": -235.07341,
          "Y": -262.044281,
          "Z": 17.0863552,
          "Type": "None",
          "Action": ""
        },
        {
          "X": -243.012177,
          "Y": -263.1194,
          "Z": 17.0863552,
          "Type": "None",
          "Action": ""
        }
      ],
      "Name": "Add - Grandmaster Vorpil",
      "Order": 2,
      "CompleteCondition": {
        "HasCompleteCondition": true,
        "ConditionType": 4,
        "GameObjectId": 0,
        "InitialFlags": 0,
        "ItemId": 0,
        "CSharpCondition": null,
        "DeadMobId": 18732,
        "MobPositionId": 0,
        "MobId": 0,
        "MobPositionVector": null,
        "LOSPositionVector": null,
        "WaitTime": 0
      }
    },
    {
      "$type": "WholesomeDungeonCrawler.Models.MoveAlongPathModel, WholesomeDungeonCrawler",
      "Path": [
        {
          "X": -202.87941,
          "Y": -263.153259,
          "Z": 17.0863113,
          "Type": "None",
          "Action": ""
        },
        {
          "X": -194.74942,
          "Y": -263.4081,
          "Z": 17.0863113,
          "Type": "None",
          "Action": ""
        },
        {
          "X": -185.7715,
          "Y": -263.629822,
          "Z": 17.0863113,
          "Type": "None",
          "Action": ""
        },
        {
          "X": -176.854858,
          "Y": -263.885956,
          "Z": 17.0863113,
          "Type": "None",
          "Action": ""
        },
        {
          "X": -168.051239,
          "Y": -265.172028,
          "Z": 17.0863113,
          "Type": "None",
          "Action": ""
        },
        {
          "X": -161.496628,
          "Y": -270.870422,
          "Z": 17.0864239,
          "Type": "None",
          "Action": ""
        },
        {
          "X": -158.577255,
          "Y": -278.3562,
          "Z": 17.0848217,
          "Type": "None",
          "Action": ""
        },
        {
          "X": -157.035126,
          "Y": -287.147827,
          "Z": 17.0848217,
          "Type": "None",
          "Action": ""
        },
        {
          "X": -156.242462,
          "Y": -304.623535,
          "Z": 17.084938,
          "Type": "None",
          "Action": ""
        },
        {
          "X": -155.901932,
          "Y": -312.87973,
          "Z": 17.084938,
          "Type": "None",
          "Action": ""
        },
        {
          "X": -155.818359,
          "Y": -321.09,
          "Z": 17.084938,
          "Type": "None",
          "Action": ""
        },
        {
          "X": -155.848785,
          "Y": -329.510956,
          "Z": 17.084938,
          "Type": "None",
          "Action": ""
        },
        {
          "X": -156.050354,
          "Y": -338.1113,
          "Z": 17.084938,
          "Type": "None",
          "Action": ""
        },
        {
          "X": -156.556885,
          "Y": -347.305542,
          "Z": 17.0848389,
          "Type": "None",
          "Action": ""
        },
        {
          "X": -156.520981,
          "Y": -356.529144,
          "Z": 17.0848389,
          "Type": "None",
          "Action": ""
        },
        {
          "X": -156.904022,
          "Y": -364.753754,
          "Z": 17.0834484,
          "Type": "None",
          "Action": ""
        },
        {
          "X": -157.79805,
          "Y": -372.7502,
          "Z": 17.082058,
          "Type": "None",
          "Action": ""
        },
        {
          "X": -156.510712,
          "Y": -380.755219,
          "Z": 17.082058,
          "Type": "None",
          "Action": ""
        },
        {
          "X": -157.115387,
          "Y": -389.796875,
          "Z": 17.0806656,
          "Type": "None",
          "Action": ""
        },
        {
          "X": -158.075058,
          "Y": -398.707153,
          "Z": 17.0806656,
          "Type": "None",
          "Action": ""
        },
        {
          "X": -158.530167,
          "Y": -407.2893,
          "Z": 17.07927,
          "Type": "None",
          "Action": ""
        },
        {
          "X": -154.503891,
          "Y": -415.3627,
          "Z": 17.07927,
          "Type": "None",
          "Action": ""
        },
        {
          "X": -156.020752,
          "Y": -423.4812,
          "Z": 17.0778427,
          "Type": "None",
          "Action": ""
        },
        {
          "X": -157.0842,
          "Y": -431.9008,
          "Z": 17.0778427,
          "Type": "None",
          "Action": ""
        },
        {
          "X": -157.459991,
          "Y": -440.310181,
          "Z": 17.0778427,
          "Type": "None",
          "Action": ""
        },
        {
          "X": -158.98909,
          "Y": -448.522583,
          "Z": 17.0778427,
          "Type": "None",
          "Action": ""
        },
        {
          "X": -155.673172,
          "Y": -456.42218,
          "Z": 17.0778427,
          "Type": "None",
          "Action": ""
        },
        {
          "X": -157.186584,
          "Y": -485.930817,
          "Z": 15.7817755,
          "Type": "None",
          "Action": ""
        }
      ],
      "Name": "Boss - Murmur",
      "Order": 3,
      "CompleteCondition": {
        "HasCompleteCondition": true,
        "ConditionType": 4,
        "GameObjectId": 0,
        "InitialFlags": 0,
        "ItemId": 0,
        "CSharpCondition": null,
        "DeadMobId": 18708,
        "MobPositionId": 0,
        "MobId": 0,
        "MobPositionVector": null,
        "LOSPositionVector": null,
        "WaitTime": 0
      }
    }
  ],
  "MapId": 555,
  "Name": "Shadow Labyrinth (Alliance)",
  "Faction": 2,
  "DeathRunPath": [
    {
      "X": -3562.40625,
      "Y": 4666.442,
      "Z": -21.9863758,
      "Type": "None",
      "Action": ""
    },
    {
      "X": -3570.05322,
      "Y": 4662.02344,
      "Z": -22.7235985,
      "Type": "None",
      "Action": ""
    },
    {
      "X": -3577.75562,
      "Y": 4665.443,
      "Z": -22.8747253,
      "Type": "None",
      "Action": ""
    },
    {
      "X": -3585.94678,
      "Y": 4668.245,
      "Z": -22.319767,
      "Type": "None",
      "Action": ""
    },
    {
      "X": -3593.97583,
      "Y": 4670.99951,
      "Z": -22.1161823,
      "Type": "None",
      "Action": ""
    },
    {
      "X": -3601.85181,
      "Y": 4674.37158,
      "Z": -21.93554,
      "Type": "None",
      "Action": ""
    },
    {
      "X": -3609.0835,
      "Y": 4678.76855,
      "Z": -22.9315319,
      "Type": "None",
      "Action": ""
    },
    {
      "X": -3612.0376,
      "Y": 4686.356,
      "Z": -22.76449,
      "Type": "None",
      "Action": ""
    },
    {
      "X": -3609.2168,
      "Y": 4694.33057,
      "Z": -22.702879,
      "Type": "None",
      "Action": ""
    },
    {
      "X": -3603.32617,
      "Y": 4700.567,
      "Z": -22.702879,
      "Type": "None",
      "Action": ""
    },
    {
      "X": -3597.41724,
      "Y": 4706.567,
      "Z": -22.9500942,
      "Type": "None",
      "Action": ""
    },
    {
      "X": -3591.25464,
      "Y": 4712.84766,
      "Z": -23.4612427,
      "Type": "None",
      "Action": ""
    },
    {
      "X": -3585.38672,
      "Y": 4718.82861,
      "Z": -23.4161568,
      "Type": "None",
      "Action": ""
    },
    {
      "X": -3579.42969,
      "Y": 4725.031,
      "Z": -28.0663853,
      "Type": "None",
      "Action": ""
    },
    {
      "X": -3573.71216,
      "Y": 4731.35449,
      "Z": -32.67051,
      "Type": "None",
      "Action": ""
    },
    {
      "X": -3568.75049,
      "Y": 4738.29,
      "Z": -37.21971,
      "Type": "None",
      "Action": ""
    },
    {
      "X": -3566.57446,
      "Y": 4746.49756,
      "Z": -37.45552,
      "Type": "None",
      "Action": ""
    },
    {
      "X": -3569.20532,
      "Y": 4754.3457,
      "Z": -38.58754,
      "Type": "None",
      "Action": ""
    },
    {
      "X": -3574.43384,
      "Y": 4761.11768,
      "Z": -43.7824249,
      "Type": "None",
      "Action": ""
    },
    {
      "X": -3579.86548,
      "Y": 4767.82471,
      "Z": -49.0365067,
      "Type": "None",
      "Action": ""
    },
    {
      "X": -3583.25439,
      "Y": 4775.3584,
      "Z": -50.946003,
      "Type": "None",
      "Action": ""
    },
    {
      "X": -3581.95923,
      "Y": 4783.66748,
      "Z": -50.9455681,
      "Type": "None",
      "Action": ""
    },
    {
      "X": -3577.60352,
      "Y": 4790.97363,
      "Z": -50.9404221,
      "Type": "None",
      "Action": ""
    },
    {
      "X": -3571.51367,
      "Y": 4797.08643,
      "Z": -53.17614,
      "Type": "None",
      "Action": ""
    },
    {
      "X": -3565.65112,
      "Y": 4803.30469,
      "Z": -58.7451019,
      "Type": "None",
      "Action": ""
    },
    {
      "X": -3560.43457,
      "Y": 4809.92871,
      "Z": -63.5329742,
      "Type": "None",
      "Action": ""
    },
    {
      "X": -3558.31836,
      "Y": 4818.09,
      "Z": -63.5325279,
      "Type": "None",
      "Action": ""
    },
    {
      "X": -3561.57886,
      "Y": 4825.53271,
      "Z": -65.07239,
      "Type": "None",
      "Action": ""
    },
    {
      "X": -3567.52,
      "Y": 4831.6333,
      "Z": -70.96077,
      "Type": "None",
      "Action": ""
    },
    {
      "X": -3572.08252,
      "Y": 4836.39258,
      "Z": -75.693306,
      "Type": "None",
      "Action": ""
    },
    {
      "X": -3577.216,
      "Y": 4842.90967,
      "Z": -80.2900162,
      "Type": "None",
      "Action": ""
    },
    {
      "X": -3581.72021,
      "Y": 4850.26465,
      "Z": -85.42238,
      "Type": "None",
      "Action": ""
    },
    {
      "X": -3585.213,
      "Y": 4857.98242,
      "Z": -90.1883545,
      "Type": "None",
      "Action": ""
    },
    {
      "X": -3587.56519,
      "Y": 4866.1084,
      "Z": -94.66925,
      "Type": "None",
      "Action": ""
    },
    {
      "X": -3585.87939,
      "Y": 4874.558,
      "Z": -95.3519,
      "Type": "None",
      "Action": ""
    },
    {
      "X": -3579.571,
      "Y": 4879.735,
      "Z": -95.94813,
      "Type": "None",
      "Action": ""
    },
    {
      "X": -3571.017,
      "Y": 4881.01758,
      "Z": -100.773949,
      "Type": "None",
      "Action": ""
    },
    {
      "X": -3562.59937,
      "Y": 4881.25146,
      "Z": -101.046577,
      "Type": "None",
      "Action": ""
    },
    {
      "X": -3554.12549,
      "Y": 4881.63135,
      "Z": -101.043694,
      "Type": "None",
      "Action": ""
    },
    {
      "X": -3545.72266,
      "Y": 4882.861,
      "Z": -101.39592,
      "Type": "None",
      "Action": ""
    },
    {
      "X": -3537.3916,
      "Y": 4885.345,
      "Z": -101.39592,
      "Type": "None",
      "Action": ""
    },
    {
      "X": -3529.36,
      "Y": 4888.35938,
      "Z": -101.39592,
      "Type": "None",
      "Action": ""
    },
    {
      "X": -3521.535,
      "Y": 4891.296,
      "Z": -101.39592,
      "Type": "None",
      "Action": ""
    },
    {
      "X": -3513.51367,
      "Y": 4894.36475,
      "Z": -101.39592,
      "Type": "None",
      "Action": ""
    },
    {
      "X": -3505.71875,
      "Y": 4897.71,
      "Z": -101.39592,
      "Type": "None",
      "Action": ""
    },
    {
      "X": -3497.94,
      "Y": 4901.302,
      "Z": -101.395546,
      "Type": "None",
      "Action": ""
    },
    {
      "X": -3490.126,
      "Y": 4905.08838,
      "Z": -101.395546,
      "Type": "None",
      "Action": ""
    },
    {
      "X": -3483.3457,
      "Y": 4909.792,
      "Z": -101.395546,
      "Type": "None",
      "Action": ""
    },
    {
      "X": -3476.70313,
      "Y": 4915.58057,
      "Z": -101.395546,
      "Type": "None",
      "Action": ""
    },
    {
      "X": -3471.666,
      "Y": 4922.38428,
      "Z": -101.395546,
      "Type": "None",
      "Action": ""
    },
    {
      "X": -3469.57715,
      "Y": 4930.56738,
      "Z": -101.395546,
      "Type": "None",
      "Action": ""
    },
    {
      "X": -3472.10425,
      "Y": 4938.52344,
      "Z": -101.395546,
      "Type": "None",
      "Action": ""
    },
    {
      "X": -3479.0874,
      "Y": 4942.946,
      "Z": -101.395546,
      "Type": "None",
      "Action": ""
    },
    {
      "X": -3487.48242,
      "Y": 4943.836,
      "Z": -101.395439,
      "Type": "None",
      "Action": ""
    },
    {
      "X": -3496.1355,
      "Y": 4943.443,
      "Z": -101.392357,
      "Type": "None",
      "Action": ""
    },
    {
      "X": -3504.4397,
      "Y": 4943.328,
      "Z": -101.396156,
      "Type": "None",
      "Action": ""
    },
    {
      "X": -3513.00781,
      "Y": 4943.31445,
      "Z": -101.396156,
      "Type": "None",
      "Action": ""
    },
    {
      "X": -3521.58618,
      "Y": 4943.30029,
      "Z": -101.396156,
      "Type": "None",
      "Action": ""
    },
    {
      "X": -3530.00732,
      "Y": 4943.31934,
      "Z": -101.396156,
      "Type": "None",
      "Action": ""
    },
    {
      "X": -3538.607,
      "Y": 4943.339,
      "Z": -101.396156,
      "Type": "None",
      "Action": ""
    },
    {
      "X": -3547.26929,
      "Y": 4943.359,
      "Z": -101.396156,
      "Type": "None",
      "Action": ""
    },
    {
      "X": -3555.94214,
      "Y": 4943.379,
      "Z": -101.047256,
      "Type": "None",
      "Action": ""
    },
    {
      "X": -3564.58374,
      "Y": 4943.39844,
      "Z": -101.047256,
      "Type": "None",
      "Action": ""
    },
    {
      "X": -3573.00464,
      "Y": 4943.418,
      "Z": -101.047256,
      "Type": "None",
      "Action": ""
    },
    {
      "X": -3581.59375,
      "Y": 4943.4375,
      "Z": -101.0488,
      "Type": "None",
      "Action": ""
    },
    {
      "X": -3590.06714,
      "Y": 4943.457,
      "Z": -101.0488,
      "Type": "None",
      "Action": ""
    },
    {
      "X": -3598.60352,
      "Y": 4943.47656,
      "Z": -101.0488,
      "Type": "None",
      "Action": ""
    },
    {
      "X": -3607.08765,
      "Y": 4943.496,
      "Z": -101.0488,
      "Type": "None",
      "Action": ""
    },
    {
      "X": -3615.603,
      "Y": 4943.51563,
      "Z": -101.0488,
      "Type": "None",
      "Action": ""
    },
    {
      "X": -3624.09741,
      "Y": 4943.535,
      "Z": -101.0488,
      "Type": "None",
      "Action": ""
    },
    {
      "X": -3632.76,
      "Y": 4943.55469,
      "Z": -101.0488,
      "Type": "None",
      "Action": ""
    },
    {
      "X": -3648.33154,
      "Y": 4943.59033,
      "Z": -101.0488,
      "Type": "None",
      "Action": ""
    },
    {
      "X": -3658.33154,
      "Y": 4943.59033,
      "Z": -101.0488,
      "Type": "None",
      "Action": ""
    }
  ],
  "OffMeshConnections": []
}