{
  "StepModels": [
    {
      "$type": "WholesomeDungeonCrawler.Models.MoveAlongPathModel, WholesomeDungeonCrawler",
      "Path": [
        {
          "X": -16.7899,
          "Y": -0.071496,
          "Z": -0.120559,
          "Type": "None",
          "Action": ""
        },
        {
          "X": -7.888076,
          "Y": -0.0010555163,
          "Z": -0.120559,
          "Type": "None",
          "Action": ""
        },
        {
          "X": 1.16842651,
          "Y": 0.25426203,
          "Z": -0.120559,
          "Type": "None",
          "Action": ""
        },
        {
          "X": 10.0792036,
          "Y": 0.455499083,
          "Z": -0.120559,
          "Type": "None",
          "Action": ""
        },
        {
          "X": 19.0535164,
          "Y": 0.5352152,
          "Z": -0.120559,
          "Type": "None",
          "Action": ""
        },
        {
          "X": 27.6844158,
          "Y": 0.168182328,
          "Z": -0.120559,
          "Type": "None",
          "Action": ""
        },
        {
          "X": 33.87015,
          "Y": 5.41355467,
          "Z": -0.122607909,
          "Type": "None",
          "Action": ""
        },
        {
          "X": 40.3693962,
          "Y": 11.5322762,
          "Z": -0.126844868,
          "Type": "None",
          "Action": ""
        },
        {
          "X": 46.2001343,
          "Y": 18.4117546,
          "Z": -0.125676513,
          "Type": "None",
          "Action": ""
        },
        {
          "X": 53.35059,
          "Y": 22.8787785,
          "Z": -0.127393976,
          "Type": "None",
          "Action": ""
        },
        {
          "X": 61.0397072,
          "Y": 27.1610069,
          "Z": -0.127393976,
          "Type": "None",
          "Action": ""
        },
        {
          "X": 65.1709061,
          "Y": 34.8635139,
          "Z": -0.12320894,
          "Type": "None",
          "Action": ""
        },
        {
          "X": 67.99288,
          "Y": 41.016655,
          "Z": 4.26104259,
          "Type": "None",
          "Action": ""
        },
        {
          "X": 78.77493,
          "Y": 42.19488,
          "Z": 4.261859,
          "Type": "None",
          "Action": ""
        },
        {
          "X": 85.20883,
          "Y": 36.97744,
          "Z": 3.2648313,
          "Type": "None",
          "Action": ""
        },
        {
          "X": 103.089592,
          "Y": 40.48012,
          "Z": 4.261611,
          "Type": "None",
          "Action": ""
        },
        {
          "X": 105.76693,
          "Y": 33.63586,
          "Z": -0.128197357,
          "Type": "None",
          "Action": ""
        },
        {
          "X": 109.747238,
          "Y": 25.5803337,
          "Z": -0.115517147,
          "Type": "None",
          "Action": ""
        },
        {
          "X": 116.647865,
          "Y": 20.3991089,
          "Z": -0.7870213,
          "Type": "None",
          "Action": ""
        },
        {
          "X": 124.542915,
          "Y": 23.09725,
          "Z": -0.129000634,
          "Type": "None",
          "Action": ""
        },
        {
          "X": 127.3188,
          "Y": 31.4655838,
          "Z": -0.115133494,
          "Type": "None",
          "Action": ""
        },
        {
          "X": 129.144058,
          "Y": 39.2343674,
          "Z": 4.26044273,
          "Type": "None",
          "Action": ""
        },
        {
          "X": 137.026764,
          "Y": 42.29935,
          "Z": 4.26044273,
          "Type": "None",
          "Action": ""
        },
        {
          "X": 145.954956,
          "Y": 42.4113464,
          "Z": 4.26044273,
          "Type": "None",
          "Action": ""
        },
        {
          "X": 154.935257,
          "Y": 41.6956,
          "Z": 4.261163,
          "Type": "None",
          "Action": ""
        },
        {
          "X": 163.741516,
          "Y": 40.6632462,
          "Z": 4.261163,
          "Type": "None",
          "Action": ""
        },
        {
          "X": 166.804184,
          "Y": 33.7366867,
          "Z": -0.119653538,
          "Type": "None",
          "Action": ""
        },
        {
          "X": 170.78244,
          "Y": 25.7143917,
          "Z": 0.111677714,
          "Type": "None",
          "Action": ""
        },
        {
          "X": 177.012146,
          "Y": 19.2484856,
          "Z": -0.7610982,
          "Type": "None",
          "Action": ""
        },
        {
          "X": 182.83168,
          "Y": 13.7649527,
          "Z": -0.125191048,
          "Type": "None",
          "Action": ""
        },
        {
          "X": 189.777954,
          "Y": 8.187231,
          "Z": -0.12338195,
          "Type": "None",
          "Action": ""
        },
        {
          "X": 196.932724,
          "Y": 2.82275772,
          "Z": -0.12209674,
          "Type": "None",
          "Action": ""
        },
        {
          "X": 205.489838,
          "Y": 5.831254,
          "Z": -0.120639712,
          "Type": "None",
          "Action": ""
        },
        {
          "X": 214.099411,
          "Y": 8.625789,
          "Z": -0.102331348,
          "Type": "None",
          "Action": ""
        },
        {
          "X": 220.563156,
          "Y": 14.7248411,
          "Z": -0.0839872956,
          "Type": "None",
          "Action": ""
        },
        {
          "X": 228.960709,
          "Y": 17.0591068,
          "Z": -0.06877287,
          "Type": "None",
          "Action": ""
        },
        {
          "X": 237.945068,
          "Y": 16.8799782,
          "Z": -0.0643232,
          "Type": "None",
          "Action": ""
        },
        {
          "X": 244.06398,
          "Y": 10.7540169,
          "Z": -0.05956678,
          "Type": "None",
          "Action": ""
        },
        {
          "X": 249.413849,
          "Y": 3.568341,
          "Z": -0.04771473,
          "Type": "None",
          "Action": ""
        },
        {
          "X": 255.09462,
          "Y": -2.07355046,
          "Z": -0.0348600224,
          "Type": "None",
          "Action": ""
        },
        {
          "X": 262.635223,
          "Y": -6.449094,
          "Z": -0.0481720455,
          "Type": "None",
          "Action": ""
        },
        {
          "X": 271.0493,
          "Y": -4.084252,
          "Z": -0.06597853,
          "Type": "None",
          "Action": ""
        },
        {
          "X": 271.1667,
          "Y": 4.516769,
          "Z": 0.833966851,
          "Type": "None",
          "Action": ""
        },
        {
          "X": 270.100525,
          "Y": 11.5016718,
          "Z": 6.181405,
          "Type": "None",
          "Action": ""
        },
        {
          "X": 268.836639,
          "Y": 18.307518,
          "Z": 11.3988323,
          "Type": "None",
          "Action": ""
        },
        {
          "X": 266.358276,
          "Y": 25.97399,
          "Z": 13.4456072,
          "Type": "None",
          "Action": ""
        },
        {
          "X": 261.894958,
          "Y": 33.59703,
          "Z": 13.4244289,
          "Type": "None",
          "Action": ""
        },
        {
          "X": 253.41951,
          "Y": 34.9385872,
          "Z": 15.7724543,
          "Type": "None",
          "Action": ""
        },
        {
          "X": 246.441,
          "Y": 33.98042,
          "Z": 21.0956955,
          "Type": "None",
          "Action": ""
        },
        {
          "X": 239.581192,
          "Y": 33.2994843,
          "Z": 26.3658352,
          "Type": "None",
          "Action": ""
        },
        {
          "X": 231.577118,
          "Y": 32.70657,
          "Z": 26.6294022,
          "Type": "None",
          "Action": ""
        },
        {
          "X": 222.598724,
          "Y": 31.8387547,
          "Z": 26.63404,
          "Type": "None",
          "Action": ""
        },
        {
          "X": 214.314774,
          "Y": 28.655098,
          "Z": 26.6522579,
          "Type": "None",
          "Action": ""
        },
        {
          "X": 210.102951,
          "Y": 21.0412064,
          "Z": 26.7680187,
          "Type": "None",
          "Action": ""
        },
        {
          "X": 208.53125,
          "Y": 12.2754364,
          "Z": 26.6581326,
          "Type": "None",
          "Action": ""
        },
        {
          "X": 207.581985,
          "Y": 4.20764828,
          "Z": 26.6162586,
          "Type": "None",
          "Action": ""
        },
        {
          "X": 207.727585,
          "Y": -4.6626544,
          "Z": 26.75896,
          "Type": "None",
          "Action": ""
        },
        {
          "X": 208.050552,
          "Y": -13.6030569,
          "Z": 26.9891529,
          "Type": "None",
          "Action": ""
        },
        {
          "X": 207.975021,
          "Y": -22.5450344,
          "Z": 26.95986,
          "Type": "None",
          "Action": ""
        },
        {
          "X": 207.965973,
          "Y": -31.5700169,
          "Z": 26.5910149,
          "Type": "None",
          "Action": ""
        },
        {
          "X": 216.251846,
          "Y": -33.90592,
          "Z": 26.5910149,
          "Type": "None",
          "Action": ""
        },
        {
          "X": 224.3041,
          "Y": -33.7098961,
          "Z": 27.0670338,
          "Type": "None",
          "Action": ""
        },
        {
          "X": 233.240158,
          "Y": -33.2743225,
          "Z": 26.9971733,
          "Type": "None",
          "Action": ""
        },
        {
          "X": 240.504,
          "Y": -37.52422,
          "Z": 26.5963535,
          "Type": "None",
          "Action": ""
        },
        {
          "X": 240.331451,
          "Y": -45.5315552,
          "Z": 26.5914421,
          "Type": "None",
          "Action": ""
        },
        {
          "X": 239.358566,
          "Y": -54.4246063,
          "Z": 26.5914421,
          "Type": "None",
          "Action": ""
        },
        {
          "X": 238.058731,
          "Y": -63.23698,
          "Z": 26.5914421,
          "Type": "None",
          "Action": ""
        },
        {
          "X": 237.5564,
          "Y": -72.1935654,
          "Z": 26.5914421,
          "Type": "None",
          "Action": ""
        },
        {
          "X": 237.621429,
          "Y": -81.16011,
          "Z": 26.5914421,
          "Type": "None",
          "Action": ""
        },
        {
          "X": 237.641541,
          "Y": -90.17609,
          "Z": 26.5914421,
          "Type": "None",
          "Action": ""
        },
        {
          "X": 237.612518,
          "Y": -99.10381,
          "Z": 26.5914421,
          "Type": "None",
          "Action": ""
        },
        {
          "X": 237.843079,
          "Y": -108.047005,
          "Z": 26.5914421,
          "Type": "None",
          "Action": ""
        },
        {
          "X": 238.183228,
          "Y": -117.095818,
          "Z": 26.5914421,
          "Type": "None",
          "Action": ""
        },
        {
          "X": 237.946213,
          "Y": -125.913757,
          "Z": 26.5914421,
          "Type": "None",
          "Action": ""
        },
        {
          "X": 235.681915,
          "Y": -134.28244,
          "Z": 26.5914421,
          "Type": "None",
          "Action": ""
        },
        {
          "X": 230.998642,
          "Y": -142.0199,
          "Z": 26.5914421,
          "Type": "None",
          "Action": ""
        },
        {
          "X": 225.282669,
          "Y": -148.7755,
          "Z": 26.5914421,
          "Type": "None",
          "Action": ""
        },
        {
          "X": 218.821671,
          "Y": -155.002289,
          "Z": 26.5914421,
          "Type": "None",
          "Action": ""
        },
        {
          "X": 213.198166,
          "Y": -160.855865,
          "Z": 26.5914421,
          "Type": "None",
          "Action": ""
        },
        {
          "X": 204.611481,
          "Y": -163.048752,
          "Z": 26.5914421,
          "Type": "None",
          "Action": ""
        },
        {
          "X": 195.639908,
          "Y": -163.442276,
          "Z": 26.5914421,
          "Type": "None",
          "Action": ""
        },
        {
          "X": 186.717163,
          "Y": -163.479034,
          "Z": 26.5344448,
          "Type": "None",
          "Action": ""
        },
        {
          "X": 178.311523,
          "Y": -163.432861,
          "Z": 26.369379,
          "Type": "None",
          "Action": ""
        },
        {
          "X": 169.741058,
          "Y": -163.4621,
          "Z": 26.46098,
          "Type": "None",
          "Action": ""
        },
        {
          "X": 161.3612,
          "Y": -163.415024,
          "Z": 25.7066479,
          "Type": "None",
          "Action": ""
        },
        {
          "X": 154.547333,
          "Y": -163.402466,
          "Z": 20.3310013,
          "Type": "None",
          "Action": ""
        },
        {
          "X": 147.658478,
          "Y": -163.426132,
          "Z": 15.0495386,
          "Type": "None",
          "Action": ""
        },
        {
          "X": 139.345291,
          "Y": -163.477417,
          "Z": 12.5953932,
          "Type": "None",
          "Action": ""
        },
        {
          "X": 130.790817,
          "Y": -163.563736,
          "Z": 12.7449474,
          "Type": "None",
          "Action": ""
        },
        {
          "X": 122.31147,
          "Y": -163.6625,
          "Z": 13.3615751,
          "Type": "None",
          "Action": ""
        },
        {
          "X": 113.959068,
          "Y": -163.999878,
          "Z": 14.1487656,
          "Type": "None",
          "Action": ""
        },
        {
          "X": 105.582024,
          "Y": -164.683136,
          "Z": 14.8004589,
          "Type": "None",
          "Action": ""
        },
        {
          "X": 97.0569839,
          "Y": -164.881531,
          "Z": 15.1217813,
          "Type": "None",
          "Action": ""
        },
        {
          "X": 88.48891,
          "Y": -164.244,
          "Z": 15.3154392,
          "Type": "None",
          "Action": ""
        },
        {
          "X": 80.12583,
          "Y": -163.191055,
          "Z": 15.432518,
          "Type": "None",
          "Action": ""
        },
        {
          "X": 71.59517,
          "Y": -162.740128,
          "Z": 15.515317,
          "Type": "None",
          "Action": ""
        },
        {
          "X": 63.27697,
          "Y": -162.92392,
          "Z": 15.4219694,
          "Type": "None",
          "Action": ""
        },
        {
          "X": 54.5220222,
          "Y": -163.175156,
          "Z": 15.3165083,
          "Type": "None",
          "Action": ""
        },
        {
          "X": 45.5461769,
          "Y": -163.305191,
          "Z": 15.0475359,
          "Type": "None",
          "Action": ""
        },
        {
          "X": 36.59214,
          "Y": -163.466553,
          "Z": 14.709033,
          "Type": "None",
          "Action": ""
        },
        {
          "X": 28.596693,
          "Y": -163.603439,
          "Z": 14.1230555,
          "Type": "None",
          "Action": ""
        },
        {
          "X": 19.6739616,
          "Y": -163.658432,
          "Z": 13.3714781,
          "Type": "None",
          "Action": ""
        },
        {
          "X": 10.7364588,
          "Y": -163.632782,
          "Z": 12.6755085,
          "Type": "None",
          "Action": ""
        },
        {
          "X": 1.80079937,
          "Y": -164.262314,
          "Z": 12.5711555,
          "Type": "None",
          "Action": ""
        },
        {
          "X": -5.10844469,
          "Y": -164.765335,
          "Z": 16.7377682,
          "Type": "None",
          "Action": ""
        },
        {
          "X": -12.0317926,
          "Y": -164.83519,
          "Z": 22.1317673,
          "Type": "None",
          "Action": ""
        },
        {
          "X": -20.0151348,
          "Y": -164.5628,
          "Z": 26.0596638,
          "Type": "None",
          "Action": ""
        },
        {
          "X": -28.8996525,
          "Y": -164.320984,
          "Z": 26.1515,
          "Type": "None",
          "Action": ""
        },
        {
          "X": -36.8958664,
          "Y": -164.024719,
          "Z": 26.2720737,
          "Type": "None",
          "Action": ""
        },
        {
          "X": -45.2789154,
          "Y": -163.714111,
          "Z": 26.3086739,
          "Type": "None",
          "Action": ""
        }
      ],
      "Name": "Boss - Shirrak the Dead Watcher",
      "Order": 0,
      "CompleteCondition": {
        "HasCompleteCondition": true,
        "ConditionType": 4,
        "GameObjectId": 0,
        "InitialFlags": 0,
        "ItemId": 0,
        "CSharpCondition": null,
        "DeadMobId": 18371,
        "MobPositionId": 0,
        "MobId": 0,
        "MobPositionVector": null,
        "LOSPositionVector": null,
        "WaitTime": 0
      }
    },
    {
      "$type": "WholesomeDungeonCrawler.Models.MoveAlongPathModel, WholesomeDungeonCrawler",
      "Path": [
        {
          "X": -77.2591858,
          "Y": -162.75,
          "Z": 26.5739536,
          "Type": "None",
          "Action": ""
        },
        {
          "X": -85.92975,
          "Y": -163.070877,
          "Z": 26.59164,
          "Type": "None",
          "Action": ""
        },
        {
          "X": -94.54247,
          "Y": -163.054581,
          "Z": 26.59164,
          "Type": "None",
          "Action": ""
        },
        {
          "X": -103.476791,
          "Y": -163.488922,
          "Z": 26.5902481,
          "Type": "None",
          "Action": ""
        },
        {
          "X": -111.593987,
          "Y": -163.5324,
          "Z": 26.5888462,
          "Type": "None",
          "Action": ""
        },
        {
          "X": -120.349091,
          "Y": -163.6772,
          "Z": 26.5888462,
          "Type": "None",
          "Action": ""
        },
        {
          "X": -128.413391,
          "Y": -163.810577,
          "Z": 26.5888462,
          "Type": "None",
          "Action": ""
        },
        {
          "X": -136.415848,
          "Y": -164.252029,
          "Z": 26.5888557,
          "Type": "None",
          "Action": ""
        },
        {
          "X": -145.268631,
          "Y": -165.1225,
          "Z": 26.5889053,
          "Type": "None",
          "Action": ""
        },
        {
          "X": -145.898438,
          "Y": -173.118515,
          "Z": 26.5893211,
          "Type": "None",
          "Action": ""
        },
        {
          "X": -145.45134,
          "Y": -182.014313,
          "Z": 26.5894756,
          "Type": "None",
          "Action": ""
        },
        {
          "X": -145.1015,
          "Y": -190.989136,
          "Z": 26.5894814,
          "Type": "None",
          "Action": ""
        },
        {
          "X": -144.947525,
          "Y": -199.935089,
          "Z": 26.5894814,
          "Type": "None",
          "Action": ""
        },
        {
          "X": -144.764542,
          "Y": -208.875717,
          "Z": 26.5894814,
          "Type": "None",
          "Action": ""
        },
        {
          "X": -144.6008,
          "Y": -216.875748,
          "Z": 26.5894814,
          "Type": "None",
          "Action": ""
        },
        {
          "X": -144.417,
          "Y": -225.855576,
          "Z": 26.5895,
          "Type": "None",
          "Action": ""
        },
        {
          "X": -145.89949,
          "Y": -234.138962,
          "Z": 26.6494846,
          "Type": "None",
          "Action": ""
        },
        {
          "X": -151.3512,
          "Y": -240.114838,
          "Z": 29.331625,
          "Type": "None",
          "Action": ""
        },
        {
          "X": -156.4848,
          "Y": -246.078476,
          "Z": 27.4287548,
          "Type": "None",
          "Action": ""
        },
        {
          "X": -160.995163,
          "Y": -252.701721,
          "Z": 27.02403,
          "Type": "None",
          "Action": ""
        },
        {
          "X": -163.075256,
          "Y": -260.355255,
          "Z": 24.8506088,
          "Type": "None",
          "Action": ""
        },
        {
          "X": -163.129456,
          "Y": -268.327545,
          "Z": 27.1011963,
          "Type": "None",
          "Action": ""
        },
        {
          "X": -162.808838,
          "Y": -277.190765,
          "Z": 27.0510426,
          "Type": "None",
          "Action": ""
        },
        {
          "X": -162.557846,
          "Y": -285.311,
          "Z": 26.820261,
          "Type": "None",
          "Action": ""
        },
        {
          "X": -162.4417,
          "Y": -294.2869,
          "Z": 28.0878239,
          "Type": "None",
          "Action": ""
        },
        {
          "X": -157.647446,
          "Y": -301.066467,
          "Z": 27.1161461,
          "Type": "None",
          "Action": ""
        },
        {
          "X": -150.720947,
          "Y": -306.5913,
          "Z": 27.00136,
          "Type": "None",
          "Action": ""
        },
        {
          "X": -146.758713,
          "Y": -314.5382,
          "Z": 26.6617813,
          "Type": "None",
          "Action": ""
        },
        {
          "X": -145.740585,
          "Y": -323.442871,
          "Z": 26.5918312,
          "Type": "None",
          "Action": ""
        },
        {
          "X": -145.204346,
          "Y": -332.408539,
          "Z": 26.5918312,
          "Type": "None",
          "Action": ""
        },
        {
          "X": -144.951874,
          "Y": -341.344269,
          "Z": 26.5918312,
          "Type": "None",
          "Action": ""
        },
        {
          "X": -144.66272,
          "Y": -350.3066,
          "Z": 26.5918312,
          "Type": "None",
          "Action": ""
        },
        {
          "X": -144.374527,
          "Y": -359.239532,
          "Z": 26.5918312,
          "Type": "None",
          "Action": ""
        },
        {
          "X": -144.100464,
          "Y": -367.251251,
          "Z": 26.5918312,
          "Type": "None",
          "Action": ""
        },
        {
          "X": -143.692551,
          "Y": -376.2672,
          "Z": 26.5918312,
          "Type": "None",
          "Action": ""
        },
        {
          "X": -142.943283,
          "Y": -385.222168,
          "Z": 26.5918312,
          "Type": "None",
          "Action": ""
        },
        {
          "X": -134.532455,
          "Y": -387.459564,
          "Z": 26.589016,
          "Type": "None",
          "Action": ""
        },
        {
          "X": -125.542053,
          "Y": -387.503021,
          "Z": 26.589016,
          "Type": "None",
          "Action": ""
        },
        {
          "X": -116.615074,
          "Y": -387.3836,
          "Z": 26.589016,
          "Type": "None",
          "Action": ""
        },
        {
          "X": -107.615662,
          "Y": -387.199432,
          "Z": 26.589016,
          "Type": "None",
          "Action": ""
        },
        {
          "X": -98.65151,
          "Y": -386.978851,
          "Z": 26.589447,
          "Type": "None",
          "Action": ""
        },
        {
          "X": -89.76263,
          "Y": -386.5687,
          "Z": 26.5904121,
          "Type": "None",
          "Action": ""
        },
        {
          "X": -81.92353,
          "Y": -388.476624,
          "Z": 26.5905342,
          "Type": "None",
          "Action": ""
        },
        {
          "X": -75.6091156,
          "Y": -394.830048,
          "Z": 26.58911,
          "Type": "None",
          "Action": ""
        },
        {
          "X": -69.63801,
          "Y": -401.524353,
          "Z": 26.5876923,
          "Type": "None",
          "Action": ""
        },
        {
          "X": -64.09876,
          "Y": -408.538239,
          "Z": 26.5848961,
          "Type": "None",
          "Action": ""
        },
        {
          "X": -58.0605,
          "Y": -415.097076,
          "Z": 26.5848961,
          "Type": "None",
          "Action": ""
        },
        {
          "X": -49.60826,
          "Y": -417.726868,
          "Z": 26.6094055,
          "Type": "None",
          "Action": ""
        },
        {
          "X": -40.7728653,
          "Y": -418.774933,
          "Z": 26.61852,
          "Type": "None",
          "Action": ""
        },
        {
          "X": -31.79196,
          "Y": -418.9782,
          "Z": 26.6217918,
          "Type": "None",
          "Action": ""
        },
        {
          "X": -22.880085,
          "Y": -418.349121,
          "Z": 26.6203671,
          "Type": "None",
          "Action": ""
        },
        {
          "X": -14.9113293,
          "Y": -416.115784,
          "Z": 26.5841045,
          "Type": "None",
          "Action": ""
        },
        {
          "X": -8.33277,
          "Y": -410.044067,
          "Z": 26.5826817,
          "Type": "None",
          "Action": ""
        },
        {
          "X": 0.08001575,
          "Y": -408.301147,
          "Z": 26.5826817,
          "Type": "None",
          "Action": ""
        },
        {
          "X": 8.352775,
          "Y": -411.850037,
          "Z": 26.583519,
          "Type": "None",
          "Action": ""
        },
        {
          "X": 16.8202133,
          "Y": -414.4498,
          "Z": 26.5910435,
          "Type": "None",
          "Action": ""
        },
        {
          "X": 25.1996288,
          "Y": -414.642151,
          "Z": 26.5973511,
          "Type": "None",
          "Action": ""
        },
        {
          "X": 33.44575,
          "Y": -412.425781,
          "Z": 26.591589,
          "Type": "None",
          "Action": ""
        },
        {
          "X": 41.5773926,
          "Y": -411.2342,
          "Z": 26.585104,
          "Type": "None",
          "Action": ""
        },
        {
          "X": 50.1120377,
          "Y": -409.96402,
          "Z": 26.5837116,
          "Type": "None",
          "Action": ""
        },
        {
          "X": 58.0427933,
          "Y": -407.1815,
          "Z": 26.5839634,
          "Type": "None",
          "Action": ""
        },
        {
          "X": 59.55313,
          "Y": -398.6496,
          "Z": 26.5853062,
          "Type": "None",
          "Action": ""
        },
        {
          "X": 60.3375053,
          "Y": -390.207184,
          "Z": 26.5870037,
          "Type": "None",
          "Action": ""
        }
      ],
      "Name": "Boss - Exarch Maladaar",
      "Order": 1,
      "CompleteCondition": {
        "HasCompleteCondition": true,
        "ConditionType": 4,
        "GameObjectId": 0,
        "InitialFlags": 0,
        "ItemId": 0,
        "CSharpCondition": null,
        "DeadMobId": 18373,
        "MobPositionId": 0,
        "MobId": 0,
        "MobPositionVector": null,
        "LOSPositionVector": null,
        "WaitTime": 0
      }
    }
  ],
  "MapId": 558,
  "Name": "Auchenai Crypts (Alliance)",
  "Faction": 2,
  "DeathRunPath": [
    {
      "X": -3562.40625,
      "Y": 4666.442,
      "Z": -21.9863758,
      "Type": "None",
      "Action": ""
    },
    {
      "X": -3572.02856,
      "Y": 4673.59473,
      "Z": -22.7764,
      "Type": "None",
      "Action": ""
    },
    {
      "X": -3582.06445,
      "Y": 4672.975,
      "Z": -22.6218777,
      "Type": "None",
      "Action": ""
    },
    {
      "X": -3590.57764,
      "Y": 4672.935,
      "Z": -21.9754982,
      "Type": "None",
      "Action": ""
    },
    {
      "X": -3598.90869,
      "Y": 4674.348,
      "Z": -22.0877533,
      "Type": "None",
      "Action": ""
    },
    {
      "X": -3606.91846,
      "Y": 4677.2666,
      "Z": -22.4830532,
      "Type": "None",
      "Action": ""
    },
    {
      "X": -3613.15112,
      "Y": 4683.053,
      "Z": -23.0857773,
      "Type": "None",
      "Action": ""
    },
    {
      "X": -3613.074,
      "Y": 4691.31445,
      "Z": -22.7038746,
      "Type": "None",
      "Action": ""
    },
    {
      "X": -3607.80176,
      "Y": 4697.917,
      "Z": -22.7038746,
      "Type": "None",
      "Action": ""
    },
    {
      "X": -3601.702,
      "Y": 4703.82861,
      "Z": -22.7038746,
      "Type": "None",
      "Action": ""
    },
    {
      "X": -3595.667,
      "Y": 4709.939,
      "Z": -23.3048153,
      "Type": "None",
      "Action": ""
    },
    {
      "X": -3589.70459,
      "Y": 4716.09229,
      "Z": -23.4473343,
      "Type": "None",
      "Action": ""
    },
    {
      "X": -3583.82056,
      "Y": 4722.164,
      "Z": -25.29018,
      "Type": "None",
      "Action": ""
    },
    {
      "X": -3577.52612,
      "Y": 4728.07959,
      "Z": -29.9587154,
      "Type": "None",
      "Action": ""
    },
    {
      "X": -3571.2522,
      "Y": 4733.74365,
      "Z": -34.5247841,
      "Type": "None",
      "Action": ""
    },
    {
      "X": -3565.53931,
      "Y": 4740.697,
      "Z": -37.45434,
      "Type": "None",
      "Action": ""
    },
    {
      "X": -3565.381,
      "Y": 4748.87549,
      "Z": -37.45596,
      "Type": "None",
      "Action": ""
    },
    {
      "X": -3568.253,
      "Y": 4756.989,
      "Z": -39.31932,
      "Type": "None",
      "Action": ""
    },
    {
      "X": -3573.233,
      "Y": 4763.94775,
      "Z": -44.4880257,
      "Type": "None",
      "Action": ""
    },
    {
      "X": -3578.58276,
      "Y": 4770.36963,
      "Z": -49.6224327,
      "Type": "None",
      "Action": ""
    },
    {
      "X": -3582.941,
      "Y": 4777.80225,
      "Z": -50.94569,
      "Type": "None",
      "Action": ""
    },
    {
      "X": -3581.461,
      "Y": 4785.785,
      "Z": -50.9450722,
      "Type": "None",
      "Action": ""
    },
    {
      "X": -3576.8186,
      "Y": 4792.886,
      "Z": -50.94034,
      "Type": "None",
      "Action": ""
    },
    {
      "X": -3571.229,
      "Y": 4799.33838,
      "Z": -54.3455772,
      "Type": "None",
      "Action": ""
    },
    {
      "X": -3565.68921,
      "Y": 4805.72266,
      "Z": -59.84288,
      "Type": "None",
      "Action": ""
    },
    {
      "X": -3561.474,
      "Y": 4813.277,
      "Z": -63.53213,
      "Type": "None",
      "Action": ""
    },
    {
      "X": -3559.9082,
      "Y": 4821.5874,
      "Z": -63.53151,
      "Type": "None",
      "Action": ""
    },
    {
      "X": -3565.3,
      "Y": 4828.03,
      "Z": -68.11612,
      "Type": "None",
      "Action": ""
    },
    {
      "X": -3570.84424,
      "Y": 4834.368,
      "Z": -73.94389,
      "Type": "None",
      "Action": ""
    },
    {
      "X": -3576.47827,
      "Y": 4840.80957,
      "Z": -79.1351547,
      "Type": "None",
      "Action": ""
    },
    {
      "X": -3582.0918,
      "Y": 4847.22656,
      "Z": -83.8493958,
      "Type": "None",
      "Action": ""
    },
    {
      "X": -3585.981,
      "Y": 4854.74072,
      "Z": -88.53486,
      "Type": "None",
      "Action": ""
    },
    {
      "X": -3588.93628,
      "Y": 4862.782,
      "Z": -93.01715,
      "Type": "None",
      "Action": ""
    },
    {
      "X": -3588.36548,
      "Y": 4871.069,
      "Z": -95.35227,
      "Type": "None",
      "Action": ""
    },
    {
      "X": -3582.86523,
      "Y": 4877.414,
      "Z": -95.35197,
      "Type": "None",
      "Action": ""
    },
    {
      "X": -3574.934,
      "Y": 4879.96436,
      "Z": -98.5352859,
      "Type": "None",
      "Action": ""
    },
    {
      "X": -3566.42749,
      "Y": 4881.78369,
      "Z": -101.049812,
      "Type": "None",
      "Action": ""
    },
    {
      "X": -3557.95581,
      "Y": 4882.64063,
      "Z": -101.044006,
      "Type": "None",
      "Action": ""
    },
    {
      "X": -3549.30713,
      "Y": 4883.52441,
      "Z": -101.395584,
      "Type": "None",
      "Action": ""
    },
    {
      "X": -3541.26538,
      "Y": 4886.12158,
      "Z": -101.395882,
      "Type": "None",
      "Action": ""
    },
    {
      "X": -3533.32568,
      "Y": 4889.05127,
      "Z": -101.395882,
      "Type": "None",
      "Action": ""
    },
    {
      "X": -3525.28931,
      "Y": 4892.05225,
      "Z": -101.393845,
      "Type": "None",
      "Action": ""
    },
    {
      "X": -3517.37915,
      "Y": 4895.118,
      "Z": -101.396,
      "Type": "None",
      "Action": ""
    },
    {
      "X": -3509.37476,
      "Y": 4898.319,
      "Z": -101.396,
      "Type": "None",
      "Action": ""
    },
    {
      "X": -3501.46851,
      "Y": 4901.591,
      "Z": -101.392822,
      "Type": "None",
      "Action": ""
    },
    {
      "X": -3493.819,
      "Y": 4905.235,
      "Z": -101.3948,
      "Type": "None",
      "Action": ""
    },
    {
      "X": -3486.25415,
      "Y": 4909.451,
      "Z": -101.395668,
      "Type": "None",
      "Action": ""
    },
    {
      "X": -3479.59375,
      "Y": 4914.418,
      "Z": -101.395668,
      "Type": "None",
      "Action": ""
    },
    {
      "X": -3473.62085,
      "Y": 4920.537,
      "Z": -101.395668,
      "Type": "None",
      "Action": ""
    },
    {
      "X": -3468.25146,
      "Y": 4927.133,
      "Z": -101.395668,
      "Type": "None",
      "Action": ""
    },
    {
      "X": -3462.76929,
      "Y": 4933.867,
      "Z": -101.395668,
      "Type": "None",
      "Action": ""
    },
    {
      "X": -3457.38721,
      "Y": 4940.655,
      "Z": -101.395668,
      "Type": "None",
      "Action": ""
    },
    {
      "X": -3452.03052,
      "Y": 4947.288,
      "Z": -101.395668,
      "Type": "None",
      "Action": ""
    },
    {
      "X": -3446.608,
      "Y": 4954.003,
      "Z": -101.395668,
      "Type": "None",
      "Action": ""
    },
    {
      "X": -3441.36328,
      "Y": 4960.497,
      "Z": -101.395668,
      "Type": "None",
      "Action": ""
    },
    {
      "X": -3435.97363,
      "Y": 4967.171,
      "Z": -101.395668,
      "Type": "None",
      "Action": ""
    },
    {
      "X": -3430.66968,
      "Y": 4973.739,
      "Z": -101.395668,
      "Type": "None",
      "Action": ""
    },
    {
      "X": -3425.20068,
      "Y": 4980.51074,
      "Z": -101.395668,
      "Type": "None",
      "Action": ""
    },
    {
      "X": -3419.90332,
      "Y": 4987.07031,
      "Z": -101.395668,
      "Type": "None",
      "Action": ""
    },
    {
      "X": -3414.55322,
      "Y": 4993.69531,
      "Z": -101.395668,
      "Type": "None",
      "Action": ""
    },
    {
      "X": -3409.1438,
      "Y": 5000.39355,
      "Z": -101.3889,
      "Type": "None",
      "Action": ""
    },
    {
      "X": -3403.87939,
      "Y": 5006.9126,
      "Z": -101.39579,
      "Type": "None",
      "Action": ""
    },
    {
      "X": -3398.35132,
      "Y": 5013.758,
      "Z": -101.386787,
      "Type": "None",
      "Action": ""
    },
    {
      "X": -3392.97461,
      "Y": 5020.41553,
      "Z": -101.388351,
      "Type": "None",
      "Action": ""
    },
    {
      "X": -3387.61133,
      "Y": 5027.057,
      "Z": -101.396,
      "Type": "None",
      "Action": ""
    },
    {
      "X": -3382.26123,
      "Y": 5033.68164,
      "Z": -101.396,
      "Type": "None",
      "Action": ""
    },
    {
      "X": -3376.90454,
      "Y": 5040.315,
      "Z": -101.396,
      "Type": "None",
      "Action": ""
    },
    {
      "X": -3371.47534,
      "Y": 5047.038,
      "Z": -101.396,
      "Type": "None",
      "Action": ""
    },
    {
      "X": -3366.224,
      "Y": 5053.54053,
      "Z": -101.396,
      "Type": "None",
      "Action": ""
    },
    {
      "X": -3361.933,
      "Y": 5060.70947,
      "Z": -101.396,
      "Type": "None",
      "Action": ""
    },
    {
      "X": -3361.48145,
      "Y": 5069.2,
      "Z": -101.382774,
      "Type": "None",
      "Action": ""
    },
    {
      "X": -3361.25879,
      "Y": 5077.765,
      "Z": -101.39566,
      "Type": "None",
      "Action": ""
    },
    {
      "X": -3361.09058,
      "Y": 5086.342,
      "Z": -101.39566,
      "Type": "None",
      "Action": ""
    },
    {
      "X": -3360.92676,
      "Y": 5094.698,
      "Z": -101.39566,
      "Type": "None",
      "Action": ""
    },
    {
      "X": -3360.75513,
      "Y": 5103.45361,
      "Z": -101.39566,
      "Type": "None",
      "Action": ""
    },
    {
      "X": -3360.588,
      "Y": 5111.978,
      "Z": -101.39566,
      "Type": "None",
      "Action": ""
    },
    {
      "X": -3360.42,
      "Y": 5120.54443,
      "Z": -101.39566,
      "Type": "None",
      "Action": ""
    },
    {
      "X": -3360.25317,
      "Y": 5129.048,
      "Z": -101.39566,
      "Type": "None",
      "Action": ""
    },
    {
      "X": -3360.08569,
      "Y": 5137.60352,
      "Z": -101.046867,
      "Type": "None",
      "Action": ""
    },
    {
      "X": -3359.9165,
      "Y": 5146.222,
      "Z": -101.046867,
      "Type": "None",
      "Action": ""
    },
    {
      "X": -3360.27686,
      "Y": 5154.685,
      "Z": -101.046867,
      "Type": "None",
      "Action": ""
    },
    {
      "X": -3360.446,
      "Y": 5163.29346,
      "Z": -101.048271,
      "Type": "None",
      "Action": ""
    },
    {
      "X": -3360.716,
      "Y": 5180.217,
      "Z": -101.049774,
      "Type": "None",
      "Action": ""
    },
    {
      "X": -3360.93555,
      "Y": 5188.87646,
      "Z": -101.049744,
      "Type": "None",
      "Action": ""
    },
    {
      "X": -3361.042,
      "Y": 5197.26563,
      "Z": -101.049736,
      "Type": "None",
      "Action": ""
    },
    {
      "X": -3361.14941,
      "Y": 5205.917,
      "Z": -101.049736,
      "Type": "None",
      "Action": ""
    },
    {
      "X": -3361.32056,
      "Y": 5214.2417,
      "Z": -101.049385,
      "Type": "None",
      "Action": ""
    },
    {
      "X": -3361.64453,
      "Y": 5228.802,
      "Z": -101.048912,
      "Type": "None",
      "Action": ""
    },
    {
      "X": -3361.64453,
      "Y": 5238.802,
      "Z": -101.048912,
      "Type": "None",
      "Action": ""
    },
    {
      "X": -3361.64453,
      "Y": 5248.802,
      "Z": -101.048912,
      "Type": "None",
      "Action": ""
    },
    {
      "X": -3361.64453,
      "Y": 5258.802,
      "Z": -101.048912,
      "Type": "None",
      "Action": ""
    }
  ],
  "OffMeshConnections": []
}