{
  "StepModels": [
    {
      "$type": "WholesomeDungeonCrawler.Models.MoveAlongPathModel, WholesomeDungeonCrawler",
      "Path": [
        {
          "X": -153.073975,
          "Y": 103.296745,
          "Z": -40.74303,
          "Type": "None",
          "Action": ""
        },
        {
          "X": -154.857529,
          "Y": 98.36643,
          "Z": -41.81634,
          "Type": "None",
          "Action": ""
        },
        {
          "X": -156.926834,
          "Y": 93.04344,
          "Z": -43.49453,
          "Type": "None",
          "Action": ""
        },
        {
          "X": -159.08194,
          "Y": 87.74604,
          "Z": -44.96105,
          "Type": "None",
          "Action": ""
        },
        {
          "X": -161.062943,
          "Y": 82.87658,
          "Z": -46.062336,
          "Type": "None",
          "Action": ""
        },
        {
          "X": -164.613312,
          "Y": 75.57726,
          "Z": -45.9446754,
          "Type": "None",
          "Action": ""
        },
        {
          "X": -168.51561,
          "Y": 71.2110443,
          "Z": -46.109993,
          "Type": "None",
          "Action": ""
        },
        {
          "X": -172.6601,
          "Y": 66.6774445,
          "Z": -47.2680969,
          "Type": "None",
          "Action": ""
        },
        {
          "X": -176.603851,
          "Y": 62.3634148,
          "Z": -49.12768,
          "Type": "None",
          "Action": ""
        },
        {
          "X": -179.945419,
          "Y": 58.70812,
          "Z": -50.1516571,
          "Type": "None",
          "Action": ""
        },
        {
          "X": -185.758591,
          "Y": 54.38026,
          "Z": -50.5439529,
          "Type": "None",
          "Action": ""
        },
        {
          "X": -191.596481,
          "Y": 50.51811,
          "Z": -52.4306641,
          "Type": "None",
          "Action": ""
        },
        {
          "X": -197.834824,
          "Y": 46.73265,
          "Z": -52.3360062,
          "Type": "None",
          "Action": ""
        },
        {
          "X": -203.947586,
          "Y": 43.35806,
          "Z": -52.47131,
          "Type": "None",
          "Action": ""
        },
        {
          "X": -210.108185,
          "Y": 39.997715,
          "Z": -52.6336555,
          "Type": "None",
          "Action": ""
        },
        {
          "X": -216.78923,
          "Y": 37.072422,
          "Z": -53.3780632,
          "Type": "None",
          "Action": ""
        },
        {
          "X": -223.365845,
          "Y": 34.6263847,
          "Z": -53.8213043,
          "Type": "None",
          "Action": ""
        },
        {
          "X": -230.450211,
          "Y": 33.06889,
          "Z": -54.42278,
          "Type": "None",
          "Action": ""
        },
        {
          "X": -237.402237,
          "Y": 32.2846336,
          "Z": -54.7903175,
          "Type": "None",
          "Action": ""
        },
        {
          "X": -244.33342,
          "Y": 30.8996124,
          "Z": -55.230217,
          "Type": "None",
          "Action": ""
        },
        {
          "X": -249.332581,
          "Y": 31.26709,
          "Z": -55.2995148,
          "Type": "None",
          "Action": ""
        },
        {
          "X": -256.146637,
          "Y": 30.1404037,
          "Z": -56.1944733,
          "Type": "None",
          "Action": ""
        },
        {
          "X": -263.528534,
          "Y": 25.8621616,
          "Z": -57.0545959,
          "Type": "None",
          "Action": ""
        },
        {
          "X": -270.056122,
          "Y": 23.3834686,
          "Z": -57.09685,
          "Type": "None",
          "Action": ""
        },
        {
          "X": -277.117645,
          "Y": 21.59524,
          "Z": -57.3661461,
          "Type": "None",
          "Action": ""
        },
        {
          "X": -282.596344,
          "Y": 20.7395153,
          "Z": -57.40705,
          "Type": "None",
          "Action": ""
        },
        {
          "X": -289.855743,
          "Y": 20.125433,
          "Z": -59.3505554,
          "Type": "None",
          "Action": ""
        },
        {
          "X": -294.949768,
          "Y": 20.3136787,
          "Z": -59.8077049,
          "Type": "Swimming",
          "Action": ""
        },
        {
          "X": -302.028442,
          "Y": 20.31252,
          "Z": -59.8077049,
          "Type": "Swimming",
          "Action": ""
        },
        {
          "X": -309.246063,
          "Y": 19.3312836,
          "Z": -59.8077049,
          "Type": "Swimming",
          "Action": ""
        },
        {
          "X": -316.452,
          "Y": 18.3516369,
          "Z": -59.8077049,
          "Type": "Swimming",
          "Action": ""
        },
        {
          "X": -321.914948,
          "Y": 17.6089516,
          "Z": -59.8077049,
          "Type": "Swimming",
          "Action": ""
        },
        {
          "X": -329.1326,
          "Y": 16.6277161,
          "Z": -59.8077049,
          "Type": "Swimming",
          "Action": ""
        },
        {
          "X": -336.163635,
          "Y": 15.8302526,
          "Z": -59.8071747,
          "Type": "Swimming",
          "Action": ""
        },
        {
          "X": -343.446,
          "Y": 15.6755629,
          "Z": -59.8071747,
          "Type": "Swimming",
          "Action": ""
        },
        {
          "X": -350.515961,
          "Y": 15.5253859,
          "Z": -59.8071747,
          "Type": "Swimming",
          "Action": ""
        },
        {
          "X": -357.908569,
          "Y": 15.6695814,
          "Z": -59.37992,
          "Type": "None",
          "Action": ""
        },
        {
          "X": -364.005,
          "Y": 16.2601624,
          "Z": -57.90241,
          "Type": "None",
          "Action": ""
        },
        {
          "X": -368.955566,
          "Y": 22.052,
          "Z": -57.0299072,
          "Type": "None",
          "Action": ""
        },
        {
          "X": -368.723633,
          "Y": 29.4948883,
          "Z": -53.978714,
          "Type": "None",
          "Action": ""
        },
        {
          "X": -366.9245,
          "Y": 34.10811,
          "Z": -53.0687,
          "Type": "None",
          "Action": ""
        },
        {
          "X": -368.7278,
          "Y": 39.6952553,
          "Z": -53.94933,
          "Type": "None",
          "Action": ""
        },
        {
          "X": -370.448425,
          "Y": 44.33657,
          "Z": -56.5513039,
          "Type": "None",
          "Action": ""
        },
        {
          "X": -371.69104,
          "Y": 50.5720253,
          "Z": -57.64812,
          "Type": "None",
          "Action": ""
        },
        {
          "X": -368.968231,
          "Y": 54.7296944,
          "Z": -58.87322,
          "Type": "None",
          "Action": ""
        },
        {
          "X": -365.0644,
          "Y": 61.54712,
          "Z": -59.38491,
          "Type": "None",
          "Action": ""
        },
        {
          "X": -361.232117,
          "Y": 67.75597,
          "Z": -58.8480835,
          "Type": "None",
          "Action": ""
        },
        {
          "X": -358.56723,
          "Y": 73.2802048,
          "Z": -57.8267632,
          "Type": "None",
          "Action": ""
        },
        {
          "X": -349.383179,
          "Y": 91.91387,
          "Z": -46.0317841,
          "Type": "None",
          "Action": ""
        },
        {
          "X": -354.04892,
          "Y": 102.347107,
          "Z": -45.6509933,
          "Type": "None",
          "Action": ""
        },
        {
          "X": -354.08194,
          "Y": 130.97348,
          "Z": -51.6462135,
          "Type": "None",
          "Action": ""
        },
        {
          "X": -359.3533,
          "Y": 135.1123,
          "Z": -52.01805,
          "Type": "None",
          "Action": ""
        },
        {
          "X": -365.334259,
          "Y": 139.292847,
          "Z": -51.42118,
          "Type": "None",
          "Action": ""
        },
        {
          "X": -371.1712,
          "Y": 143.6401,
          "Z": -51.1193542,
          "Type": "None",
          "Action": ""
        },
        {
          "X": -376.412323,
          "Y": 148.268509,
          "Z": -53.24534,
          "Type": "None",
          "Action": ""
        },
        {
          "X": -381.2654,
          "Y": 153.312943,
          "Z": -55.6494446,
          "Type": "None",
          "Action": ""
        },
        {
          "X": -386.0713,
          "Y": 158.4025,
          "Z": -56.16371,
          "Type": "None",
          "Action": ""
        },
        {
          "X": -391.075317,
          "Y": 163.7141,
          "Z": -56.32282,
          "Type": "None",
          "Action": ""
        },
        {
          "X": -395.875336,
          "Y": 168.809174,
          "Z": -56.8803139,
          "Type": "None",
          "Action": ""
        },
        {
          "X": -400.867371,
          "Y": 174.108047,
          "Z": -57.0506668,
          "Type": "None",
          "Action": ""
        },
        {
          "X": -405.6674,
          "Y": 179.20311,
          "Z": -56.6506462,
          "Type": "None",
          "Action": ""
        },
        {
          "X": -410.467438,
          "Y": 184.298187,
          "Z": -55.3076668,
          "Type": "None",
          "Action": ""
        },
        {
          "X": -415.471466,
          "Y": 189.609787,
          "Z": -53.8124542,
          "Type": "None",
          "Action": ""
        },
        {
          "X": -420.271484,
          "Y": 194.704865,
          "Z": -53.3057938,
          "Type": "None",
          "Action": ""
        },
        {
          "X": -425.493164,
          "Y": 199.297165,
          "Z": -53.0027,
          "Type": "None",
          "Action": ""
        },
        {
          "X": -431.43396,
          "Y": 203.535156,
          "Z": -52.789257,
          "Type": "None",
          "Action": ""
        },
        {
          "X": -437.132568,
          "Y": 207.600357,
          "Z": -52.5926056,
          "Type": "None",
          "Action": ""
        }
      ],
      "Name": "Boss 1",
      "Order": 0,
      "CompleteCondition": null
    },
    {
      "$type": "WholesomeDungeonCrawler.Models.MoveAlongPathModel, WholesomeDungeonCrawler",
      "Path": [
        {
          "X": -406.10083,
          "Y": 237.744766,
          "Z": -55.8197,
          "Type": "None",
          "Action": ""
        },
        {
          "X": -402.34256,
          "Y": 242.4136,
          "Z": -58.884552,
          "Type": "Swimming",
          "Action": ""
        },
        {
          "X": -396.908417,
          "Y": 249.1644,
          "Z": -62.69778,
          "Type": "Swimming",
          "Action": ""
        },
        {
          "X": -393.867462,
          "Y": 252.8789,
          "Z": -64.16551,
          "Type": "Swimming",
          "Action": ""
        },
        {
          "X": -387.36853,
          "Y": 259.6495,
          "Z": -65.18863,
          "Type": "Swimming",
          "Action": ""
        },
        {
          "X": -380.883026,
          "Y": 266.405029,
          "Z": -66.40878,
          "Type": "Swimming",
          "Action": ""
        },
        {
          "X": -374.161957,
          "Y": 273.473236,
          "Z": -67.7535248,
          "Type": "Swimming",
          "Action": ""
        },
        {
          "X": -367.4409,
          "Y": 280.5414,
          "Z": -69.0982742,
          "Type": "Swimming",
          "Action": ""
        },
        {
          "X": -360.719818,
          "Y": 287.609619,
          "Z": -70.4430161,
          "Type": "Swimming",
          "Action": ""
        },
        {
          "X": -354.358978,
          "Y": 293.913361,
          "Z": -67.50427,
          "Type": "Swimming",
          "Action": ""
        },
        {
          "X": -348.3163,
          "Y": 299.820343,
          "Z": -63.5112267,
          "Type": "Swimming",
          "Action": ""
        },
        {
          "X": -345.181061,
          "Y": 302.571564,
          "Z": -60.5359268,
          "Type": "Swimming",
          "Action": ""
        },
        {
          "X": -338.798065,
          "Y": 308.172638,
          "Z": -57.56063,
          "Type": "Swimming",
          "Action": ""
        },
        {
          "X": -334.361267,
          "Y": 312.065948,
          "Z": -57.56063,
          "Type": "Swimming",
          "Action": ""
        },
        {
          "X": -329.622772,
          "Y": 316.224,
          "Z": -57.56063,
          "Type": "Swimming",
          "Action": ""
        },
        {
          "X": -323.04657,
          "Y": 322.0,
          "Z": -56.51592,
          "Type": "None",
          "Action": ""
        },
        {
          "X": -317.785065,
          "Y": 326.616974,
          "Z": -54.6752472,
          "Type": "None",
          "Action": ""
        },
        {
          "X": -310.340027,
          "Y": 333.150024,
          "Z": -53.9461555,
          "Type": "None",
          "Action": ""
        },
        {
          "X": -319.7192,
          "Y": 339.069946,
          "Z": -53.98178,
          "Type": "None",
          "Action": ""
        },
        {
          "X": -326.33075,
          "Y": 341.359375,
          "Z": -53.9429474,
          "Type": "None",
          "Action": ""
        },
        {
          "X": -332.886017,
          "Y": 343.796967,
          "Z": -53.61254,
          "Type": "None",
          "Action": ""
        },
        {
          "X": -339.039124,
          "Y": 347.109253,
          "Z": -53.5644836,
          "Type": "None",
          "Action": ""
        },
        {
          "X": -344.552155,
          "Y": 354.487061,
          "Z": -54.01247,
          "Type": "None",
          "Action": ""
        },
        {
          "X": -346.767975,
          "Y": 361.101044,
          "Z": -54.312973,
          "Type": "None",
          "Action": ""
        },
        {
          "X": -346.2364,
          "Y": 368.571564,
          "Z": -54.5291443,
          "Type": "None",
          "Action": ""
        },
        {
          "X": -343.444733,
          "Y": 374.978546,
          "Z": -54.52848,
          "Type": "None",
          "Action": ""
        },
        {
          "X": -338.5551,
          "Y": 380.731567,
          "Z": -54.239212,
          "Type": "None",
          "Action": ""
        },
        {
          "X": -333.8524,
          "Y": 385.916534,
          "Z": -54.1635323,
          "Type": "None",
          "Action": ""
        },
        {
          "X": -329.2477,
          "Y": 391.951355,
          "Z": -54.212986,
          "Type": "None",
          "Action": ""
        },
        {
          "X": -324.963043,
          "Y": 397.481628,
          "Z": -55.54977,
          "Type": "None",
          "Action": ""
        },
        {
          "X": -319.549652,
          "Y": 401.8831,
          "Z": -55.66054,
          "Type": "None",
          "Action": ""
        },
        {
          "X": -313.6361,
          "Y": 405.6277,
          "Z": -56.5495148,
          "Type": "None",
          "Action": ""
        },
        {
          "X": -307.6437,
          "Y": 409.24585,
          "Z": -56.9200058,
          "Type": "None",
          "Action": ""
        },
        {
          "X": -301.0367,
          "Y": 412.987854,
          "Z": -57.136425,
          "Type": "None",
          "Action": ""
        }
      ],
      "Name": "Boss 2",
      "Order": 1,
      "CompleteCondition": null
    },
    {
      "$type": "WholesomeDungeonCrawler.Models.MoveAlongPathModel, WholesomeDungeonCrawler",
      "Path": [
        {
          "X": -313.943085,
          "Y": 406.042572,
          "Z": -56.6459274,
          "Type": "None",
          "Action": ""
        },
        {
          "X": -317.2384,
          "Y": 402.3221,
          "Z": -55.6851425,
          "Type": "None",
          "Action": ""
        },
        {
          "X": -321.8681,
          "Y": 397.095154,
          "Z": -55.1531563,
          "Type": "None",
          "Action": ""
        },
        {
          "X": -326.521027,
          "Y": 391.84198,
          "Z": -54.002697,
          "Type": "None",
          "Action": ""
        },
        {
          "X": -330.908081,
          "Y": 386.064575,
          "Z": -53.95146,
          "Type": "None",
          "Action": ""
        },
        {
          "X": -334.864929,
          "Y": 380.268982,
          "Z": -53.85187,
          "Type": "None",
          "Action": ""
        },
        {
          "X": -338.758545,
          "Y": 374.47287,
          "Z": -53.6926842,
          "Type": "None",
          "Action": ""
        },
        {
          "X": -342.743561,
          "Y": 368.3625,
          "Z": -54.2775764,
          "Type": "None",
          "Action": ""
        },
        {
          "X": -345.5065,
          "Y": 361.940643,
          "Z": -54.31298,
          "Type": "None",
          "Action": ""
        },
        {
          "X": -347.637024,
          "Y": 354.97937,
          "Z": -54.0927124,
          "Type": "None",
          "Action": ""
        },
        {
          "X": -348.923065,
          "Y": 347.191254,
          "Z": -53.64734,
          "Type": "None",
          "Action": ""
        },
        {
          "X": -347.340729,
          "Y": 340.501038,
          "Z": -53.93705,
          "Type": "None",
          "Action": ""
        },
        {
          "X": -345.489563,
          "Y": 333.8744,
          "Z": -54.5640831,
          "Type": "None",
          "Action": ""
        },
        {
          "X": -345.868927,
          "Y": 326.7912,
          "Z": -57.1243553,
          "Type": "None",
          "Action": ""
        },
        {
          "X": -348.635834,
          "Y": 320.303223,
          "Z": -58.91468,
          "Type": "Swimming",
          "Action": ""
        },
        {
          "X": -350.9084,
          "Y": 314.135651,
          "Z": -61.21317,
          "Type": "Swimming",
          "Action": ""
        },
        {
          "X": -353.0163,
          "Y": 307.7477,
          "Z": -63.99075,
          "Type": "Swimming",
          "Action": ""
        },
        {
          "X": -355.518616,
          "Y": 301.70047,
          "Z": -66.6975861,
          "Type": "Swimming",
          "Action": ""
        },
        {
          "X": -359.207947,
          "Y": 295.677856,
          "Z": -68.2357254,
          "Type": "Swimming",
          "Action": ""
        },
        {
          "X": -363.479858,
          "Y": 289.870758,
          "Z": -67.40129,
          "Type": "Swimming",
          "Action": ""
        },
        {
          "X": -367.650452,
          "Y": 284.3112,
          "Z": -66.03621,
          "Type": "Swimming",
          "Action": ""
        },
        {
          "X": -371.939026,
          "Y": 278.791016,
          "Z": -64.02838,
          "Type": "Swimming",
          "Action": ""
        },
        {
          "X": -375.660461,
          "Y": 274.849,
          "Z": -59.65887,
          "Type": "Swimming",
          "Action": ""
        },
        {
          "X": -380.162781,
          "Y": 270.5732,
          "Z": -57.68657,
          "Type": "Swimming",
          "Action": ""
        },
        {
          "X": -385.299377,
          "Y": 265.6958,
          "Z": -57.68657,
          "Type": "Swimming",
          "Action": ""
        },
        {
          "X": -390.5729,
          "Y": 260.6883,
          "Z": -57.68657,
          "Type": "Swimming",
          "Action": ""
        },
        {
          "X": -395.563965,
          "Y": 255.949066,
          "Z": -57.68657,
          "Type": "Swimming",
          "Action": ""
        },
        {
          "X": -400.846069,
          "Y": 250.933441,
          "Z": -57.68657,
          "Type": "Swimming",
          "Action": ""
        },
        {
          "X": -405.982635,
          "Y": 246.05603,
          "Z": -57.68657,
          "Type": "Swimming",
          "Action": ""
        },
        {
          "X": -410.19162,
          "Y": 242.0261,
          "Z": -55.7720032,
          "Type": "None",
          "Action": ""
        },
        {
          "X": -454.905243,
          "Y": 198.144409,
          "Z": -53.0362663,
          "Type": "None",
          "Action": ""
        },
        {
          "X": -461.605621,
          "Y": 197.975739,
          "Z": -53.1739235,
          "Type": "None",
          "Action": ""
        },
        {
          "X": -468.510071,
          "Y": 198.825745,
          "Z": -53.178093,
          "Type": "None",
          "Action": ""
        },
        {
          "X": -475.086365,
          "Y": 201.223846,
          "Z": -53.68744,
          "Type": "None",
          "Action": ""
        },
        {
          "X": -481.936859,
          "Y": 203.738632,
          "Z": -54.4908867,
          "Type": "None",
          "Action": ""
        },
        {
          "X": -488.520264,
          "Y": 206.116013,
          "Z": -56.61502,
          "Type": "None",
          "Action": ""
        },
        {
          "X": -493.93512,
          "Y": 207.492767,
          "Z": -57.5634232,
          "Type": "Swimming",
          "Action": ""
        },
        {
          "X": -500.710815,
          "Y": 209.551361,
          "Z": -57.5634232,
          "Type": "Swimming",
          "Action": ""
        },
        {
          "X": -507.640381,
          "Y": 211.757339,
          "Z": -57.5634232,
          "Type": "Swimming",
          "Action": ""
        },
        {
          "X": -514.6487,
          "Y": 213.7409,
          "Z": -57.5634232,
          "Type": "Swimming",
          "Action": ""
        },
        {
          "X": -521.483948,
          "Y": 215.59903,
          "Z": -57.5634232,
          "Type": "Swimming",
          "Action": ""
        },
        {
          "X": -528.5015,
          "Y": 217.5067,
          "Z": -57.5634232,
          "Type": "Swimming",
          "Action": ""
        },
        {
          "X": -535.3368,
          "Y": 219.364822,
          "Z": -57.5634232,
          "Type": "Swimming",
          "Action": ""
        },
        {
          "X": -542.3657,
          "Y": 221.275589,
          "Z": -57.5634232,
          "Type": "Swimming",
          "Action": ""
        },
        {
          "X": -549.3833,
          "Y": 223.183258,
          "Z": -57.5634232,
          "Type": "Swimming",
          "Action": ""
        },
        {
          "X": -556.218567,
          "Y": 225.041382,
          "Z": -57.5634232,
          "Type": "Swimming",
          "Action": ""
        },
        {
          "X": -563.249146,
          "Y": 226.938828,
          "Z": -57.5394859,
          "Type": "Swimming",
          "Action": ""
        },
        {
          "X": -571.063843,
          "Y": 228.51355,
          "Z": -56.8108521,
          "Type": "None",
          "Action": ""
        },
        {
          "X": -577.926147,
          "Y": 229.895111,
          "Z": -54.04334,
          "Type": "None",
          "Action": ""
        },
        {
          "X": -585.1222,
          "Y": 230.0163,
          "Z": -52.73339,
          "Type": "None",
          "Action": ""
        },
        {
          "X": -591.569336,
          "Y": 228.345551,
          "Z": -51.7175674,
          "Type": "None",
          "Action": ""
        },
        {
          "X": -598.530945,
          "Y": 228.4414,
          "Z": -50.85275,
          "Type": "None",
          "Action": ""
        },
        {
          "X": -605.408936,
          "Y": 230.277237,
          "Z": -51.19708,
          "Type": "None",
          "Action": ""
        },
        {
          "X": -611.6754,
          "Y": 230.432678,
          "Z": -51.42929,
          "Type": "None",
          "Action": ""
        },
        {
          "X": -617.0065,
          "Y": 226.15451,
          "Z": -51.45243,
          "Type": "None",
          "Action": ""
        },
        {
          "X": -617.864,
          "Y": 218.912369,
          "Z": -51.67809,
          "Type": "None",
          "Action": ""
        },
        {
          "X": -618.2114,
          "Y": 211.938522,
          "Z": -51.20213,
          "Type": "None",
          "Action": ""
        },
        {
          "X": -618.052551,
          "Y": 204.940536,
          "Z": -51.287487,
          "Type": "None",
          "Action": ""
        },
        {
          "X": -616.858,
          "Y": 197.765976,
          "Z": -52.05639,
          "Type": "None",
          "Action": ""
        },
        {
          "X": -615.299744,
          "Y": 191.535385,
          "Z": -52.84608,
          "Type": "None",
          "Action": ""
        },
        {
          "X": -617.7876,
          "Y": 186.249069,
          "Z": -53.51415,
          "Type": "None",
          "Action": ""
        },
        {
          "X": -621.5183,
          "Y": 180.326645,
          "Z": -54.158947,
          "Type": "None",
          "Action": ""
        },
        {
          "X": -625.2734,
          "Y": 174.439819,
          "Z": -54.99414,
          "Type": "None",
          "Action": ""
        },
        {
          "X": -629.1979,
          "Y": 168.28743,
          "Z": -55.86943,
          "Type": "None",
          "Action": ""
        },
        {
          "X": -632.9624,
          "Y": 162.385864,
          "Z": -56.64597,
          "Type": "None",
          "Action": ""
        },
        {
          "X": -636.229858,
          "Y": 155.8683,
          "Z": -57.3417,
          "Type": "None",
          "Action": ""
        },
        {
          "X": -637.6537,
          "Y": 149.048309,
          "Z": -58.0012856,
          "Type": "None",
          "Action": ""
        },
        {
          "X": -637.9705,
          "Y": 142.058472,
          "Z": -58.2599258,
          "Type": "None",
          "Action": ""
        },
        {
          "X": -637.717651,
          "Y": 134.784576,
          "Z": -58.2407532,
          "Type": "None",
          "Action": ""
        },
        {
          "X": -637.320862,
          "Y": 127.7783,
          "Z": -58.0193825,
          "Type": "None",
          "Action": ""
        },
        {
          "X": -636.908264,
          "Y": 120.49247,
          "Z": -58.07069,
          "Type": "None",
          "Action": ""
        },
        {
          "X": -636.4335,
          "Y": 113.527092,
          "Z": -57.9553375,
          "Type": "None",
          "Action": ""
        },
        {
          "X": -635.056335,
          "Y": 106.6702,
          "Z": -57.37045,
          "Type": "None",
          "Action": ""
        },
        {
          "X": -633.190247,
          "Y": 99.30811,
          "Z": -57.25514,
          "Type": "None",
          "Action": ""
        },
        {
          "X": -631.397339,
          "Y": 92.57622,
          "Z": -57.1738739,
          "Type": "None",
          "Action": ""
        },
        {
          "X": -629.5088,
          "Y": 85.8363,
          "Z": -56.7486458,
          "Type": "None",
          "Action": ""
        },
        {
          "X": -627.0738,
          "Y": 78.97555,
          "Z": -56.3261642,
          "Type": "None",
          "Action": ""
        },
        {
          "X": -624.3214,
          "Y": 72.53984,
          "Z": -55.6551857,
          "Type": "None",
          "Action": ""
        },
        {
          "X": -621.3163,
          "Y": 66.21871,
          "Z": -55.7569733,
          "Type": "None",
          "Action": ""
        },
        {
          "X": -617.9543,
          "Y": 59.7615471,
          "Z": -55.8736877,
          "Type": "None",
          "Action": ""
        },
        {
          "X": -614.6853,
          "Y": 53.5815926,
          "Z": -56.23979,
          "Type": "None",
          "Action": ""
        },
        {
          "X": -611.110962,
          "Y": 47.2208824,
          "Z": -55.4265747,
          "Type": "None",
          "Action": ""
        },
        {
          "X": -606.43634,
          "Y": 42.0627823,
          "Z": -53.5703049,
          "Type": "None",
          "Action": ""
        },
        {
          "X": -601.096252,
          "Y": 37.537323,
          "Z": -53.25438,
          "Type": "None",
          "Action": ""
        },
        {
          "X": -595.9378,
          "Y": 32.4078369,
          "Z": -52.1696,
          "Type": "None",
          "Action": ""
        },
        {
          "X": -591.2798,
          "Y": 27.18272,
          "Z": -50.2842064,
          "Type": "None",
          "Action": ""
        },
        {
          "X": -586.514465,
          "Y": 21.6563568,
          "Z": -48.44889,
          "Type": "None",
          "Action": ""
        },
        {
          "X": -581.4406,
          "Y": 16.8380146,
          "Z": -49.0057144,
          "Type": "None",
          "Action": ""
        },
        {
          "X": -576.2558,
          "Y": 12.1350861,
          "Z": -48.9769478,
          "Type": "None",
          "Action": ""
        },
        {
          "X": -570.6605,
          "Y": 7.45836067,
          "Z": -47.98658,
          "Type": "None",
          "Action": ""
        },
        {
          "X": -564.952942,
          "Y": 3.40702224,
          "Z": -46.61853,
          "Type": "None",
          "Action": ""
        },
        {
          "X": -558.4788,
          "Y": 0.0954635441,
          "Z": -45.26907,
          "Type": "None",
          "Action": ""
        },
        {
          "X": -551.9414,
          "Y": -2.40351367,
          "Z": -43.6143341,
          "Type": "None",
          "Action": ""
        },
        {
          "X": -545.281555,
          "Y": -4.55826235,
          "Z": -41.9765053,
          "Type": "None",
          "Action": ""
        },
        {
          "X": -538.2263,
          "Y": -6.39580345,
          "Z": -41.00396,
          "Type": "None",
          "Action": ""
        },
        {
          "X": -531.2518,
          "Y": -6.920051,
          "Z": -40.5933952,
          "Type": "None",
          "Action": ""
        },
        {
          "X": -523.972839,
          "Y": -7.02650261,
          "Z": -42.3369522,
          "Type": "None",
          "Action": ""
        },
        {
          "X": -516.9739,
          "Y": -6.90566158,
          "Z": -43.67008,
          "Type": "None",
          "Action": ""
        },
        {
          "X": -487.964966,
          "Y": -4.418647,
          "Z": -47.1300163,
          "Type": "None",
          "Action": ""
        },
        {
          "X": -482.5418,
          "Y": -1.715262,
          "Z": -47.6100044,
          "Type": "None",
          "Action": ""
        },
        {
          "X": -475.685516,
          "Y": 0.769668162,
          "Z": -48.0123329,
          "Type": "None",
          "Action": ""
        },
        {
          "X": -469.327576,
          "Y": 3.69697976,
          "Z": -48.09983,
          "Type": "None",
          "Action": ""
        },
        {
          "X": -464.10556,
          "Y": 7.70811844,
          "Z": -48.0521,
          "Type": "None",
          "Action": ""
        },
        {
          "X": -457.613922,
          "Y": 11.0410833,
          "Z": -48.110096,
          "Type": "None",
          "Action": ""
        },
        {
          "X": -451.2112,
          "Y": 13.7884512,
          "Z": -48.0661736,
          "Type": "None",
          "Action": ""
        },
        {
          "X": -444.355927,
          "Y": 16.2379723,
          "Z": -48.01401,
          "Type": "None",
          "Action": ""
        },
        {
          "X": -438.726837,
          "Y": 15.949049,
          "Z": -48.0216942,
          "Type": "None",
          "Action": ""
        },
        {
          "X": -434.519,
          "Y": 10.7670107,
          "Z": -48.11667,
          "Type": "None",
          "Action": ""
        },
        {
          "X": -428.088531,
          "Y": 7.529473,
          "Z": -48.1772575,
          "Type": "None",
          "Action": ""
        },
        {
          "X": -421.6332,
          "Y": 7.982322,
          "Z": -48.05928,
          "Type": "None",
          "Action": ""
        },
        {
          "X": -416.75473,
          "Y": 12.3359385,
          "Z": -48.1959457,
          "Type": "None",
          "Action": ""
        },
        {
          "X": -415.333771,
          "Y": 20.6855621,
          "Z": -48.3640747,
          "Type": "None",
          "Action": ""
        },
        {
          "X": -414.26062,
          "Y": 27.6025963,
          "Z": -48.3624878,
          "Type": "None",
          "Action": ""
        },
        {
          "X": -413.552826,
          "Y": 34.84758,
          "Z": -48.4256363,
          "Type": "None",
          "Action": ""
        }
      ],
      "Name": "Boss 3",
      "Order": 2,
      "CompleteCondition": null
    },
    {
      "$type": "WholesomeDungeonCrawler.Models.MoveAlongPathModel, WholesomeDungeonCrawler",
      "Path": [
        {
          "X": -436.406158,
          "Y": 21.5972271,
          "Z": -48.0489578,
          "Type": "None",
          "Action": ""
        },
        {
          "X": -442.5924,
          "Y": 18.3590984,
          "Z": -48.0160942,
          "Type": "None",
          "Action": ""
        },
        {
          "X": -449.073273,
          "Y": 14.9667749,
          "Z": -48.05421,
          "Type": "None",
          "Action": ""
        },
        {
          "X": -455.259521,
          "Y": 11.7286463,
          "Z": -48.09057,
          "Type": "None",
          "Action": ""
        },
        {
          "X": -461.4613,
          "Y": 8.482403,
          "Z": -48.0411339,
          "Type": "None",
          "Action": ""
        },
        {
          "X": -467.926636,
          "Y": 5.098194,
          "Z": -48.08934,
          "Type": "None",
          "Action": ""
        },
        {
          "X": -474.1129,
          "Y": 1.86006546,
          "Z": -48.0254745,
          "Type": "None",
          "Action": ""
        },
        {
          "X": -480.578827,
          "Y": -0.8102515,
          "Z": -47.79553,
          "Type": "None",
          "Action": ""
        },
        {
          "X": -487.1289,
          "Y": -3.279351,
          "Z": -47.0738945,
          "Type": "None",
          "Action": ""
        },
        {
          "X": -493.957367,
          "Y": -5.85338736,
          "Z": -46.67285,
          "Type": "None",
          "Action": ""
        },
        {
          "X": -500.507446,
          "Y": -8.322487,
          "Z": -45.96044,
          "Type": "None",
          "Action": ""
        },
        {
          "X": -508.4167,
          "Y": -11.3039255,
          "Z": -44.7611427,
          "Type": "None",
          "Action": ""
        },
        {
          "X": -511.351135,
          "Y": -18.335762,
          "Z": -44.21999,
          "Type": "None",
          "Action": ""
        },
        {
          "X": -511.325684,
          "Y": -25.63289,
          "Z": -44.18,
          "Type": "None",
          "Action": ""
        },
        {
          "X": -511.276428,
          "Y": -32.61522,
          "Z": -43.47454,
          "Type": "None",
          "Action": ""
        },
        {
          "X": -511.23114,
          "Y": -39.03756,
          "Z": -42.9038849,
          "Type": "None",
          "Action": ""
        },
        {
          "X": -525.8989,
          "Y": -43.20872,
          "Z": -40.35385,
          "Type": "None",
          "Action": ""
        },
        {
          "X": -532.007446,
          "Y": -43.8538322,
          "Z": -39.6218834,
          "Type": "None",
          "Action": ""
        },
        {
          "X": -539.2472,
          "Y": -44.61841,
          "Z": -39.5904427,
          "Type": "None",
          "Action": ""
        },
        {
          "X": -546.2085,
          "Y": -45.35358,
          "Z": -38.98068,
          "Type": "None",
          "Action": ""
        },
        {
          "X": -553.416443,
          "Y": -45.48632,
          "Z": -38.4224243,
          "Type": "None",
          "Action": ""
        },
        {
          "X": -560.4518,
          "Y": -43.6148224,
          "Z": -37.67159,
          "Type": "None",
          "Action": ""
        },
        {
          "X": -567.504,
          "Y": -41.7388268,
          "Z": -36.17445,
          "Type": "None",
          "Action": ""
        },
        {
          "X": -574.2688,
          "Y": -39.93931,
          "Z": -34.7068558,
          "Type": "None",
          "Action": ""
        },
        {
          "X": -581.321045,
          "Y": -38.0633125,
          "Z": -32.90557,
          "Type": "None",
          "Action": ""
        },
        {
          "X": -588.085754,
          "Y": -36.2637978,
          "Z": -31.0949841,
          "Type": "None",
          "Action": ""
        },
        {
          "X": -594.8336,
          "Y": -34.46878,
          "Z": -28.867775,
          "Type": "None",
          "Action": ""
        },
        {
          "X": -601.885864,
          "Y": -32.5927849,
          "Z": -26.0504818,
          "Type": "None",
          "Action": ""
        },
        {
          "X": -608.576355,
          "Y": -30.5751266,
          "Z": -24.5311413,
          "Type": "None",
          "Action": ""
        },
        {
          "X": -614.97406,
          "Y": -27.734499,
          "Z": -23.7565861,
          "Type": "None",
          "Action": ""
        },
        {
          "X": -621.6277,
          "Y": -24.7802486,
          "Z": -22.5841923,
          "Type": "None",
          "Action": ""
        },
        {
          "X": -628.093933,
          "Y": -22.1337357,
          "Z": -21.0915985,
          "Type": "None",
          "Action": ""
        },
        {
          "X": -635.3169,
          "Y": -21.09376,
          "Z": -18.7402763,
          "Type": "None",
          "Action": ""
        },
        {
          "X": -642.2462,
          "Y": -20.1018257,
          "Z": -18.17158,
          "Type": "None",
          "Action": ""
        },
        {
          "X": -647.861145,
          "Y": -16.1228065,
          "Z": -17.5392742,
          "Type": "None",
          "Action": ""
        },
        {
          "X": -654.1144,
          "Y": -13.3785725,
          "Z": -17.8164768,
          "Type": "None",
          "Action": ""
        },
        {
          "X": -658.617065,
          "Y": -8.553155,
          "Z": -18.9679928,
          "Type": "None",
          "Action": ""
        },
        {
          "X": -662.7879,
          "Y": -2.58662963,
          "Z": -20.4868011,
          "Type": "None",
          "Action": ""
        },
        {
          "X": -666.8709,
          "Y": 3.09924555,
          "Z": -22.4006519,
          "Type": "None",
          "Action": ""
        },
        {
          "X": -670.9585,
          "Y": 8.781799,
          "Z": -24.9649868,
          "Type": "None",
          "Action": ""
        },
        {
          "X": -674.755432,
          "Y": 14.6557121,
          "Z": -27.2398453,
          "Type": "None",
          "Action": ""
        },
        {
          "X": -678.616638,
          "Y": 20.847683,
          "Z": -29.06191,
          "Type": "None",
          "Action": ""
        },
        {
          "X": -682.2693,
          "Y": 26.8191319,
          "Z": -30.1874676,
          "Type": "None",
          "Action": ""
        },
        {
          "X": -687.4269,
          "Y": 31.16422,
          "Z": -30.8873482,
          "Type": "None",
          "Action": ""
        },
        {
          "X": -692.60675,
          "Y": 35.9031334,
          "Z": -31.09096,
          "Type": "None",
          "Action": ""
        },
        {
          "X": -699.447266,
          "Y": 37.32857,
          "Z": -31.2877331,
          "Type": "None",
          "Action": ""
        },
        {
          "X": -706.686768,
          "Y": 37.08568,
          "Z": -31.0630245,
          "Type": "None",
          "Action": ""
        },
        {
          "X": -713.8801,
          "Y": 35.86688,
          "Z": -30.4065132,
          "Type": "None",
          "Action": ""
        },
        {
          "X": -720.670349,
          "Y": 34.195,
          "Z": -30.4065132,
          "Type": "None",
          "Action": ""
        },
        {
          "X": -726.4626,
          "Y": 31.473774,
          "Z": -30.4065132,
          "Type": "None",
          "Action": ""
        },
        {
          "X": -727.4594,
          "Y": 23.33536,
          "Z": -30.3824272,
          "Type": "None",
          "Action": ""
        },
        {
          "X": -726.157349,
          "Y": 16.4450817,
          "Z": -30.0332661,
          "Type": "None",
          "Action": ""
        },
        {
          "X": -722.877441,
          "Y": 9.899925,
          "Z": -30.0319,
          "Type": "None",
          "Action": ""
        },
        {
          "X": -721.751,
          "Y": 4.182358,
          "Z": -30.0319,
          "Type": "None",
          "Action": ""
        },
        {
          "X": -721.2088,
          "Y": -1.8524375,
          "Z": -31.98562,
          "Type": "None",
          "Action": ""
        },
        {
          "X": -721.2778,
          "Y": -8.851155,
          "Z": -35.49606,
          "Type": "None",
          "Action": ""
        },
        {
          "X": -720.914063,
          "Y": -16.1389236,
          "Z": -37.75743,
          "Type": "None",
          "Action": ""
        },
        {
          "X": -720.7814,
          "Y": -23.137392,
          "Z": -37.7407455,
          "Type": "None",
          "Action": ""
        },
        {
          "X": -720.677246,
          "Y": -30.1366177,
          "Z": -37.7347679,
          "Type": "None",
          "Action": ""
        },
        {
          "X": -720.5687,
          "Y": -37.43331,
          "Z": -37.7347679,
          "Type": "None",
          "Action": ""
        },
        {
          "X": -720.4945,
          "Y": -44.4328079,
          "Z": -37.7347679,
          "Type": "None",
          "Action": ""
        },
        {
          "X": -720.554932,
          "Y": -51.41389,
          "Z": -37.7347679,
          "Type": "None",
          "Action": ""
        },
        {
          "X": -721.0937,
          "Y": -58.6742668,
          "Z": -37.7347679,
          "Type": "None",
          "Action": ""
        },
        {
          "X": -727.712,
          "Y": -59.29973,
          "Z": -37.7576256,
          "Type": "None",
          "Action": ""
        },
        {
          "X": -734.720337,
          "Y": -58.94991,
          "Z": -34.68759,
          "Type": "None",
          "Action": ""
        },
        {
          "X": -741.999634,
          "Y": -58.8501358,
          "Z": -31.0427437,
          "Type": "None",
          "Action": ""
        },
        {
          "X": -748.9993,
          "Y": -58.78138,
          "Z": -30.0198441,
          "Type": "None",
          "Action": ""
        },
        {
          "X": -755.9929,
          "Y": -58.4961777,
          "Z": -29.92961,
          "Type": "None",
          "Action": ""
        },
        {
          "X": -763.2806,
          "Y": -58.11775,
          "Z": -29.92961,
          "Type": "None",
          "Action": ""
        },
        {
          "X": -770.2712,
          "Y": -57.7547455,
          "Z": -29.9310226,
          "Type": "None",
          "Action": ""
        },
        {
          "X": -777.559937,
          "Y": -57.3992462,
          "Z": -29.8834534,
          "Type": "None",
          "Action": ""
        },
        {
          "X": -784.5401,
          "Y": -57.2508125,
          "Z": -29.7289753,
          "Type": "None",
          "Action": ""
        },
        {
          "X": -791.539368,
          "Y": -57.3309021,
          "Z": -29.6810112,
          "Type": "None",
          "Action": ""
        },
        {
          "X": -798.8343,
          "Y": -57.525425,
          "Z": -29.6810112,
          "Type": "None",
          "Action": ""
        },
        {
          "X": -805.8327,
          "Y": -57.6707954,
          "Z": -29.6916714,
          "Type": "None",
          "Action": ""
        },
        {
          "X": -812.8284,
          "Y": -57.91013,
          "Z": -29.6910381,
          "Type": "None",
          "Action": ""
        },
        {
          "X": -816.7601,
          "Y": -62.83707,
          "Z": -29.6929665,
          "Type": "None",
          "Action": ""
        },
        {
          "X": -818.3195,
          "Y": -69.64281,
          "Z": -29.6917343,
          "Type": "None",
          "Action": ""
        },
        {
          "X": -816.8732,
          "Y": -76.4643555,
          "Z": -29.7355747,
          "Type": "None",
          "Action": ""
        },
        {
          "X": -815.2475,
          "Y": -83.08767,
          "Z": -27.1294346,
          "Type": "None",
          "Action": ""
        },
        {
          "X": -814.6645,
          "Y": -88.52244,
          "Z": -26.23882,
          "Type": "None",
          "Action": ""
        },
        {
          "X": -816.6202,
          "Y": -94.60486,
          "Z": -25.667593,
          "Type": "None",
          "Action": ""
        },
        {
          "X": -817.9621,
          "Y": -100.561752,
          "Z": -25.7849178,
          "Type": "None",
          "Action": ""
        },
        {
          "X": -818.9048,
          "Y": -105.7439,
          "Z": -25.86495,
          "Type": "None",
          "Action": ""
        },
        {
          "X": -812.1214,
          "Y": -109.044571,
          "Z": -25.8696671,
          "Type": "None",
          "Action": ""
        },
        {
          "X": -805.1302,
          "Y": -109.394058,
          "Z": -25.8696671,
          "Type": "None",
          "Action": ""
        },
        {
          "X": -800.957947,
          "Y": -112.301476,
          "Z": -25.8696671,
          "Type": "None",
          "Action": ""
        },
        {
          "X": -800.6113,
          "Y": -119.886421,
          "Z": -25.8696671,
          "Type": "None",
          "Action": ""
        },
        {
          "X": -801.9563,
          "Y": -125.176064,
          "Z": -25.8696671,
          "Type": "None",
          "Action": ""
        },
        {
          "X": -795.3701,
          "Y": -124.738907,
          "Z": -25.8696671,
          "Type": "None",
          "Action": ""
        },
        {
          "X": -792.953247,
          "Y": -129.9958,
          "Z": -25.8696671,
          "Type": "None",
          "Action": ""
        },
        {
          "X": -793.767944,
          "Y": -136.962982,
          "Z": -25.8696671,
          "Type": "None",
          "Action": ""
        },
        {
          "X": -792.7701,
          "Y": -144.153183,
          "Z": -25.8696671,
          "Type": "None",
          "Action": ""
        },
        {
          "X": -790.7198,
          "Y": -150.800278,
          "Z": -25.8696671,
          "Type": "None",
          "Action": ""
        },
        {
          "X": -789.2915,
          "Y": -158.74556,
          "Z": -25.8696671,
          "Type": "None",
          "Action": ""
        },
        {
          "X": -789.8751,
          "Y": -165.721191,
          "Z": -25.8696671,
          "Type": "None",
          "Action": ""
        },
        {
          "X": -791.2138,
          "Y": -172.517929,
          "Z": -25.8696671,
          "Type": "None",
          "Action": ""
        },
        {
          "X": -794.0656,
          "Y": -176.923813,
          "Z": -25.8696671,
          "Type": "None",
          "Action": ""
        },
        {
          "X": -800.4635,
          "Y": -174.935959,
          "Z": -25.8696671,
          "Type": "None",
          "Action": ""
        },
        {
          "X": -807.4374,
          "Y": -174.502792,
          "Z": -25.9164963,
          "Type": "None",
          "Action": ""
        },
        {
          "X": -814.7164,
          "Y": -174.382385,
          "Z": -25.8840389,
          "Type": "None",
          "Action": ""
        },
        {
          "X": -821.715454,
          "Y": -174.2666,
          "Z": -25.8837414,
          "Type": "None",
          "Action": ""
        },
        {
          "X": -828.713867,
          "Y": -174.124573,
          "Z": -25.8989067,
          "Type": "None",
          "Action": ""
        },
        {
          "X": -836.0084,
          "Y": -173.917908,
          "Z": -25.87123,
          "Type": "None",
          "Action": ""
        },
        {
          "X": -842.927551,
          "Y": -173.165588,
          "Z": -25.87123,
          "Type": "None",
          "Action": ""
        },
        {
          "X": -846.1467,
          "Y": -168.733337,
          "Z": -25.87123,
          "Type": "None",
          "Action": ""
        },
        {
          "X": -845.9289,
          "Y": -161.474243,
          "Z": -25.87123,
          "Type": "None",
          "Action": ""
        },
        {
          "X": -845.5097,
          "Y": -154.487091,
          "Z": -25.87123,
          "Type": "None",
          "Action": ""
        },
        {
          "X": -845.1331,
          "Y": -147.479721,
          "Z": -25.87123,
          "Type": "None",
          "Action": ""
        },
        {
          "X": -843.040039,
          "Y": -140.905533,
          "Z": -25.87123,
          "Type": "None",
          "Action": ""
        },
        {
          "X": -837.5133,
          "Y": -139.674072,
          "Z": -25.87123,
          "Type": "None",
          "Action": ""
        },
        {
          "X": -830.570251,
          "Y": -141.735062,
          "Z": -25.87123,
          "Type": "None",
          "Action": ""
        },
        {
          "X": -824.8263,
          "Y": -145.649414,
          "Z": -25.87123,
          "Type": "None",
          "Action": ""
        },
        {
          "X": -820.354858,
          "Y": -151.372543,
          "Z": -25.9143734,
          "Type": "None",
          "Action": ""
        }
      ],
      "Name": "Boss 4",
      "Order": 3,
      "CompleteCondition": null
    },
    {
      "$type": "WholesomeDungeonCrawler.Models.InteractWithModel, WholesomeDungeonCrawler",
      "ObjectId": 21121,
      "ExpectedPosition": {
        "X": -823.88,
        "Y": -158.535,
        "Z": -24.5278,
        "Type": "None",
        "Action": ""
      },
      "StrictPosition": false,
      "FindClosest": false,
      "Name": "Click on Fire of Aku'mai 1",
      "Order": 4,
      "CompleteCondition": {
        "HasCompleteCondition": true,
        "ConditionType": 2,
        "GameObjectId": 21121,
        "InitialFlags": 32,
        "ItemId": 0,
        "CSharpCondition": null,
        "DeadMobId": 0,
        "MobPositionId": 0,
        "MobId": 0,
        "MobPositionVector": null,
        "LOSPositionVector": null,
        "WaitTime": 0
      }
    },
    {
      "$type": "WholesomeDungeonCrawler.Models.InteractWithModel, WholesomeDungeonCrawler",
      "ObjectId": 21118,
      "ExpectedPosition": {
        "X": -813.47,
        "Y": -158.535,
        "Z": -24.5271,
        "Type": "None",
        "Action": ""
      },
      "StrictPosition": false,
      "FindClosest": false,
      "Name": "Click on Fire of Aku'mai 2",
      "Order": 5,
      "CompleteCondition": {
        "HasCompleteCondition": true,
        "ConditionType": 2,
        "GameObjectId": 21118,
        "InitialFlags": 32,
        "ItemId": 0,
        "CSharpCondition": null,
        "DeadMobId": 0,
        "MobPositionId": 0,
        "MobId": 0,
        "MobPositionVector": null,
        "LOSPositionVector": null,
        "WaitTime": 0
      }
    },
    {
      "$type": "WholesomeDungeonCrawler.Models.InteractWithModel, WholesomeDungeonCrawler",
      "ObjectId": 21119,
      "ExpectedPosition": {
        "X": -813.578,
        "Y": -170.461,
        "Z": -24.5276,
        "Type": "None",
        "Action": ""
      },
      "StrictPosition": false,
      "FindClosest": false,
      "Name": "Click on Fire of Aku'mai 3",
      "Order": 6,
      "CompleteCondition": {
        "HasCompleteCondition": true,
        "ConditionType": 2,
        "GameObjectId": 21119,
        "InitialFlags": 32,
        "ItemId": 0,
        "CSharpCondition": null,
        "DeadMobId": 0,
        "MobPositionId": 0,
        "MobId": 0,
        "MobPositionVector": null,
        "LOSPositionVector": null,
        "WaitTime": 0
      }
    },
    {
      "$type": "WholesomeDungeonCrawler.Models.InteractWithModel, WholesomeDungeonCrawler",
      "ObjectId": 21120,
      "ExpectedPosition": {
        "X": -823.955,
        "Y": -170.407,
        "Z": -24.5267,
        "Type": "None",
        "Action": ""
      },
      "StrictPosition": false,
      "FindClosest": false,
      "Name": "Click on Fire of Aku'mai 4",
      "Order": 7,
      "CompleteCondition": {
        "HasCompleteCondition": true,
        "ConditionType": 2,
        "GameObjectId": 21120,
        "InitialFlags": 32,
        "ItemId": 0,
        "CSharpCondition": null,
        "DeadMobId": 0,
        "MobPositionId": 0,
        "MobId": 0,
        "MobPositionVector": null,
        "LOSPositionVector": null,
        "WaitTime": 0
      }
    },
    {
      "$type": "WholesomeDungeonCrawler.Models.MoveAlongPathModel, WholesomeDungeonCrawler",
      "Path": [
        {
          "X": -818.8912,
          "Y": -191.434128,
          "Z": -25.8698959,
          "Type": "None",
          "Action": ""
        },
        {
          "X": -818.6593,
          "Y": -199.008087,
          "Z": -25.8686619,
          "Type": "None",
          "Action": ""
        },
        {
          "X": -818.4366,
          "Y": -206.284668,
          "Z": -25.8700256,
          "Type": "None",
          "Action": ""
        },
        {
          "X": -818.240051,
          "Y": -212.704178,
          "Z": -25.8729076,
          "Type": "None",
          "Action": ""
        },
        {
          "X": -818.0077,
          "Y": -220.295609,
          "Z": -25.88061,
          "Type": "None",
          "Action": ""
        },
        {
          "X": -817.7844,
          "Y": -227.5897,
          "Z": -25.879282,
          "Type": "None",
          "Action": ""
        },
        {
          "X": -818.4312,
          "Y": -234.695541,
          "Z": -25.8757534,
          "Type": "None",
          "Action": ""
        },
        {
          "X": -822.1776,
          "Y": -240.256454,
          "Z": -25.8757534,
          "Type": "None",
          "Action": ""
        },
        {
          "X": -826.9964,
          "Y": -245.713379,
          "Z": -25.8715725,
          "Type": "None",
          "Action": ""
        },
        {
          "X": -831.6313,
          "Y": -250.982224,
          "Z": -26.3130512,
          "Type": "None",
          "Action": ""
        },
        {
          "X": -835.9575,
          "Y": -256.836243,
          "Z": -26.36493,
          "Type": "None",
          "Action": ""
        },
        {
          "X": -838.975952,
          "Y": -263.376465,
          "Z": -26.4145031,
          "Type": "None",
          "Action": ""
        },
        {
          "X": -840.882446,
          "Y": -269.71048,
          "Z": -26.5628414,
          "Type": "None",
          "Action": ""
        },
        {
          "X": -841.452,
          "Y": -276.822876,
          "Z": -26.6865082,
          "Type": "None",
          "Action": ""
        },
        {
          "X": -844.8955,
          "Y": -282.885559,
          "Z": -26.7297554,
          "Type": "None",
          "Action": ""
        },
        {
          "X": -845.2336,
          "Y": -289.945557,
          "Z": -27.30932,
          "Type": "None",
          "Action": ""
        },
        {
          "X": -845.137268,
          "Y": -296.944855,
          "Z": -28.38087,
          "Type": "None",
          "Action": ""
        },
        {
          "X": -845.032959,
          "Y": -303.944061,
          "Z": -29.63591,
          "Type": "None",
          "Action": ""
        },
        {
          "X": -844.917664,
          "Y": -311.223145,
          "Z": -31.09905,
          "Type": "None",
          "Action": ""
        },
        {
          "X": -844.719543,
          "Y": -318.2203,
          "Z": -31.8018761,
          "Type": "None",
          "Action": ""
        },
        {
          "X": -844.364563,
          "Y": -325.509,
          "Z": -32.68398,
          "Type": "None",
          "Action": ""
        },
        {
          "X": -843.890747,
          "Y": -332.4929,
          "Z": -33.587513,
          "Type": "None",
          "Action": ""
        },
        {
          "X": -843.4019,
          "Y": -339.4767,
          "Z": -33.6360245,
          "Type": "None",
          "Action": ""
        },
        {
          "X": -842.9144,
          "Y": -346.442169,
          "Z": -34.0949478,
          "Type": "None",
          "Action": ""
        },
        {
          "X": -842.4062,
          "Y": -353.7044,
          "Z": -33.9333725,
          "Type": "None",
          "Action": ""
        },
        {
          "X": -841.9174,
          "Y": -360.687347,
          "Z": -33.8901,
          "Type": "None",
          "Action": ""
        },
        {
          "X": -841.4287,
          "Y": -367.670258,
          "Z": -33.8901,
          "Type": "None",
          "Action": ""
        },
        {
          "X": -840.9192,
          "Y": -374.949951,
          "Z": -33.8901,
          "Type": "None",
          "Action": ""
        },
        {
          "X": -839.5609,
          "Y": -381.735626,
          "Z": -34.15504,
          "Type": "None",
          "Action": ""
        },
        {
          "X": -836.8101,
          "Y": -387.7281,
          "Z": -33.3272858,
          "Type": "None",
          "Action": ""
        },
        {
          "X": -835.817749,
          "Y": -394.8848,
          "Z": -33.8904152,
          "Type": "None",
          "Action": ""
        },
        {
          "X": -837.239441,
          "Y": -401.720673,
          "Z": -33.8904152,
          "Type": "None",
          "Action": ""
        },
        {
          "X": -836.6796,
          "Y": -408.5491,
          "Z": -34.01003,
          "Type": "None",
          "Action": ""
        },
        {
          "X": -837.5122,
          "Y": -415.534637,
          "Z": -33.8904228,
          "Type": "None",
          "Action": ""
        },
        {
          "X": -838.338562,
          "Y": -422.468079,
          "Z": -33.8904228,
          "Type": "None",
          "Action": ""
        },
        {
          "X": -839.4462,
          "Y": -429.65976,
          "Z": -33.8904228,
          "Type": "None",
          "Action": ""
        },
        {
          "X": -840.7333,
          "Y": -436.5226,
          "Z": -33.8904228,
          "Type": "None",
          "Action": ""
        },
        {
          "X": -842.156738,
          "Y": -443.67926,
          "Z": -33.91548,
          "Type": "None",
          "Action": ""
        },
        {
          "X": -844.247742,
          "Y": -450.665527,
          "Z": -33.94705,
          "Type": "None",
          "Action": ""
        },
        {
          "X": -848.572754,
          "Y": -456.133545,
          "Z": -33.98515,
          "Type": "None",
          "Action": ""
        }
      ],
      "Name": "Boss 5",
      "Order": 8,
      "CompleteCondition": null
    }
  ],
  "MapId": 48,
  "Name": "BFD",
  "Faction": 2,
  "DeathRunPath": [
    {
      "X": 4290.03662,
      "Y": 102.817825,
      "Z": 43.05907,
      "Type": "None",
      "Action": ""
    },
    {
      "X": 4287.04541,
      "Y": 107.089714,
      "Z": 43.13661,
      "Type": "None",
      "Action": ""
    },
    {
      "X": 4283.01025,
      "Y": 112.852455,
      "Z": 42.7222252,
      "Type": "None",
      "Action": ""
    },
    {
      "X": 4278.03857,
      "Y": 120.049492,
      "Z": 42.8659019,
      "Type": "None",
      "Action": ""
    },
    {
      "X": 4275.917,
      "Y": 126.702843,
      "Z": 42.32366,
      "Type": "None",
      "Action": ""
    },
    {
      "X": 4276.2627,
      "Y": 133.658417,
      "Z": 42.9786224,
      "Type": "None",
      "Action": ""
    },
    {
      "X": 4277.535,
      "Y": 140.5406,
      "Z": 43.5537262,
      "Type": "None",
      "Action": ""
    },
    {
      "X": 4279.66748,
      "Y": 147.202911,
      "Z": 44.2653,
      "Type": "None",
      "Action": ""
    },
    {
      "X": 4282.05,
      "Y": 153.784927,
      "Z": 45.0862045,
      "Type": "None",
      "Action": ""
    },
    {
      "X": 4282.917,
      "Y": 159.7684,
      "Z": 45.8075066,
      "Type": "None",
      "Action": ""
    },
    {
      "X": 4280.15771,
      "Y": 166.207565,
      "Z": 49.63345,
      "Type": "None",
      "Action": ""
    },
    {
      "X": 4277.811,
      "Y": 172.7766,
      "Z": 50.7391472,
      "Type": "None",
      "Action": ""
    },
    {
      "X": 4275.29053,
      "Y": 179.904083,
      "Z": 51.0605621,
      "Type": "None",
      "Action": ""
    },
    {
      "X": 4272.98828,
      "Y": 186.551178,
      "Z": 51.48291,
      "Type": "None",
      "Action": ""
    },
    {
      "X": 4271.02051,
      "Y": 193.256119,
      "Z": 51.6261139,
      "Type": "None",
      "Action": ""
    },
    {
      "X": 4269.087,
      "Y": 199.947159,
      "Z": 51.5324821,
      "Type": "None",
      "Action": ""
    },
    {
      "X": 4267.449,
      "Y": 206.752579,
      "Z": 50.5204124,
      "Type": "None",
      "Action": ""
    },
    {
      "X": 4266.39648,
      "Y": 213.670486,
      "Z": 49.90436,
      "Type": "None",
      "Action": ""
    },
    {
      "X": 4265.639,
      "Y": 221.192444,
      "Z": 49.833744,
      "Type": "None",
      "Action": ""
    },
    {
      "X": 4264.9375,
      "Y": 228.157227,
      "Z": 50.3472366,
      "Type": "None",
      "Action": ""
    },
    {
      "X": 4264.233,
      "Y": 235.156845,
      "Z": 50.5474243,
      "Type": "None",
      "Action": ""
    },
    {
      "X": 4263.535,
      "Y": 242.086792,
      "Z": 50.7867241,
      "Type": "None",
      "Action": ""
    },
    {
      "X": 4262.83057,
      "Y": 249.086411,
      "Z": 51.1054726,
      "Type": "None",
      "Action": ""
    },
    {
      "X": 4262.07275,
      "Y": 256.608368,
      "Z": 51.6835976,
      "Type": "None",
      "Action": ""
    },
    {
      "X": 4261.37158,
      "Y": 263.57312,
      "Z": 52.11609,
      "Type": "None",
      "Action": ""
    },
    {
      "X": 4260.67041,
      "Y": 270.537933,
      "Z": 52.64256,
      "Type": "None",
      "Action": ""
    },
    {
      "X": 4259.969,
      "Y": 277.502716,
      "Z": 53.343708,
      "Type": "None",
      "Action": ""
    },
    {
      "X": 4259.2666,
      "Y": 284.4351,
      "Z": 54.4659767,
      "Type": "None",
      "Action": ""
    },
    {
      "X": 4258.48828,
      "Y": 291.3915,
      "Z": 55.4889641,
      "Type": "None",
      "Action": ""
    },
    {
      "X": 4257.54248,
      "Y": 298.927368,
      "Z": 56.0769768,
      "Type": "None",
      "Action": ""
    },
    {
      "X": 4256.563,
      "Y": 305.858215,
      "Z": 56.3089333,
      "Type": "None",
      "Action": ""
    },
    {
      "X": 4255.38672,
      "Y": 312.670441,
      "Z": 56.70267,
      "Type": "None",
      "Action": ""
    },
    {
      "X": 4254.168,
      "Y": 319.563568,
      "Z": 57.5060158,
      "Type": "None",
      "Action": ""
    },
    {
      "X": 4252.94971,
      "Y": 326.4567,
      "Z": 58.3640976,
      "Type": "None",
      "Action": ""
    },
    {
      "X": 4251.62744,
      "Y": 333.93573,
      "Z": 59.05057,
      "Type": "None",
      "Action": ""
    },
    {
      "X": 4250.28027,
      "Y": 341.410339,
      "Z": 59.418293,
      "Type": "None",
      "Action": ""
    },
    {
      "X": 4249.00928,
      "Y": 348.284637,
      "Z": 59.5848579,
      "Type": "None",
      "Action": ""
    },
    {
      "X": 4247.63,
      "Y": 355.747253,
      "Z": 59.92663,
      "Type": "None",
      "Action": ""
    },
    {
      "X": 4246.36328,
      "Y": 362.5962,
      "Z": 60.1743279,
      "Type": "None",
      "Action": ""
    },
    {
      "X": 4245.075,
      "Y": 369.4766,
      "Z": 60.05992,
      "Type": "None",
      "Action": ""
    },
    {
      "X": 4243.63525,
      "Y": 376.361877,
      "Z": 60.1040535,
      "Type": "None",
      "Action": ""
    },
    {
      "X": 4241.822,
      "Y": 383.0859,
      "Z": 60.4774971,
      "Type": "None",
      "Action": ""
    },
    {
      "X": 4239.778,
      "Y": 389.78067,
      "Z": 60.35278,
      "Type": "None",
      "Action": ""
    },
    {
      "X": 4237.555,
      "Y": 396.417664,
      "Z": 59.7485352,
      "Type": "None",
      "Action": ""
    },
    {
      "X": 4235.232,
      "Y": 403.021,
      "Z": 59.6429749,
      "Type": "None",
      "Action": ""
    },
    {
      "X": 4232.646,
      "Y": 410.16217,
      "Z": 59.3561668,
      "Type": "None",
      "Action": ""
    },
    {
      "X": 4230.19629,
      "Y": 416.719,
      "Z": 58.4607964,
      "Type": "None",
      "Action": ""
    },
    {
      "X": 4227.65625,
      "Y": 423.241943,
      "Z": 58.2910767,
      "Type": "None",
      "Action": ""
    },
    {
      "X": 4225.10547,
      "Y": 429.7607,
      "Z": 58.1685867,
      "Type": "None",
      "Action": ""
    },
    {
      "X": 4222.42236,
      "Y": 436.1923,
      "Z": 58.0117836,
      "Type": "None",
      "Action": ""
    },
    {
      "X": 4218.19531,
      "Y": 441.679321,
      "Z": 57.9249725,
      "Type": "None",
      "Action": ""
    },
    {
      "X": 4211.82373,
      "Y": 445.809021,
      "Z": 57.9807358,
      "Type": "None",
      "Action": ""
    },
    {
      "X": 4205.586,
      "Y": 448.904846,
      "Z": 57.682354,
      "Type": "None",
      "Action": ""
    },
    {
      "X": 4199.28125,
      "Y": 451.945984,
      "Z": 58.2040329,
      "Type": "None",
      "Action": ""
    },
    {
      "X": 4192.96,
      "Y": 454.896027,
      "Z": 58.499752,
      "Type": "None",
      "Action": ""
    },
    {
      "X": 4186.05371,
      "Y": 458.056549,
      "Z": 58.52458,
      "Type": "None",
      "Action": ""
    },
    {
      "X": 4179.65674,
      "Y": 460.898132,
      "Z": 58.1203575,
      "Type": "None",
      "Action": ""
    },
    {
      "X": 4173.25635,
      "Y": 463.733429,
      "Z": 56.9508057,
      "Type": "None",
      "Action": ""
    },
    {
      "X": 4166.84,
      "Y": 466.530731,
      "Z": 55.83767,
      "Type": "None",
      "Action": ""
    },
    {
      "X": 4160.2627,
      "Y": 469.217957,
      "Z": 55.13462,
      "Type": "None",
      "Action": ""
    },
    {
      "X": 4153.87646,
      "Y": 471.817627,
      "Z": 54.02757,
      "Type": "None",
      "Action": ""
    },
    {
      "X": 4146.87451,
      "Y": 474.668,
      "Z": 52.3645134,
      "Type": "None",
      "Action": ""
    },
    {
      "X": 4140.35938,
      "Y": 477.322723,
      "Z": 51.2911034,
      "Type": "None",
      "Action": ""
    },
    {
      "X": 4133.938,
      "Y": 480.0204,
      "Z": 50.85221,
      "Type": "None",
      "Action": ""
    },
    {
      "X": 4127.486,
      "Y": 482.73584,
      "Z": 50.3680267,
      "Type": "None",
      "Action": ""
    },
    {
      "X": 4121.034,
      "Y": 485.451263,
      "Z": 49.9442749,
      "Type": "None",
      "Action": ""
    },
    {
      "X": 4114.034,
      "Y": 488.397522,
      "Z": 49.28768,
      "Type": "None",
      "Action": ""
    },
    {
      "X": 4107.582,
      "Y": 491.112946,
      "Z": 48.84426,
      "Type": "None",
      "Action": ""
    },
    {
      "X": 4101.13037,
      "Y": 493.8284,
      "Z": 48.17643,
      "Type": "None",
      "Action": ""
    },
    {
      "X": 4094.67847,
      "Y": 496.543823,
      "Z": 47.5291,
      "Type": "None",
      "Action": ""
    },
    {
      "X": 4088.22656,
      "Y": 499.259277,
      "Z": 46.5224228,
      "Type": "None",
      "Action": ""
    },
    {
      "X": 4081.228,
      "Y": 502.209839,
      "Z": 45.28459,
      "Type": "None",
      "Action": ""
    },
    {
      "X": 4074.81836,
      "Y": 505.0224,
      "Z": 44.23982,
      "Type": "None",
      "Action": ""
    },
    {
      "X": 4068.49146,
      "Y": 507.9348,
      "Z": 42.8605423,
      "Type": "None",
      "Action": ""
    },
    {
      "X": 4062.18579,
      "Y": 511.05304,
      "Z": 41.7188721,
      "Type": "None",
      "Action": ""
    },
    {
      "X": 4055.95776,
      "Y": 514.248535,
      "Z": 40.4642944,
      "Type": "None",
      "Action": ""
    },
    {
      "X": 4049.35986,
      "Y": 517.937866,
      "Z": 39.16772,
      "Type": "None",
      "Action": ""
    },
    {
      "X": 4043.50732,
      "Y": 521.7766,
      "Z": 38.18617,
      "Type": "None",
      "Action": ""
    },
    {
      "X": 4037.94238,
      "Y": 526.021545,
      "Z": 37.0495453,
      "Type": "None",
      "Action": ""
    },
    {
      "X": 4032.66357,
      "Y": 530.615662,
      "Z": 35.6529961,
      "Type": "None",
      "Action": ""
    },
    {
      "X": 4027.56152,
      "Y": 535.4081,
      "Z": 33.78734,
      "Type": "None",
      "Action": ""
    },
    {
      "X": 4022.776,
      "Y": 540.5157,
      "Z": 31.9674129,
      "Type": "None",
      "Action": ""
    },
    {
      "X": 4017.72974,
      "Y": 546.190247,
      "Z": 30.2419758,
      "Type": "None",
      "Action": ""
    },
    {
      "X": 4013.23486,
      "Y": 551.556458,
      "Z": 28.72304,
      "Type": "None",
      "Action": ""
    },
    {
      "X": 4008.8313,
      "Y": 556.996948,
      "Z": 27.0256863,
      "Type": "None",
      "Action": ""
    },
    {
      "X": 4004.4856,
      "Y": 562.4847,
      "Z": 25.1467686,
      "Type": "None",
      "Action": ""
    },
    {
      "X": 3999.79248,
      "Y": 568.4115,
      "Z": 23.3796978,
      "Type": "None",
      "Action": ""
    },
    {
      "X": 3995.474,
      "Y": 573.920166,
      "Z": 22.1852055,
      "Type": "None",
      "Action": ""
    },
    {
      "X": 3991.57422,
      "Y": 579.7325,
      "Z": 20.4670868,
      "Type": "None",
      "Action": ""
    },
    {
      "X": 3987.78174,
      "Y": 585.616,
      "Z": 18.5609226,
      "Type": "None",
      "Action": ""
    },
    {
      "X": 3984.06274,
      "Y": 591.546265,
      "Z": 16.8005753,
      "Type": "None",
      "Action": ""
    },
    {
      "X": 3980.1333,
      "Y": 598.0449,
      "Z": 15.0952444,
      "Type": "None",
      "Action": ""
    },
    {
      "X": 3977.02881,
      "Y": 604.316956,
      "Z": 13.7787189,
      "Type": "None",
      "Action": ""
    },
    {
      "X": 3973.10254,
      "Y": 609.93335,
      "Z": 12.6006088,
      "Type": "None",
      "Action": ""
    },
    {
      "X": 3969.56616,
      "Y": 615.974,
      "Z": 11.8490286,
      "Type": "None",
      "Action": ""
    },
    {
      "X": 3966.229,
      "Y": 622.1272,
      "Z": 11.2192554,
      "Type": "None",
      "Action": ""
    },
    {
      "X": 3962.651,
      "Y": 628.786743,
      "Z": 10.6257877,
      "Type": "None",
      "Action": ""
    },
    {
      "X": 3959.3,
      "Y": 634.972351,
      "Z": 9.867432,
      "Type": "None",
      "Action": ""
    },
    {
      "X": 3954.39258,
      "Y": 639.8225,
      "Z": 9.092728,
      "Type": "None",
      "Action": ""
    },
    {
      "X": 3948.46924,
      "Y": 643.482544,
      "Z": 8.566588,
      "Type": "None",
      "Action": ""
    },
    {
      "X": 3942.48853,
      "Y": 646.913147,
      "Z": 8.2484045,
      "Type": "None",
      "Action": ""
    },
    {
      "X": 3938.17578,
      "Y": 653.162231,
      "Z": 8.294617,
      "Type": "None",
      "Action": ""
    },
    {
      "X": 3934.13818,
      "Y": 658.880554,
      "Z": 8.393964,
      "Type": "None",
      "Action": ""
    },
    {
      "X": 3930.274,
      "Y": 664.712,
      "Z": 7.97544527,
      "Type": "None",
      "Action": ""
    },
    {
      "X": 3927.604,
      "Y": 671.171753,
      "Z": 7.335422,
      "Type": "None",
      "Action": ""
    },
    {
      "X": 3925.542,
      "Y": 677.86084,
      "Z": 6.71142864,
      "Type": "None",
      "Action": ""
    },
    {
      "X": 3923.70142,
      "Y": 685.1909,
      "Z": 6.36043739,
      "Type": "None",
      "Action": ""
    },
    {
      "X": 3923.31787,
      "Y": 692.1536,
      "Z": 6.15990925,
      "Type": "None",
      "Action": ""
    },
    {
      "X": 3924.314,
      "Y": 699.1154,
      "Z": 6.15182,
      "Type": "None",
      "Action": ""
    },
    {
      "X": 3925.82813,
      "Y": 705.9068,
      "Z": 6.241375,
      "Type": "None",
      "Action": ""
    },
    {
      "X": 3928.12085,
      "Y": 712.5486,
      "Z": 6.53243732,
      "Type": "None",
      "Action": ""
    },
    {
      "X": 3931.726,
      "Y": 719.19104,
      "Z": 6.618775,
      "Type": "None",
      "Action": ""
    },
    {
      "X": 3935.32544,
      "Y": 725.1943,
      "Z": 6.45510149,
      "Type": "None",
      "Action": ""
    },
    {
      "X": 3939.09766,
      "Y": 731.0901,
      "Z": 6.350958,
      "Type": "None",
      "Action": ""
    },
    {
      "X": 3943.28345,
      "Y": 736.698059,
      "Z": 6.253847,
      "Type": "None",
      "Action": ""
    },
    {
      "X": 3947.89,
      "Y": 741.963867,
      "Z": 6.192964,
      "Type": "None",
      "Action": ""
    },
    {
      "X": 3953.03638,
      "Y": 746.7078,
      "Z": 6.192964,
      "Type": "None",
      "Action": ""
    },
    {
      "X": 3958.6626,
      "Y": 751.8096,
      "Z": 6.192964,
      "Type": "None",
      "Action": ""
    },
    {
      "X": 3963.84839,
      "Y": 756.5116,
      "Z": 6.192964,
      "Type": "None",
      "Action": ""
    },
    {
      "X": 3969.034,
      "Y": 761.2136,
      "Z": 6.192964,
      "Type": "None",
      "Action": ""
    },
    {
      "X": 3974.218,
      "Y": 765.917358,
      "Z": 6.192964,
      "Type": "None",
      "Action": ""
    },
    {
      "X": 3979.181,
      "Y": 770.8024,
      "Z": 6.192964,
      "Type": "None",
      "Action": ""
    },
    {
      "X": 3984.471,
      "Y": 776.2518,
      "Z": 6.192964,
      "Type": "None",
      "Action": ""
    },
    {
      "X": 3989.27563,
      "Y": 781.390564,
      "Z": 6.192964,
      "Type": "None",
      "Action": ""
    },
    {
      "X": 3994.03247,
      "Y": 786.478149,
      "Z": 6.202796,
      "Type": "None",
      "Action": ""
    },
    {
      "X": 3998.81323,
      "Y": 791.5914,
      "Z": 6.301277,
      "Type": "None",
      "Action": ""
    },
    {
      "X": 4003.21143,
      "Y": 796.295532,
      "Z": 6.37947,
      "Type": "None",
      "Action": ""
    },
    {
      "X": 4007.35645,
      "Y": 800.416443,
      "Z": 6.61093044,
      "Type": "None",
      "Action": ""
    },
    {
      "X": 4012.20361,
      "Y": 805.420654,
      "Z": 6.95124435,
      "Type": "None",
      "Action": ""
    },
    {
      "X": 4017.32666,
      "Y": 811.027649,
      "Z": 8.013546,
      "Type": "None",
      "Action": ""
    },
    {
      "X": 4022.27344,
      "Y": 815.828552,
      "Z": 8.802707,
      "Type": "None",
      "Action": ""
    },
    {
      "X": 4027.626,
      "Y": 820.339355,
      "Z": 9.330138,
      "Type": "None",
      "Action": ""
    },
    {
      "X": 4033.45728,
      "Y": 825.2056,
      "Z": 9.430847,
      "Type": "None",
      "Action": ""
    },
    {
      "X": 4039.06055,
      "Y": 829.3447,
      "Z": 9.641841,
      "Type": "None",
      "Action": ""
    },
    {
      "X": 4044.77881,
      "Y": 833.382263,
      "Z": 10.0427513,
      "Type": "None",
      "Action": ""
    },
    {
      "X": 4050.47168,
      "Y": 837.4551,
      "Z": 10.5483007,
      "Type": "None",
      "Action": ""
    },
    {
      "X": 4056.1582,
      "Y": 841.537354,
      "Z": 11.0010128,
      "Type": "None",
      "Action": ""
    },
    {
      "X": 4099.951,
      "Y": 859.6148,
      "Z": 7.71285343,
      "Type": "None",
      "Action": ""
    },
    {
      "X": 4106.204,
      "Y": 858.9046,
      "Z": 8.203343,
      "Type": "None",
      "Action": ""
    },
    {
      "X": 4111.77637,
      "Y": 858.362,
      "Z": 8.902197,
      "Type": "None",
      "Action": ""
    },
    {
      "X": 4117.434,
      "Y": 858.234863,
      "Z": 9.510208,
      "Type": "None",
      "Action": ""
    },
    {
      "X": 4122.844,
      "Y": 859.774963,
      "Z": 9.812728,
      "Type": "None",
      "Action": ""
    },
    {
      "X": 4124.89746,
      "Y": 864.907,
      "Z": 9.739027,
      "Type": "None",
      "Action": ""
    },
    {
      "X": 4129.92236,
      "Y": 865.742737,
      "Z": 8.792516,
      "Type": "None",
      "Action": ""
    },
    {
      "X": 4133.89258,
      "Y": 870.0227,
      "Z": 6.470124,
      "Type": "None",
      "Action": ""
    },
    {
      "X": 4135.873,
      "Y": 872.1576,
      "Z": 2.39337277,
      "Type": "None",
      "Action": ""
    },
    {
      "X": 4137.78174,
      "Y": 874.2155,
      "Z": -4.696429,
      "Type": "None",
      "Action": ""
    },
    {
      "X": 4139.762,
      "Y": 876.3504,
      "Z": -15.3296871,
      "Type": "None",
      "Action": ""
    },
    {
      "X": 4140.939,
      "Y": 878.792542,
      "Z": -19.8514214,
      "Type": "Swimming",
      "Action": ""
    },
    {
      "X": 4142.54932,
      "Y": 884.142456,
      "Z": -21.197897,
      "Type": "Swimming",
      "Action": ""
    },
    {
      "X": 4144.18066,
      "Y": 889.5627,
      "Z": -22.5620728,
      "Type": "Swimming",
      "Action": ""
    },
    {
      "X": 4146.47559,
      "Y": 894.778442,
      "Z": -22.0472927,
      "Type": "Swimming",
      "Action": ""
    },
    {
      "X": 4148.88525,
      "Y": 900.0352,
      "Z": -21.3679771,
      "Type": "Swimming",
      "Action": ""
    },
    {
      "X": 4151.60938,
      "Y": 904.93335,
      "Z": -20.2966175,
      "Type": "Swimming",
      "Action": ""
    },
    {
      "X": 4154.823,
      "Y": 909.5274,
      "Z": -19.298275,
      "Type": "Swimming",
      "Action": ""
    },
    {
      "X": 4158.04834,
      "Y": 914.766968,
      "Z": -18.018425,
      "Type": "None",
      "Action": ""
    },
    {
      "X": 4160.35059,
      "Y": 919.994446,
      "Z": -16.82187,
      "Type": "None",
      "Action": ""
    },
    {
      "X": 4162.61035,
      "Y": 925.248,
      "Z": -17.0552444,
      "Type": "None",
      "Action": ""
    },
    {
      "X": 4164.823,
      "Y": 930.3923,
      "Z": -17.87659,
      "Type": "None",
      "Action": ""
    },
    {
      "X": 4168.253,
      "Y": 934.6622,
      "Z": -17.3713531,
      "Type": "None",
      "Action": ""
    },
    {
      "X": 4173.01367,
      "Y": 937.8311,
      "Z": -16.3687515,
      "Type": "None",
      "Action": ""
    },
    {
      "X": 4177.77441,
      "Y": 941.000061,
      "Z": -15.5781956,
      "Type": "None",
      "Action": ""
    },
    {
      "X": 4182.22,
      "Y": 937.594849,
      "Z": -14.4799089,
      "Type": "None",
      "Action": ""
    },
    {
      "X": 4186.755,
      "Y": 934.1215,
      "Z": -13.3627129,
      "Type": "None",
      "Action": ""
    },
    {
      "X": 4191.372,
      "Y": 930.75116,
      "Z": -12.5802393,
      "Type": "None",
      "Action": ""
    },
    {
      "X": 4196.023,
      "Y": 927.6318,
      "Z": -11.4850817,
      "Type": "None",
      "Action": ""
    },
    {
      "X": 4200.732,
      "Y": 924.408569,
      "Z": -11.2282715,
      "Type": "None",
      "Action": ""
    },
    {
      "X": 4205.444,
      "Y": 921.1672,
      "Z": -10.4978275,
      "Type": "None",
      "Action": ""
    },
    {
      "X": 4210.15527,
      "Y": 917.925842,
      "Z": -9.492426,
      "Type": "None",
      "Action": ""
    },
    {
      "X": 4214.766,
      "Y": 914.5545,
      "Z": -8.734336,
      "Type": "None",
      "Action": ""
    },
    {
      "X": 4219.26465,
      "Y": 911.219543,
      "Z": -8.368258,
      "Type": "None",
      "Action": ""
    },
    {
      "X": 4223.88574,
      "Y": 907.8626,
      "Z": -8.577088,
      "Type": "None",
      "Action": ""
    },
    {
      "X": 4228.546,
      "Y": 904.5476,
      "Z": -8.632856,
      "Type": "None",
      "Action": ""
    },
    {
      "X": 4233.2,
      "Y": 901.2367,
      "Z": -8.659478,
      "Type": "None",
      "Action": ""
    },
    {
      "X": 4237.881,
      "Y": 898.0687,
      "Z": -8.591306,
      "Type": "None",
      "Action": ""
    },
    {
      "X": 4242.88037,
      "Y": 895.585632,
      "Z": -9.108973,
      "Type": "None",
      "Action": ""
    },
    {
      "X": 4251.255,
      "Y": 896.5628,
      "Z": -10.5098028,
      "Type": "None",
      "Action": ""
    },
    {
      "X": 4259.40137,
      "Y": 898.6097,
      "Z": -12.8781509,
      "Type": "None",
      "Action": ""
    },
    {
      "X": 4267.4917,
      "Y": 900.8705,
      "Z": -14.7468061,
      "Type": "None",
      "Action": ""
    },
    {
      "X": 4275.885,
      "Y": 903.292969,
      "Z": -14.7440033,
      "Type": "None",
      "Action": ""
    },
    {
      "X": 4283.633,
      "Y": 905.5291,
      "Z": -14.9686346,
      "Type": "None",
      "Action": ""
    },
    {
      "X": 4292.091,
      "Y": 907.795532,
      "Z": -15.0721979,
      "Type": "None",
      "Action": ""
    },
    {
      "X": 4298.636,
      "Y": 908.600464,
      "Z": -15.4343987,
      "Type": "None",
      "Action": ""
    },
    {
      "X": 4306.309,
      "Y": 909.305542,
      "Z": -15.5114136,
      "Type": "None",
      "Action": ""
    },
    {
      "X": 4311.7915,
      "Y": 909.013062,
      "Z": -15.6853485,
      "Type": "None",
      "Action": ""
    },
    {
      "X": 4315.616,
      "Y": 904.0361,
      "Z": -14.7535543,
      "Type": "None",
      "Action": ""
    },
    {
      "X": 4317.91,
      "Y": 898.553955,
      "Z": -13.71243,
      "Type": "None",
      "Action": ""
    },
    {
      "X": 4320.74,
      "Y": 891.752258,
      "Z": -13.07314,
      "Type": "None",
      "Action": ""
    },
    {
      "X": 4322.65869,
      "Y": 885.7533,
      "Z": -14.6391506,
      "Type": "None",
      "Action": ""
    },
    {
      "X": 4322.337,
      "Y": 878.837341,
      "Z": -16.0501919,
      "Type": "None",
      "Action": ""
    },
    {
      "X": 4319.94727,
      "Y": 873.7819,
      "Z": -16.030304,
      "Type": "None",
      "Action": ""
    },
    {
      "X": 4314.53857,
      "Y": 867.4512,
      "Z": -15.4443932,
      "Type": "None",
      "Action": ""
    },
    {
      "X": 4307.184,
      "Y": 862.7954,
      "Z": -14.89437,
      "Type": "None",
      "Action": ""
    },
    {
      "X": 4302.548,
      "Y": 860.303955,
      "Z": -14.67248,
      "Type": "None",
      "Action": ""
    },
    {
      "X": 4294.471,
      "Y": 856.9749,
      "Z": -13.4833651,
      "Type": "None",
      "Action": ""
    },
    {
      "X": 4286.844,
      "Y": 853.461243,
      "Z": -11.149642,
      "Type": "None",
      "Action": ""
    },
    {
      "X": 4279.47461,
      "Y": 849.444,
      "Z": -7.773011,
      "Type": "None",
      "Action": ""
    },
    {
      "X": 4275.227,
      "Y": 846.360535,
      "Z": -5.9442687,
      "Type": "None",
      "Action": ""
    },
    {
      "X": 4271.43,
      "Y": 842.756958,
      "Z": -4.55140734,
      "Type": "None",
      "Action": ""
    },
    {
      "X": 4265.94775,
      "Y": 836.3934,
      "Z": -3.516701,
      "Type": "None",
      "Action": ""
    },
    {
      "X": 4262.271,
      "Y": 831.751038,
      "Z": -3.99867821,
      "Type": "None",
      "Action": ""
    },
    {
      "X": 4257.256,
      "Y": 825.0141,
      "Z": -6.036727,
      "Type": "None",
      "Action": ""
    },
    {
      "X": 4252.337,
      "Y": 817.769348,
      "Z": -7.97894144,
      "Type": "None",
      "Action": ""
    },
    {
      "X": 4247.86426,
      "Y": 810.659241,
      "Z": -9.426501,
      "Type": "None",
      "Action": ""
    },
    {
      "X": 4243.606,
      "Y": 803.4197,
      "Z": -12.3440657,
      "Type": "None",
      "Action": ""
    },
    {
      "X": 4240.72363,
      "Y": 798.24646,
      "Z": -14.572298,
      "Type": "None",
      "Action": ""
    },
    {
      "X": 4236.983,
      "Y": 791.5323,
      "Z": -16.7884159,
      "Type": "None",
      "Action": ""
    },
    {
      "X": 4232.72,
      "Y": 783.882568,
      "Z": -19.0785751,
      "Type": "None",
      "Action": ""
    },
    {
      "X": 4228.67529,
      "Y": 776.157349,
      "Z": -20.6334724,
      "Type": "None",
      "Action": ""
    },
    {
      "X": 4223.67969,
      "Y": 770.1099,
      "Z": -21.2582664,
      "Type": "None",
      "Action": ""
    },
    {
      "X": 4220.132,
      "Y": 764.20636,
      "Z": -21.52937,
      "Type": "None",
      "Action": ""
    },
    {
      "X": 4225.10645,
      "Y": 741.5757,
      "Z": -24.9450054,
      "Type": "None",
      "Action": ""
    },
    {
      "X": 4246.308,
      "Y": 736.5139,
      "Z": -26.3032722,
      "Type": "None",
      "Action": ""
    },
    {
      "X": 4248.74,
      "Y": 748.879,
      "Z": -24.5299,
      "Type": "None",
      "Action": ""
    }
  ],
  "OffMeshConnections": [
    {
      "Path": [
        {
          "X": 4131.27441,
          "Y": 867.2002,
          "Z": 8.344726,
          "Type": "None",
          "Action": ""
        },
        {
          "X": 4140.39551,
          "Y": 877.032959,
          "Z": -19.4335518,
          "Type": "Swimming",
          "Action": ""
        }
      ],
      "ContinentId": 48,
      "Type": 0,
      "TryToUseEvenIfCanFindPathSuccess": true,
      "Name": ""
    },
    {
      "Path": [
        {
          "X": -151.89,
          "Y": 106.96,
          "Z": -39.87,
          "Type": "None",
          "Action": ""
        }
      ],
      "ContinentId": 48,
      "Type": 0,
      "TryToUseEvenIfCanFindPathSuccess": true,
      "Name": ""
    }
  ]
}