{
  "StepModels": [
    {
      "$type": "WholesomeDungeonCrawler.Models.MoveAlongPathModel, WholesomeDungeonCrawler",
      "Path": [
        {
          "X": 855.683,
          "Y": 1321.5,
          "Z": 18.6709,
          "Type": "None",
          "Action": ""
        },
        {
          "X": 861.4138,
          "Y": 1321.61316,
          "Z": 18.6751385,
          "Type": "None",
          "Action": ""
        },
        {
          "X": 867.216858,
          "Y": 1321.89709,
          "Z": 18.006115,
          "Type": "None",
          "Action": ""
        },
        {
          "X": 870.5453,
          "Y": 1326.68762,
          "Z": 18.006115,
          "Type": "None",
          "Action": ""
        },
        {
          "X": 870.8305,
          "Y": 1332.37842,
          "Z": 18.006115,
          "Type": "None",
          "Action": ""
        },
        {
          "X": 870.9331,
          "Y": 1338.102,
          "Z": 18.006115,
          "Type": "None",
          "Action": ""
        },
        {
          "X": 870.8762,
          "Y": 1343.73682,
          "Z": 18.006115,
          "Type": "None",
          "Action": ""
        },
        {
          "X": 870.799133,
          "Y": 1349.4342,
          "Z": 18.006115,
          "Type": "None",
          "Action": ""
        },
        {
          "X": 870.721558,
          "Y": 1355.16675,
          "Z": 18.006115,
          "Type": "None",
          "Action": ""
        },
        {
          "X": 870.645142,
          "Y": 1360.81519,
          "Z": 18.006115,
          "Type": "None",
          "Action": ""
        },
        {
          "X": 870.5677,
          "Y": 1366.54065,
          "Z": 18.006115,
          "Type": "None",
          "Action": ""
        },
        {
          "X": 870.49176,
          "Y": 1372.15417,
          "Z": 18.006115,
          "Type": "None",
          "Action": ""
        },
        {
          "X": 870.4145,
          "Y": 1377.8656,
          "Z": 18.006115,
          "Type": "None",
          "Action": ""
        },
        {
          "X": 870.3369,
          "Y": 1383.59814,
          "Z": 18.006115,
          "Type": "None",
          "Action": ""
        },
        {
          "X": 870.2624,
          "Y": 1389.25354,
          "Z": 18.006115,
          "Type": "None",
          "Action": ""
        },
        {
          "X": 870.306763,
          "Y": 1394.97229,
          "Z": 18.006115,
          "Type": "None",
          "Action": ""
        },
        {
          "X": 874.8463,
          "Y": 1398.78674,
          "Z": 18.006115,
          "Type": "None",
          "Action": ""
        },
        {
          "X": 880.4871,
          "Y": 1398.90759,
          "Z": 18.6764545,
          "Type": "None",
          "Action": ""
        },
        {
          "X": 886.232849,
          "Y": 1399.0304,
          "Z": 18.6764774,
          "Type": "None",
          "Action": ""
        },
        {
          "X": 891.572632,
          "Y": 1399.14465,
          "Z": 18.6764774,
          "Type": "None",
          "Action": ""
        },
        {
          "X": 897.2553,
          "Y": 1399.26624,
          "Z": 18.57884,
          "Type": "None",
          "Action": ""
        },
        {
          "X": 903.0076,
          "Y": 1399.38928,
          "Z": 18.0233269,
          "Type": "None",
          "Action": ""
        },
        {
          "X": 908.63446,
          "Y": 1399.50012,
          "Z": 18.0233269,
          "Type": "None",
          "Action": ""
        },
        {
          "X": 911.186462,
          "Y": 1393.9834,
          "Z": 18.0233269,
          "Type": "None",
          "Action": ""
        },
        {
          "X": 912.076355,
          "Y": 1388.31335,
          "Z": 18.0233269,
          "Type": "None",
          "Action": ""
        },
        {
          "X": 913.7402,
          "Y": 1383.00928,
          "Z": 18.02054,
          "Type": "None",
          "Action": ""
        },
        {
          "X": 918.0676,
          "Y": 1379.49158,
          "Z": 18.0061455,
          "Type": "None",
          "Action": ""
        },
        {
          "X": 923.7876,
          "Y": 1379.668,
          "Z": 18.02203,
          "Type": "None",
          "Action": ""
        },
        {
          "X": 929.4376,
          "Y": 1380.11011,
          "Z": 18.02203,
          "Type": "None",
          "Action": ""
        },
        {
          "X": 935.1699,
          "Y": 1380.03381,
          "Z": 18.02203,
          "Type": "None",
          "Action": ""
        },
        {
          "X": 940.805054,
          "Y": 1380.19055,
          "Z": 18.02203,
          "Type": "None",
          "Action": ""
        },
        {
          "X": 946.4972,
          "Y": 1380.82129,
          "Z": 18.02203,
          "Type": "None",
          "Action": ""
        },
        {
          "X": 952.089233,
          "Y": 1380.92114,
          "Z": 18.02203,
          "Type": "None",
          "Action": ""
        },
        {
          "X": 957.8432,
          "Y": 1380.92249,
          "Z": 18.02203,
          "Type": "None",
          "Action": ""
        },
        {
          "X": 963.562134,
          "Y": 1380.88782,
          "Z": 18.6779251,
          "Type": "None",
          "Action": ""
        },
        {
          "X": 969.2025,
          "Y": 1380.76563,
          "Z": 19.2484818,
          "Type": "None",
          "Action": ""
        },
        {
          "X": 974.884766,
          "Y": 1380.62659,
          "Z": 22.0125542,
          "Type": "None",
          "Action": ""
        },
        {
          "X": 980.509644,
          "Y": 1380.33557,
          "Z": 24.2954178,
          "Type": "None",
          "Action": ""
        },
        {
          "X": 985.211853,
          "Y": 1377.89893,
          "Z": 24.2954178,
          "Type": "None",
          "Action": ""
        },
        {
          "X": 986.3685,
          "Y": 1372.31409,
          "Z": 26.3425179,
          "Type": "None",
          "Action": ""
        },
        {
          "X": 988.9287,
          "Y": 1367.59119,
          "Z": 27.298563,
          "Type": "None",
          "Action": ""
        },
        {
          "X": 994.5389,
          "Y": 1367.722,
          "Z": 27.2995148,
          "Type": "None",
          "Action": ""
        },
        {
          "X": 1000.156,
          "Y": 1367.55884,
          "Z": 27.8370075,
          "Type": "None",
          "Action": ""
        },
        {
          "X": 1005.89594,
          "Y": 1367.563,
          "Z": 27.83723,
          "Type": "None",
          "Action": ""
        },
        {
          "X": 1011.6142,
          "Y": 1367.844,
          "Z": 27.3120079,
          "Type": "None",
          "Action": ""
        },
        {
          "X": 1016.71588,
          "Y": 1369.98816,
          "Z": 27.3120079,
          "Type": "None",
          "Action": ""
        },
        {
          "X": 1021.10211,
          "Y": 1373.52356,
          "Z": 27.3120079,
          "Type": "None",
          "Action": ""
        },
        {
          "X": 1023.838,
          "Y": 1378.55078,
          "Z": 27.31061,
          "Type": "None",
          "Action": ""
        },
        {
          "X": 1026.349,
          "Y": 1383.59509,
          "Z": 27.31061,
          "Type": "None",
          "Action": ""
        },
        {
          "X": 1029.316,
          "Y": 1388.45215,
          "Z": 27.31061,
          "Type": "None",
          "Action": ""
        },
        {
          "X": 1033.695,
          "Y": 1391.69214,
          "Z": 27.31061,
          "Type": "None",
          "Action": ""
        },
        {
          "X": 1039.50513,
          "Y": 1390.85388,
          "Z": 27.306324,
          "Type": "None",
          "Action": ""
        },
        {
          "X": 1045.06836,
          "Y": 1390.28735,
          "Z": 27.3034153,
          "Type": "None",
          "Action": ""
        },
        {
          "X": 1050.75513,
          "Y": 1389.56067,
          "Z": 27.3005867,
          "Type": "None",
          "Action": ""
        },
        {
          "X": 1056.16113,
          "Y": 1390.71155,
          "Z": 27.29917,
          "Type": "None",
          "Action": ""
        },
        {
          "X": 1058.01672,
          "Y": 1395.86133,
          "Z": 27.7199345,
          "Type": "None",
          "Action": ""
        },
        {
          "X": 1058.902,
          "Y": 1401.46619,
          "Z": 28.07191,
          "Type": "None",
          "Action": ""
        },
        {
          "X": 1063.85754,
          "Y": 1399.805,
          "Z": 30.3489952,
          "Type": "None",
          "Action": ""
        }
      ],
      "Name": "Go to Door",
      "Order": 0,
      "CompleteCondition": null
    },
    {
      "$type": "WholesomeDungeonCrawler.Models.InteractWithModel, WholesomeDungeonCrawler",
      "ObjectId": 104591,
      "ExpectedPosition": {
        "X": 1069.95,
        "Y": 1399.14,
        "Z": 30.7956,
        "Type": "None",
        "Action": ""
      },
      "StrictPosition": false,
      "FindClosest": true,
      "Name": "Open Door",
      "Order": 1,
      "CompleteCondition": {
        "HasCompleteCondition": true,
        "ConditionType": 2,
        "GameObjectId": 104591,
        "InitialFlags": 32,
        "ItemId": 0,
        "CSharpCondition": null,
        "DeadMobId": 0,
        "MobPositionId": 0,
        "MobId": 0,
        "MobPositionVector": null,
        "LOSPositionVector": null,
        "WaitTime": 0
      }
    },
    {
      "$type": "WholesomeDungeonCrawler.Models.MoveAlongPathModel, WholesomeDungeonCrawler",
      "Path": [
        {
          "X": 1071.16235,
          "Y": 1399.3866,
          "Z": 30.7636147,
          "Type": "None",
          "Action": ""
        },
        {
          "X": 1076.93579,
          "Y": 1393.7179,
          "Z": 30.28902,
          "Type": "None",
          "Action": ""
        },
        {
          "X": 1079.72168,
          "Y": 1385.7251,
          "Z": 30.2984867,
          "Type": "None",
          "Action": ""
        },
        {
          "X": 1080.51807,
          "Y": 1377.4176,
          "Z": 30.30505,
          "Type": "None",
          "Action": ""
        },
        {
          "X": 1088.63733,
          "Y": 1376.8717,
          "Z": 30.3054466,
          "Type": "None",
          "Action": ""
        },
        {
          "X": 1085.1344,
          "Y": 1384.32178,
          "Z": 30.3040428,
          "Type": "None",
          "Action": ""
        },
        {
          "X": 1081.65381,
          "Y": 1392.0697,
          "Z": 30.30021,
          "Type": "None",
          "Action": ""
        },
        {
          "X": 1079.48889,
          "Y": 1400.27991,
          "Z": 30.3027611,
          "Type": "None",
          "Action": ""
        },
        {
          "X": 1078.90247,
          "Y": 1408.76843,
          "Z": 30.29886,
          "Type": "None",
          "Action": ""
        },
        {
          "X": 1081.86584,
          "Y": 1416.73169,
          "Z": 30.3002052,
          "Type": "None",
          "Action": ""
        },
        {
          "X": 1089.224,
          "Y": 1420.74463,
          "Z": 30.3050671,
          "Type": "None",
          "Action": ""
        },
        {
          "X": 1097.19653,
          "Y": 1419.50012,
          "Z": 30.3056011,
          "Type": "None",
          "Action": ""
        },
        {
          "X": 1097.02539,
          "Y": 1411.14441,
          "Z": 30.29929,
          "Type": "None",
          "Action": ""
        },
        {
          "X": 1095.5929,
          "Y": 1402.77515,
          "Z": 30.30573,
          "Type": "None",
          "Action": ""
        },
        {
          "X": 1094.7738,
          "Y": 1394.1908,
          "Z": 30.30573,
          "Type": "None",
          "Action": ""
        },
        {
          "X": 1095.76147,
          "Y": 1385.71667,
          "Z": 30.2998466,
          "Type": "None",
          "Action": ""
        },
        {
          "X": 1099.3114,
          "Y": 1378.32153,
          "Z": 30.30536,
          "Type": "None",
          "Action": ""
        },
        {
          "X": 1107.447,
          "Y": 1376.85913,
          "Z": 30.3058872,
          "Type": "None",
          "Action": ""
        },
        {
          "X": 1105.54846,
          "Y": 1385.42273,
          "Z": 30.2999535,
          "Type": "None",
          "Action": ""
        },
        {
          "X": 1104.42383,
          "Y": 1393.83569,
          "Z": 30.3061314,
          "Type": "None",
          "Action": ""
        },
        {
          "X": 1103.86377,
          "Y": 1402.35034,
          "Z": 30.3061314,
          "Type": "None",
          "Action": ""
        },
        {
          "X": 1103.87073,
          "Y": 1410.82178,
          "Z": 30.3002338,
          "Type": "None",
          "Action": ""
        },
        {
          "X": 1108.68323,
          "Y": 1417.261,
          "Z": 30.3058434,
          "Type": "None",
          "Action": ""
        },
        {
          "X": 1116.91675,
          "Y": 1418.91357,
          "Z": 30.30587,
          "Type": "None",
          "Action": ""
        },
        {
          "X": 1117.274,
          "Y": 1410.11755,
          "Z": 30.2994118,
          "Type": "None",
          "Action": ""
        },
        {
          "X": 1115.18213,
          "Y": 1401.8457,
          "Z": 30.306406,
          "Type": "None",
          "Action": ""
        },
        {
          "X": 1114.1571,
          "Y": 1393.23376,
          "Z": 30.306406,
          "Type": "None",
          "Action": ""
        },
        {
          "X": 1116.35962,
          "Y": 1385.13745,
          "Z": 30.300375,
          "Type": "None",
          "Action": ""
        },
        {
          "X": 1122.51721,
          "Y": 1379.49927,
          "Z": 30.3037415,
          "Type": "None",
          "Action": ""
        },
        {
          "X": 1130.67078,
          "Y": 1377.142,
          "Z": 30.3063774,
          "Type": "None",
          "Action": ""
        },
        {
          "X": 1134.75684,
          "Y": 1369.60034,
          "Z": 30.3067532,
          "Type": "None",
          "Action": ""
        },
        {
          "X": 1134.9043,
          "Y": 1361.06311,
          "Z": 30.3067532,
          "Type": "None",
          "Action": ""
        },
        {
          "X": 1135.51392,
          "Y": 1352.49756,
          "Z": 30.3067532,
          "Type": "None",
          "Action": ""
        },
        {
          "X": 1137.107,
          "Y": 1344.22144,
          "Z": 30.3038559,
          "Type": "None",
          "Action": ""
        },
        {
          "X": 1144.24377,
          "Y": 1340.23535,
          "Z": 30.3024445,
          "Type": "None",
          "Action": ""
        },
        {
          "X": 1152.76282,
          "Y": 1340.33411,
          "Z": 30.3050423,
          "Type": "None",
          "Action": ""
        },
        {
          "X": 1161.21729,
          "Y": 1341.022,
          "Z": 30.6633358,
          "Type": "None",
          "Action": ""
        }
      ],
      "Name": "Cathedral First Half",
      "Order": 3,
      "CompleteCondition": {
        "HasCompleteCondition": false,
        "ConditionType": 0,
        "GameObjectId": 0,
        "InitialFlags": 0,
        "ItemId": 0,
        "CSharpCondition": null,
        "DeadMobId": 0,
        "MobPositionId": 0,
        "MobId": 0,
        "MobPositionVector": null,
        "LOSPositionVector": null,
        "WaitTime": 0
      }
    },
    {
      "$type": "WholesomeDungeonCrawler.Models.InteractWithModel, WholesomeDungeonCrawler",
      "ObjectId": 97701,
      "ExpectedPosition": {
        "X": 1169.03,
        "Y": 1345.63,
        "Z": 33.0456,
        "Type": "None",
        "Action": ""
      },
      "StrictPosition": false,
      "FindClosest": false,
      "Name": "Secret Lever",
      "Order": 4,
      "CompleteCondition": {
        "HasCompleteCondition": true,
        "ConditionType": 2,
        "GameObjectId": 97701,
        "InitialFlags": 32,
        "ItemId": 0,
        "CSharpCondition": null,
        "DeadMobId": 0,
        "MobPositionId": 0,
        "MobId": 0,
        "MobPositionVector": null,
        "LOSPositionVector": null,
        "WaitTime": 0
      }
    },
    {
      "$type": "WholesomeDungeonCrawler.Models.MoveAlongPathModel, WholesomeDungeonCrawler",
      "Path": [
        {
          "X": 1166.60461,
          "Y": 1343.38049,
          "Z": 31.54968,
          "Type": "None",
          "Action": ""
        },
        {
          "X": 1167.25537,
          "Y": 1351.98279,
          "Z": 31.54968,
          "Type": "None",
          "Action": ""
        },
        {
          "X": 1158.81274,
          "Y": 1355.157,
          "Z": 30.306303,
          "Type": "None",
          "Action": ""
        },
        {
          "X": 1166.989,
          "Y": 1352.24939,
          "Z": 31.5494366,
          "Type": "None",
          "Action": ""
        },
        {
          "X": 1164.95935,
          "Y": 1343.80811,
          "Z": 31.5494366,
          "Type": "None",
          "Action": ""
        },
        {
          "X": 1156.6969,
          "Y": 1341.67871,
          "Z": 30.3057518,
          "Type": "None",
          "Action": ""
        },
        {
          "X": 1148.286,
          "Y": 1340.93848,
          "Z": 30.30434,
          "Type": "None",
          "Action": ""
        },
        {
          "X": 1140.41162,
          "Y": 1344.20728,
          "Z": 30.30434,
          "Type": "None",
          "Action": ""
        },
        {
          "X": 1134.7561,
          "Y": 1350.23083,
          "Z": 30.30434,
          "Type": "None",
          "Action": ""
        },
        {
          "X": 1132.7948,
          "Y": 1358.59924,
          "Z": 30.30588,
          "Type": "None",
          "Action": ""
        },
        {
          "X": 1132.38159,
          "Y": 1367.1145,
          "Z": 30.3060513,
          "Type": "None",
          "Action": ""
        },
        {
          "X": 1130.38635,
          "Y": 1375.12622,
          "Z": 30.30701,
          "Type": "None",
          "Action": ""
        },
        {
          "X": 1124.38708,
          "Y": 1381.25,
          "Z": 30.30566,
          "Type": "None",
          "Action": ""
        },
        {
          "X": 1121.06287,
          "Y": 1389.06934,
          "Z": 30.2994251,
          "Type": "None",
          "Action": ""
        },
        {
          "X": 1119.98425,
          "Y": 1397.47534,
          "Z": 30.3065,
          "Type": "None",
          "Action": ""
        },
        {
          "X": 1120.25732,
          "Y": 1405.99365,
          "Z": 30.30352,
          "Type": "None",
          "Action": ""
        },
        {
          "X": 1123.27246,
          "Y": 1413.89758,
          "Z": 30.3032,
          "Type": "None",
          "Action": ""
        },
        {
          "X": 1128.3302,
          "Y": 1420.95129,
          "Z": 30.3062229,
          "Type": "None",
          "Action": ""
        },
        {
          "X": 1132.87708,
          "Y": 1427.94958,
          "Z": 30.30572,
          "Type": "None",
          "Action": ""
        },
        {
          "X": 1133.4917,
          "Y": 1436.39185,
          "Z": 30.3061638,
          "Type": "None",
          "Action": ""
        },
        {
          "X": 1134.18774,
          "Y": 1444.89661,
          "Z": 30.3061638,
          "Type": "None",
          "Action": ""
        },
        {
          "X": 1137.509,
          "Y": 1452.66321,
          "Z": 30.3033733,
          "Type": "None",
          "Action": ""
        },
        {
          "X": 1144.23975,
          "Y": 1457.28589,
          "Z": 30.3019829,
          "Type": "None",
          "Action": ""
        },
        {
          "X": 1152.8606,
          "Y": 1457.7522,
          "Z": 30.30418,
          "Type": "None",
          "Action": ""
        },
        {
          "X": 1161.35779,
          "Y": 1457.62744,
          "Z": 30.7152119,
          "Type": "None",
          "Action": ""
        },
        {
          "X": 1152.16919,
          "Y": 1456.10327,
          "Z": 30.3048668,
          "Type": "None",
          "Action": ""
        },
        {
          "X": 1146.35693,
          "Y": 1450.03906,
          "Z": 30.30658,
          "Type": "None",
          "Action": ""
        },
        {
          "X": 1148.33008,
          "Y": 1442.00757,
          "Z": 30.30674,
          "Type": "None",
          "Action": ""
        },
        {
          "X": 1155.99316,
          "Y": 1438.99487,
          "Z": 30.3053436,
          "Type": "None",
          "Action": ""
        },
        {
          "X": 1164.14124,
          "Y": 1438.54382,
          "Z": 31.5486259,
          "Type": "None",
          "Action": ""
        },
        {
          "X": 1155.45215,
          "Y": 1438.94788,
          "Z": 30.30482,
          "Type": "None",
          "Action": ""
        },
        {
          "X": 1146.9668,
          "Y": 1439.14563,
          "Z": 30.305069,
          "Type": "None",
          "Action": ""
        },
        {
          "X": 1138.557,
          "Y": 1437.97485,
          "Z": 30.3065033,
          "Type": "None",
          "Action": ""
        },
        {
          "X": 1130.75525,
          "Y": 1434.66736,
          "Z": 30.3065033,
          "Type": "None",
          "Action": ""
        },
        {
          "X": 1133.78577,
          "Y": 1427.108,
          "Z": 30.3060646,
          "Type": "None",
          "Action": ""
        },
        {
          "X": 1135.41541,
          "Y": 1418.6626,
          "Z": 30.3062973,
          "Type": "None",
          "Action": ""
        },
        {
          "X": 1135.76428,
          "Y": 1410.18372,
          "Z": 30.3062973,
          "Type": "None",
          "Action": ""
        },
        {
          "X": 1134.946,
          "Y": 1401.76038,
          "Z": 30.30634,
          "Type": "None",
          "Action": ""
        },
        {
          "X": 1135.32617,
          "Y": 1393.41187,
          "Z": 30.3063469,
          "Type": "None",
          "Action": ""
        },
        {
          "X": 1143.287,
          "Y": 1395.94678,
          "Z": 31.52814,
          "Type": "None",
          "Action": ""
        },
        {
          "X": 1151.92957,
          "Y": 1396.1936,
          "Z": 32.5281,
          "Type": "None",
          "Action": ""
        },
        {
          "X": 1159.61829,
          "Y": 1393.81,
          "Z": 32.2503738,
          "Type": "None",
          "Action": ""
        },
        {
          "X": 1167.46716,
          "Y": 1397.01318,
          "Z": 31.9723816,
          "Type": "None",
          "Action": ""
        },
        {
          "X": 1175.87183,
          "Y": 1398.40552,
          "Z": 31.9723816,
          "Type": "None",
          "Action": ""
        },
        {
          "X": 1184.40076,
          "Y": 1398.54187,
          "Z": 30.5796947,
          "Type": "None",
          "Action": ""
        },
        {
          "X": 1192.96155,
          "Y": 1398.92029,
          "Z": 29.0099964,
          "Type": "None",
          "Action": ""
        },
        {
          "X": 1201.53381,
          "Y": 1399.09265,
          "Z": 29.0099964,
          "Type": "None",
          "Action": ""
        }
      ],
      "Name": "Cathedral Second Half",
      "Order": 5,
      "CompleteCondition": {
        "HasCompleteCondition": false,
        "ConditionType": 0,
        "GameObjectId": 0,
        "InitialFlags": 0,
        "ItemId": 0,
        "CSharpCondition": null,
        "DeadMobId": 0,
        "MobPositionId": 0,
        "MobId": 0,
        "MobPositionVector": null,
        "LOSPositionVector": null,
        "WaitTime": 0
      }
    }
  ],
  "MapId": 189,
  "Name": "SM Cath_Horde",
  "Faction": 1,
  "DeathRunPath": [
    {
      "X": 2601.56982,
      "Y": -545.045166,
      "Z": 88.9996,
      "Type": "None",
      "Action": ""
    },
    {
      "X": 2600.5957,
      "Y": -550.565857,
      "Z": 88.9996,
      "Type": "None",
      "Action": ""
    },
    {
      "X": 2599.26929,
      "Y": -556.689941,
      "Z": 88.9996,
      "Type": "None",
      "Action": ""
    },
    {
      "X": 2598.823,
      "Y": -563.153,
      "Z": 89.285,
      "Type": "None",
      "Action": ""
    },
    {
      "X": 2598.50928,
      "Y": -569.5759,
      "Z": 93.05219,
      "Type": "None",
      "Action": ""
    },
    {
      "X": 2598.17529,
      "Y": -575.785034,
      "Z": 95.8099747,
      "Type": "None",
      "Action": ""
    },
    {
      "X": 2601.14038,
      "Y": -581.142334,
      "Z": 95.33097,
      "Type": "None",
      "Action": ""
    },
    {
      "X": 2605.89233,
      "Y": -585.277832,
      "Z": 97.18437,
      "Type": "None",
      "Action": ""
    },
    {
      "X": 2610.69946,
      "Y": -589.5933,
      "Z": 99.0722046,
      "Type": "None",
      "Action": ""
    },
    {
      "X": 2614.68164,
      "Y": -594.475,
      "Z": 100.75856,
      "Type": "None",
      "Action": ""
    },
    {
      "X": 2618.75537,
      "Y": -599.501343,
      "Z": 102.261314,
      "Type": "None",
      "Action": ""
    },
    {
      "X": 2622.72217,
      "Y": -604.3956,
      "Z": 103.177322,
      "Type": "None",
      "Action": ""
    },
    {
      "X": 2626.795,
      "Y": -609.4205,
      "Z": 104.25235,
      "Type": "None",
      "Action": ""
    },
    {
      "X": 2630.76172,
      "Y": -614.314758,
      "Z": 105.1714,
      "Type": "None",
      "Action": ""
    },
    {
      "X": 2634.84082,
      "Y": -619.3478,
      "Z": 106.062119,
      "Type": "None",
      "Action": ""
    },
    {
      "X": 2638.802,
      "Y": -624.235046,
      "Z": 106.418747,
      "Type": "None",
      "Action": ""
    },
    {
      "X": 2642.87476,
      "Y": -629.2599,
      "Z": 107.097641,
      "Type": "None",
      "Action": ""
    },
    {
      "X": 2646.95386,
      "Y": -634.292847,
      "Z": 107.526985,
      "Type": "None",
      "Action": ""
    },
    {
      "X": 2650.92749,
      "Y": -639.1953,
      "Z": 108.297684,
      "Type": "None",
      "Action": ""
    },
    {
      "X": 2654.99341,
      "Y": -644.212,
      "Z": 108.938,
      "Type": "None",
      "Action": ""
    },
    {
      "X": 2658.9668,
      "Y": -649.114441,
      "Z": 109.671341,
      "Type": "None",
      "Action": ""
    },
    {
      "X": 2663.03931,
      "Y": -654.1393,
      "Z": 110.698822,
      "Type": "None",
      "Action": ""
    },
    {
      "X": 2667.96045,
      "Y": -658.3454,
      "Z": 111.684578,
      "Type": "None",
      "Action": ""
    },
    {
      "X": 2673.02686,
      "Y": -662.060669,
      "Z": 112.1441,
      "Type": "None",
      "Action": ""
    },
    {
      "X": 2678.587,
      "Y": -665.3653,
      "Z": 113.5259,
      "Type": "None",
      "Action": ""
    },
    {
      "X": 2684.00269,
      "Y": -668.5841,
      "Z": 114.108131,
      "Type": "None",
      "Action": ""
    },
    {
      "X": 2689.83472,
      "Y": -671.3366,
      "Z": 114.77282,
      "Type": "None",
      "Action": ""
    },
    {
      "X": 2695.892,
      "Y": -673.0664,
      "Z": 115.958527,
      "Type": "None",
      "Action": ""
    },
    {
      "X": 2702.139,
      "Y": -674.7404,
      "Z": 116.975311,
      "Type": "None",
      "Action": ""
    },
    {
      "X": 2708.435,
      "Y": -676.266663,
      "Z": 118.236206,
      "Type": "None",
      "Action": ""
    },
    {
      "X": 2714.55762,
      "Y": -677.750854,
      "Z": 120.870575,
      "Type": "None",
      "Action": ""
    },
    {
      "X": 2720.84351,
      "Y": -679.2746,
      "Z": 121.402367,
      "Type": "None",
      "Action": ""
    },
    {
      "X": 2726.96631,
      "Y": -680.7588,
      "Z": 121.290871,
      "Type": "None",
      "Action": ""
    },
    {
      "X": 2733.26245,
      "Y": -682.285034,
      "Z": 122.468956,
      "Type": "None",
      "Action": ""
    },
    {
      "X": 2739.39526,
      "Y": -683.7717,
      "Z": 123.484619,
      "Type": "None",
      "Action": ""
    },
    {
      "X": 2745.89526,
      "Y": -685.092041,
      "Z": 125.302536,
      "Type": "None",
      "Action": ""
    },
    {
      "X": 2752.11548,
      "Y": -686.0913,
      "Z": 126.563522,
      "Type": "None",
      "Action": ""
    },
    {
      "X": 2758.67529,
      "Y": -687.1451,
      "Z": 127.666641,
      "Type": "None",
      "Action": ""
    },
    {
      "X": 2764.72974,
      "Y": -688.117737,
      "Z": 128.728622,
      "Type": "None",
      "Action": ""
    },
    {
      "X": 2771.116,
      "Y": -689.1436,
      "Z": 129.558929,
      "Type": "None",
      "Action": ""
    },
    {
      "X": 2777.49658,
      "Y": -690.1687,
      "Z": 130.121155,
      "Type": "None",
      "Action": ""
    },
    {
      "X": 2783.717,
      "Y": -691.167969,
      "Z": 131.029,
      "Type": "None",
      "Action": ""
    },
    {
      "X": 2790.103,
      "Y": -692.193848,
      "Z": 132.37056,
      "Type": "None",
      "Action": ""
    },
    {
      "X": 2796.32446,
      "Y": -693.1933,
      "Z": 133.513626,
      "Type": "None",
      "Action": ""
    },
    {
      "X": 2802.71069,
      "Y": -694.2192,
      "Z": 134.724655,
      "Type": "None",
      "Action": ""
    },
    {
      "X": 2808.931,
      "Y": -695.218445,
      "Z": 135.798843,
      "Type": "None",
      "Action": ""
    },
    {
      "X": 2815.32739,
      "Y": -696.246033,
      "Z": 137.02182,
      "Type": "None",
      "Action": ""
    },
    {
      "X": 2821.714,
      "Y": -697.2721,
      "Z": 137.863266,
      "Type": "None",
      "Action": ""
    },
    {
      "X": 2827.7417,
      "Y": -698.069,
      "Z": 138.700516,
      "Type": "None",
      "Action": ""
    },
    {
      "X": 2833.98242,
      "Y": -695.7823,
      "Z": 139.331,
      "Type": "None",
      "Action": ""
    },
    {
      "X": 2839.89771,
      "Y": -693.6148,
      "Z": 139.331,
      "Type": "None",
      "Action": ""
    },
    {
      "X": 2844.91284,
      "Y": -695.980042,
      "Z": 139.331,
      "Type": "None",
      "Action": ""
    },
    {
      "X": 2847.267,
      "Y": -702.00415,
      "Z": 139.625214,
      "Type": "None",
      "Action": ""
    },
    {
      "X": 2849.77612,
      "Y": -707.976135,
      "Z": 142.857117,
      "Type": "None",
      "Action": ""
    },
    {
      "X": 2852.44971,
      "Y": -713.6805,
      "Z": 146.003113,
      "Type": "None",
      "Action": ""
    },
    {
      "X": 2854.98267,
      "Y": -719.6312,
      "Z": 149.233322,
      "Type": "None",
      "Action": ""
    },
    {
      "X": 2857.31323,
      "Y": -725.484253,
      "Z": 152.328262,
      "Type": "None",
      "Action": ""
    },
    {
      "X": 2859.7085,
      "Y": -731.5037,
      "Z": 155.566849,
      "Type": "None",
      "Action": ""
    },
    {
      "X": 2862.03784,
      "Y": -737.3573,
      "Z": 158.713287,
      "Type": "None",
      "Action": ""
    },
    {
      "X": 2864.429,
      "Y": -743.3783,
      "Z": 160.332275,
      "Type": "None",
      "Action": ""
    },
    {
      "X": 2866.797,
      "Y": -749.397034,
      "Z": 160.332275,
      "Type": "None",
      "Action": ""
    },
    {
      "X": 2869.178,
      "Y": -755.2291,
      "Z": 160.332275,
      "Type": "None",
      "Action": ""
    },
    {
      "X": 2871.75854,
      "Y": -761.159668,
      "Z": 160.332275,
      "Type": "None",
      "Action": ""
    },
    {
      "X": 2876.00635,
      "Y": -765.6236,
      "Z": 160.332275,
      "Type": "None",
      "Action": ""
    },
    {
      "X": 2882.20337,
      "Y": -767.5017,
      "Z": 160.332275,
      "Type": "None",
      "Action": ""
    },
    {
      "X": 2887.15942,
      "Y": -770.5662,
      "Z": 160.332275,
      "Type": "None",
      "Action": ""
    },
    {
      "X": 2898.23047,
      "Y": -796.2768,
      "Z": 160.332275,
      "Type": "None",
      "Action": ""
    },
    {
      "X": 2905.42041,
      "Y": -812.2335,
      "Z": 160.332275,
      "Type": "None",
      "Action": ""
    },
    {
      "X": 2911.258,
      "Y": -825.299255,
      "Z": 160.327454,
      "Type": "None",
      "Action": ""
    },
    {
      "X": 2914.30664,
      "Y": -823.9633,
      "Z": 160.327454,
      "Type": "None",
      "Action": ""
    },
    {
      "X": 2918.89063,
      "Y": -820.8759,
      "Z": 160.327454,
      "Type": "None",
      "Action": ""
    }
  ],
  "OffMeshConnections": []
}