{
  "StepModels": [
    {
      "$type": "WholesomeDungeonCrawler.Models.MoveAlongPathModel, WholesomeDungeonCrawler",
      "Path": [
        {
          "X": -72.87178,
          "Y": 159.696976,
          "Z": -3.4660933,
          "Type": "None",
          "Action": ""
        },
        {
          "X": -72.9476,
          "Y": 168.984116,
          "Z": -3.467498,
          "Type": "None",
          "Action": ""
        },
        {
          "X": -72.83964,
          "Y": 177.544418,
          "Z": -3.473203,
          "Type": "None",
          "Action": ""
        },
        {
          "X": -71.7043839,
          "Y": 185.9347,
          "Z": -3.47470522,
          "Type": "None",
          "Action": ""
        },
        {
          "X": -67.43347,
          "Y": 198.994171,
          "Z": -3.71045232,
          "Type": "None",
          "Action": ""
        },
        {
          "X": -70.92325,
          "Y": 206.352509,
          "Z": -4.98578644,
          "Type": "None",
          "Action": ""
        },
        {
          "X": -72.78417,
          "Y": 214.677444,
          "Z": -4.98578644,
          "Type": "None",
          "Action": ""
        },
        {
          "X": -74.85901,
          "Y": 222.910721,
          "Z": -4.98578644,
          "Type": "None",
          "Action": ""
        },
        {
          "X": -77.69715,
          "Y": 231.069,
          "Z": -4.98578644,
          "Type": "None",
          "Action": ""
        },
        {
          "X": -80.48657,
          "Y": 239.073868,
          "Z": -4.98578644,
          "Type": "None",
          "Action": ""
        },
        {
          "X": -83.0821152,
          "Y": 247.178925,
          "Z": -4.98578644,
          "Type": "None",
          "Action": ""
        },
        {
          "X": -85.29053,
          "Y": 255.508133,
          "Z": -4.98578644,
          "Type": "None",
          "Action": ""
        },
        {
          "X": -87.13238,
          "Y": 263.8269,
          "Z": -4.98578644,
          "Type": "None",
          "Action": ""
        },
        {
          "X": -87.07163,
          "Y": 272.310638,
          "Z": -4.98578644,
          "Type": "None",
          "Action": ""
        },
        {
          "X": -86.77007,
          "Y": 280.838318,
          "Z": -4.98578644,
          "Type": "None",
          "Action": ""
        },
        {
          "X": -86.54334,
          "Y": 289.291138,
          "Z": -4.98578644,
          "Type": "None",
          "Action": ""
        },
        {
          "X": -86.3427658,
          "Y": 297.800781,
          "Z": -4.98578644,
          "Type": "None",
          "Action": ""
        },
        {
          "X": -86.13699,
          "Y": 306.530853,
          "Z": -4.98578644,
          "Type": "None",
          "Action": ""
        },
        {
          "X": -85.250206,
          "Y": 314.8396,
          "Z": -4.98578644,
          "Type": "None",
          "Action": ""
        },
        {
          "X": -81.9096,
          "Y": 322.6915,
          "Z": -4.98578644,
          "Type": "None",
          "Action": ""
        },
        {
          "X": -78.51199,
          "Y": 330.4943,
          "Z": -4.98578644,
          "Type": "None",
          "Action": ""
        },
        {
          "X": -73.30233,
          "Y": 337.2579,
          "Z": -4.98578644,
          "Type": "None",
          "Action": ""
        },
        {
          "X": -56.4585,
          "Y": 341.4808,
          "Z": -4.99011469,
          "Type": "None",
          "Action": ""
        },
        {
          "X": -47.6496925,
          "Y": 341.036774,
          "Z": -4.99011469,
          "Type": "None",
          "Action": ""
        },
        {
          "X": -39.2100945,
          "Y": 341.477936,
          "Z": -4.99011469,
          "Type": "None",
          "Action": ""
        },
        {
          "X": -30.6900425,
          "Y": 341.903351,
          "Z": -4.987228,
          "Type": "None",
          "Action": ""
        },
        {
          "X": -22.1371536,
          "Y": 342.0413,
          "Z": -4.987228,
          "Type": "None",
          "Action": ""
        },
        {
          "X": -13.5772667,
          "Y": 342.179382,
          "Z": -4.987228,
          "Type": "None",
          "Action": ""
        },
        {
          "X": -4.80040741,
          "Y": 342.320953,
          "Z": -4.987228,
          "Type": "None",
          "Action": ""
        },
        {
          "X": 3.73847961,
          "Y": 342.458679,
          "Z": -4.987228,
          "Type": "None",
          "Action": ""
        },
        {
          "X": 12.27737,
          "Y": 342.596436,
          "Z": -4.987228,
          "Type": "None",
          "Action": ""
        },
        {
          "X": 12.0044727,
          "Y": 370.1553,
          "Z": -3.5946734,
          "Type": "None",
          "Action": ""
        },
        {
          "X": 13.2678938,
          "Y": 378.883423,
          "Z": -3.60263467,
          "Type": "None",
          "Action": ""
        },
        {
          "X": 13.4875946,
          "Y": 387.4836,
          "Z": -3.60263467,
          "Type": "None",
          "Action": ""
        },
        {
          "X": 13.5525885,
          "Y": 395.937225,
          "Z": -3.60402417,
          "Type": "None",
          "Action": ""
        },
        {
          "X": 13.2841282,
          "Y": 404.3959,
          "Z": -3.60402417,
          "Type": "None",
          "Action": ""
        },
        {
          "X": 12.9832335,
          "Y": 413.182739,
          "Z": -3.60402417,
          "Type": "None",
          "Action": ""
        },
        {
          "X": 12.9372435,
          "Y": 421.60965,
          "Z": -5.910496,
          "Type": "None",
          "Action": ""
        },
        {
          "X": 12.8797073,
          "Y": 428.7494,
          "Z": -9.916882,
          "Type": "None",
          "Action": ""
        },
        {
          "X": 12.8101311,
          "Y": 435.847046,
          "Z": -13.8996668,
          "Type": "None",
          "Action": ""
        },
        {
          "X": 12.0966139,
          "Y": 442.837219,
          "Z": -17.8221855,
          "Type": "None",
          "Action": ""
        },
        {
          "X": 9.797492,
          "Y": 449.639282,
          "Z": -21.63907,
          "Type": "None",
          "Action": ""
        },
        {
          "X": 7.028017,
          "Y": 457.6363,
          "Z": -23.3195286,
          "Type": "None",
          "Action": ""
        },
        {
          "X": 4.21730947,
          "Y": 465.75238,
          "Z": -23.3053455,
          "Type": "None",
          "Action": ""
        },
        {
          "X": 0.6917286,
          "Y": 473.597565,
          "Z": -23.3016415,
          "Type": "None",
          "Action": ""
        }
      ],
      "Name": "Boss - Tendris Warpwood",
      "Order": 0,
      "CompleteCondition": {
        "HasCompleteCondition": false,
        "ConditionType": 0,
        "GameObjectId": 0,
        "InitialFlags": 0,
        "ItemId": 0,
        "CSharpCondition": null,
        "DeadMobId": 0,
        "MobPositionId": 0,
        "MobId": 0,
        "MobPositionVector": null,
        "LOSPositionVector": null,
        "WaitTime": 0
      }
    },
    {
      "$type": "WholesomeDungeonCrawler.Models.MoveAlongPathModel, WholesomeDungeonCrawler",
      "Path": [
        {
          "X": 7.478843,
          "Y": 471.886719,
          "Z": -23.3016167,
          "Type": "None",
          "Action": ""
        },
        {
          "X": 11.6672192,
          "Y": 464.301544,
          "Z": -23.30637,
          "Type": "None",
          "Action": ""
        },
        {
          "X": 15.2998848,
          "Y": 456.6114,
          "Z": -23.32125,
          "Type": "None",
          "Action": ""
        },
        {
          "X": 18.2594,
          "Y": 448.612366,
          "Z": -21.0628586,
          "Type": "None",
          "Action": ""
        },
        {
          "X": 18.1367321,
          "Y": 441.482452,
          "Z": -17.061945,
          "Type": "None",
          "Action": ""
        },
        {
          "X": 18.1472473,
          "Y": 434.38446,
          "Z": -13.078928,
          "Type": "None",
          "Action": ""
        },
        {
          "X": 18.1267338,
          "Y": 427.3217,
          "Z": -9.115632,
          "Type": "None",
          "Action": ""
        },
        {
          "X": 17.93416,
          "Y": 420.170959,
          "Z": -5.103079,
          "Type": "None",
          "Action": ""
        },
        {
          "X": 17.6073055,
          "Y": 411.525146,
          "Z": -3.60490155,
          "Type": "None",
          "Action": ""
        },
        {
          "X": 17.6379,
          "Y": 403.104767,
          "Z": -3.60490155,
          "Type": "None",
          "Action": ""
        },
        {
          "X": 17.7180119,
          "Y": 394.523132,
          "Z": -3.60490155,
          "Type": "None",
          "Action": ""
        },
        {
          "X": 17.62545,
          "Y": 385.962921,
          "Z": -3.60490155,
          "Type": "None",
          "Action": ""
        },
        {
          "X": 18.0871563,
          "Y": 377.367584,
          "Z": -3.60420322,
          "Type": "None",
          "Action": ""
        },
        {
          "X": 22.2487354,
          "Y": 370.491272,
          "Z": -3.5981524,
          "Type": "None",
          "Action": ""
        },
        {
          "X": 28.9925385,
          "Y": 365.603973,
          "Z": -3.55747533,
          "Type": "None",
          "Action": ""
        },
        {
          "X": 36.4968338,
          "Y": 361.6167,
          "Z": -3.52473545,
          "Type": "None",
          "Action": ""
        },
        {
          "X": 44.36619,
          "Y": 358.1304,
          "Z": -3.49080276,
          "Type": "None",
          "Action": ""
        },
        {
          "X": 51.79511,
          "Y": 354.033,
          "Z": -4.82360268,
          "Type": "None",
          "Action": ""
        },
        {
          "X": 59.583313,
          "Y": 350.403442,
          "Z": -4.985764,
          "Type": "None",
          "Action": ""
        },
        {
          "X": 67.2065,
          "Y": 347.0109,
          "Z": -4.985764,
          "Type": "None",
          "Action": ""
        },
        {
          "X": 75.2389755,
          "Y": 343.4362,
          "Z": -4.985764,
          "Type": "None",
          "Action": ""
        },
        {
          "X": 82.78725,
          "Y": 339.6794,
          "Z": -4.985764,
          "Type": "None",
          "Action": ""
        },
        {
          "X": 90.35462,
          "Y": 335.5288,
          "Z": -4.985764,
          "Type": "None",
          "Action": ""
        },
        {
          "X": 97.06555,
          "Y": 330.430176,
          "Z": -4.985764,
          "Type": "None",
          "Action": ""
        },
        {
          "X": 101.746017,
          "Y": 323.28125,
          "Z": -4.985764,
          "Type": "None",
          "Action": ""
        },
        {
          "X": 105.545654,
          "Y": 315.782166,
          "Z": -4.985764,
          "Type": "None",
          "Action": ""
        },
        {
          "X": 107.856956,
          "Y": 307.583435,
          "Z": -4.985764,
          "Type": "None",
          "Action": ""
        },
        {
          "X": 110.129341,
          "Y": 299.2861,
          "Z": -4.985764,
          "Type": "None",
          "Action": ""
        },
        {
          "X": 112.278992,
          "Y": 290.992645,
          "Z": -4.985764,
          "Type": "None",
          "Action": ""
        },
        {
          "X": 113.649361,
          "Y": 282.61618,
          "Z": -4.985764,
          "Type": "None",
          "Action": ""
        },
        {
          "X": 114.891281,
          "Y": 273.948029,
          "Z": -4.985764,
          "Type": "None",
          "Action": ""
        },
        {
          "X": 115.990807,
          "Y": 265.54953,
          "Z": -4.985764,
          "Type": "None",
          "Action": ""
        },
        {
          "X": 115.402756,
          "Y": 256.958,
          "Z": -4.985764,
          "Type": "None",
          "Action": ""
        },
        {
          "X": 114.747124,
          "Y": 248.464279,
          "Z": -4.985764,
          "Type": "None",
          "Action": ""
        },
        {
          "X": 114.087181,
          "Y": 239.9147,
          "Z": -4.985764,
          "Type": "None",
          "Action": ""
        },
        {
          "X": 113.431015,
          "Y": 231.414,
          "Z": -4.985764,
          "Type": "None",
          "Action": ""
        },
        {
          "X": 98.41095,
          "Y": 214.720749,
          "Z": -4.985801,
          "Type": "None",
          "Action": ""
        },
        {
          "X": 90.6024246,
          "Y": 217.022827,
          "Z": -4.985801,
          "Type": "None",
          "Action": ""
        },
        {
          "X": 82.59143,
          "Y": 216.729828,
          "Z": -4.985801,
          "Type": "None",
          "Action": ""
        },
        {
          "X": 73.61312,
          "Y": 216.380112,
          "Z": -4.985801,
          "Type": "None",
          "Action": ""
        },
        {
          "X": 64.10122,
          "Y": 214.690811,
          "Z": -4.985801,
          "Type": "None",
          "Action": ""
        },
        {
          "X": 55.8904228,
          "Y": 213.057632,
          "Z": -4.985801,
          "Type": "None",
          "Action": ""
        },
        {
          "X": 47.5407333,
          "Y": 211.3968,
          "Z": -4.985801,
          "Type": "None",
          "Action": ""
        },
        {
          "X": 39.1583672,
          "Y": 209.729492,
          "Z": -4.985801,
          "Type": "None",
          "Action": ""
        },
        {
          "X": 30.99659,
          "Y": 208.106049,
          "Z": -4.985801,
          "Type": "None",
          "Action": ""
        },
        {
          "X": 22.4976521,
          "Y": 207.74588,
          "Z": -4.985801,
          "Type": "None",
          "Action": ""
        },
        {
          "X": 14.1466255,
          "Y": 207.71463,
          "Z": -4.985801,
          "Type": "None",
          "Action": ""
        },
        {
          "X": 5.57572031,
          "Y": 206.657043,
          "Z": -4.985801,
          "Type": "None",
          "Action": ""
        },
        {
          "X": -2.83874631,
          "Y": 207.502029,
          "Z": -4.985801,
          "Type": "None",
          "Action": ""
        },
        {
          "X": -6.39502573,
          "Y": 214.783615,
          "Z": -4.985801,
          "Type": "None",
          "Action": ""
        },
        {
          "X": -6.29359245,
          "Y": 223.202545,
          "Z": -4.985801,
          "Type": "None",
          "Action": ""
        },
        {
          "X": -6.02430725,
          "Y": 231.769882,
          "Z": -4.985801,
          "Type": "None",
          "Action": ""
        },
        {
          "X": -5.729376,
          "Y": 241.153152,
          "Z": -5.35048771,
          "Type": "None",
          "Action": ""
        },
        {
          "X": -5.3786087,
          "Y": 249.380936,
          "Z": -8.450198,
          "Type": "None",
          "Action": ""
        },
        {
          "X": -1.04037309,
          "Y": 256.809174,
          "Z": -8.146606,
          "Type": "None",
          "Action": ""
        },
        {
          "X": 6.1138134,
          "Y": 262.1803,
          "Z": -7.97647667,
          "Type": "None",
          "Action": ""
        },
        {
          "X": 13.8157988,
          "Y": 266.710236,
          "Z": -7.6612854,
          "Type": "None",
          "Action": ""
        },
        {
          "X": 22.1014843,
          "Y": 270.0775,
          "Z": -7.934401,
          "Type": "None",
          "Action": ""
        },
        {
          "X": 29.64834,
          "Y": 274.8403,
          "Z": -8.335271,
          "Type": "None",
          "Action": ""
        },
        {
          "X": 34.8393326,
          "Y": 282.098633,
          "Z": -8.42507,
          "Type": "None",
          "Action": ""
        },
        {
          "X": 39.1338959,
          "Y": 289.8941,
          "Z": -8.505502,
          "Type": "None",
          "Action": ""
        },
        {
          "X": 42.81284,
          "Y": 298.1281,
          "Z": -8.417441,
          "Type": "None",
          "Action": ""
        },
        {
          "X": 45.6811638,
          "Y": 306.627167,
          "Z": -8.421038,
          "Type": "None",
          "Action": ""
        },
        {
          "X": 47.830204,
          "Y": 314.246,
          "Z": -4.98510075,
          "Type": "None",
          "Action": ""
        },
        {
          "X": 48.5994377,
          "Y": 322.209534,
          "Z": -4.98510075,
          "Type": "None",
          "Action": ""
        },
        {
          "X": 48.86997,
          "Y": 331.187,
          "Z": -4.98510075,
          "Type": "None",
          "Action": ""
        },
        {
          "X": 49.1221275,
          "Y": 340.0377,
          "Z": -4.98510075,
          "Type": "None",
          "Action": ""
        },
        {
          "X": 49.4026451,
          "Y": 348.034454,
          "Z": -4.98510075,
          "Type": "None",
          "Action": ""
        },
        {
          "X": 49.6828346,
          "Y": 355.9577,
          "Z": -3.47558832,
          "Type": "None",
          "Action": ""
        },
        {
          "X": 50.48703,
          "Y": 364.8727,
          "Z": -3.5284946,
          "Type": "None",
          "Action": ""
        },
        {
          "X": 51.7786942,
          "Y": 372.808716,
          "Z": -3.57940578,
          "Type": "None",
          "Action": ""
        },
        {
          "X": 53.9518,
          "Y": 381.412445,
          "Z": -3.603363,
          "Type": "None",
          "Action": ""
        },
        {
          "X": 56.81428,
          "Y": 389.872864,
          "Z": -3.60476,
          "Type": "None",
          "Action": ""
        },
        {
          "X": 59.85879,
          "Y": 397.3249,
          "Z": -3.60476,
          "Type": "None",
          "Action": ""
        },
        {
          "X": 64.27994,
          "Y": 405.1016,
          "Z": -3.589057,
          "Type": "None",
          "Action": ""
        },
        {
          "X": 70.52752,
          "Y": 411.458832,
          "Z": -3.58807135,
          "Type": "None",
          "Action": ""
        },
        {
          "X": 74.1259842,
          "Y": 419.337341,
          "Z": -3.58218765,
          "Type": "None",
          "Action": ""
        },
        {
          "X": 74.9152756,
          "Y": 427.338837,
          "Z": -3.57822585,
          "Type": "None",
          "Action": ""
        },
        {
          "X": 76.62355,
          "Y": 436.0658,
          "Z": -3.57319522,
          "Type": "None",
          "Action": ""
        },
        {
          "X": 83.3219452,
          "Y": 441.785034,
          "Z": -3.57205868,
          "Type": "None",
          "Action": ""
        },
        {
          "X": 91.92986,
          "Y": 442.7592,
          "Z": -4.40282154,
          "Type": "None",
          "Action": ""
        },
        {
          "X": 100.643379,
          "Y": 440.954681,
          "Z": -4.39957762,
          "Type": "None",
          "Action": ""
        },
        {
          "X": 104.273216,
          "Y": 448.475372,
          "Z": -4.39952374,
          "Type": "None",
          "Action": ""
        },
        {
          "X": 104.165733,
          "Y": 457.392548,
          "Z": -4.39952374,
          "Type": "None",
          "Action": ""
        },
        {
          "X": 102.430695,
          "Y": 466.184845,
          "Z": -4.401644,
          "Type": "None",
          "Action": ""
        },
        {
          "X": 100.332031,
          "Y": 474.891022,
          "Z": -4.397787,
          "Type": "None",
          "Action": ""
        },
        {
          "X": 98.19545,
          "Y": 483.615936,
          "Z": -4.397787,
          "Type": "None",
          "Action": ""
        },
        {
          "X": 97.36898,
          "Y": 492.511932,
          "Z": -4.39776564,
          "Type": "None",
          "Action": ""
        },
        {
          "X": 96.9838943,
          "Y": 501.421631,
          "Z": -4.397396,
          "Type": "None",
          "Action": ""
        },
        {
          "X": 96.63604,
          "Y": 509.4697,
          "Z": -4.39705944,
          "Type": "None",
          "Action": ""
        },
        {
          "X": 97.07502,
          "Y": 518.3533,
          "Z": -4.396967,
          "Type": "None",
          "Action": ""
        },
        {
          "X": 100.273567,
          "Y": 526.708,
          "Z": -4.396967,
          "Type": "None",
          "Action": ""
        },
        {
          "X": 105.318558,
          "Y": 533.987,
          "Z": -4.396967,
          "Type": "None",
          "Action": ""
        },
        {
          "X": 110.821877,
          "Y": 541.065369,
          "Z": -4.396967,
          "Type": "None",
          "Action": ""
        },
        {
          "X": 116.418396,
          "Y": 548.102844,
          "Z": -4.396967,
          "Type": "None",
          "Action": ""
        },
        {
          "X": 122.072586,
          "Y": 554.9469,
          "Z": -4.396967,
          "Type": "None",
          "Action": ""
        },
        {
          "X": 127.395607,
          "Y": 561.005432,
          "Z": -4.396967,
          "Type": "None",
          "Action": ""
        },
        {
          "X": 120.989853,
          "Y": 565.892456,
          "Z": -4.396967,
          "Type": "None",
          "Action": ""
        },
        {
          "X": 112.211006,
          "Y": 564.657166,
          "Z": -4.396967,
          "Type": "None",
          "Action": ""
        },
        {
          "X": 104.683807,
          "Y": 561.9191,
          "Z": -4.396967,
          "Type": "None",
          "Action": ""
        },
        {
          "X": 96.36443,
          "Y": 558.7755,
          "Z": -4.396967,
          "Type": "None",
          "Action": ""
        },
        {
          "X": 88.66403,
          "Y": 556.349,
          "Z": -4.396967,
          "Type": "None",
          "Action": ""
        },
        {
          "X": 79.95752,
          "Y": 554.271851,
          "Z": -4.396967,
          "Type": "None",
          "Action": ""
        },
        {
          "X": 71.90693,
          "Y": 554.8701,
          "Z": -4.396967,
          "Type": "None",
          "Action": ""
        },
        {
          "X": 63.03128,
          "Y": 555.920654,
          "Z": -4.39393425,
          "Type": "None",
          "Action": ""
        },
        {
          "X": 55.07045,
          "Y": 556.862854,
          "Z": -4.38551235,
          "Type": "None",
          "Action": ""
        },
        {
          "X": 46.17026,
          "Y": 557.9143,
          "Z": -4.38832235,
          "Type": "None",
          "Action": ""
        },
        {
          "X": 37.2597771,
          "Y": 558.3822,
          "Z": -4.39546537,
          "Type": "None",
          "Action": ""
        },
        {
          "X": 29.3030262,
          "Y": 559.4005,
          "Z": -4.39546537,
          "Type": "None",
          "Action": ""
        },
        {
          "X": 20.3714275,
          "Y": 560.298035,
          "Z": -4.394557,
          "Type": "None",
          "Action": ""
        },
        {
          "X": 11.7744417,
          "Y": 558.226563,
          "Z": -4.39112043,
          "Type": "None",
          "Action": ""
        },
        {
          "X": 3.431961,
          "Y": 554.8856,
          "Z": -4.388397,
          "Type": "None",
          "Action": ""
        },
        {
          "X": -4.97413349,
          "Y": 551.7543,
          "Z": -4.38741,
          "Type": "None",
          "Action": ""
        },
        {
          "X": -12.8898754,
          "Y": 550.5196,
          "Z": -4.39505672,
          "Type": "None",
          "Action": ""
        },
        {
          "X": -21.6115856,
          "Y": 551.982544,
          "Z": -4.39505672,
          "Type": "None",
          "Action": ""
        },
        {
          "X": -30.2843285,
          "Y": 554.3541,
          "Z": -4.39505672,
          "Type": "None",
          "Action": ""
        },
        {
          "X": -39.13952,
          "Y": 555.6509,
          "Z": -4.39505672,
          "Type": "None",
          "Action": ""
        },
        {
          "X": -47.1484566,
          "Y": 555.80896,
          "Z": -4.39505672,
          "Type": "None",
          "Action": ""
        },
        {
          "X": -56.0702553,
          "Y": 555.949158,
          "Z": -4.39505672,
          "Type": "None",
          "Action": ""
        },
        {
          "X": -64.78108,
          "Y": 556.6928,
          "Z": -4.39505672,
          "Type": "None",
          "Action": ""
        },
        {
          "X": -73.35033,
          "Y": 556.071045,
          "Z": -4.39505672,
          "Type": "None",
          "Action": ""
        },
        {
          "X": -80.48651,
          "Y": 550.8039,
          "Z": -4.39505672,
          "Type": "None",
          "Action": ""
        },
        {
          "X": -85.28023,
          "Y": 543.307251,
          "Z": -4.39505672,
          "Type": "None",
          "Action": ""
        },
        {
          "X": -87.9910355,
          "Y": 534.8133,
          "Z": -4.39505672,
          "Type": "None",
          "Action": ""
        },
        {
          "X": -89.35701,
          "Y": 526.014648,
          "Z": -4.39505672,
          "Type": "None",
          "Action": ""
        },
        {
          "X": -89.13147,
          "Y": 518.0058,
          "Z": -4.39645624,
          "Type": "None",
          "Action": ""
        },
        {
          "X": -88.6233,
          "Y": 509.097443,
          "Z": -4.39924145,
          "Type": "None",
          "Action": ""
        },
        {
          "X": -88.73069,
          "Y": 500.120972,
          "Z": -4.39924145,
          "Type": "None",
          "Action": ""
        },
        {
          "X": -88.959465,
          "Y": 491.19754,
          "Z": -4.39924145,
          "Type": "None",
          "Action": ""
        },
        {
          "X": -88.08361,
          "Y": 482.33783,
          "Z": -4.39924145,
          "Type": "None",
          "Action": ""
        },
        {
          "X": -80.15178,
          "Y": 478.778168,
          "Z": -4.400665,
          "Type": "None",
          "Action": ""
        },
        {
          "X": -71.2604446,
          "Y": 479.572784,
          "Z": -4.402063,
          "Type": "None",
          "Action": ""
        },
        {
          "X": -61.6250534,
          "Y": 481.333344,
          "Z": -3.570302,
          "Type": "None",
          "Action": ""
        },
        {
          "X": -54.24241,
          "Y": 486.114655,
          "Z": -3.570302,
          "Type": "None",
          "Action": ""
        },
        {
          "X": -48.34263,
          "Y": 492.8205,
          "Z": -3.56888819,
          "Type": "None",
          "Action": ""
        },
        {
          "X": -44.0305176,
          "Y": 500.338318,
          "Z": -3.56621623,
          "Type": "None",
          "Action": ""
        },
        {
          "X": -37.46065,
          "Y": 505.077881,
          "Z": -3.56621623,
          "Type": "None",
          "Action": ""
        },
        {
          "X": -29.02972,
          "Y": 505.7398,
          "Z": -3.56621623,
          "Type": "None",
          "Action": ""
        },
        {
          "X": -20.7330513,
          "Y": 505.72644,
          "Z": -3.56621623,
          "Type": "None",
          "Action": ""
        },
        {
          "X": -12.1614933,
          "Y": 505.712616,
          "Z": -3.56621623,
          "Type": "None",
          "Action": ""
        },
        {
          "X": -3.74820137,
          "Y": 505.699066,
          "Z": -3.56621623,
          "Type": "None",
          "Action": ""
        },
        {
          "X": 4.88999557,
          "Y": 505.68512,
          "Z": -3.56621623,
          "Type": "None",
          "Action": ""
        },
        {
          "X": 13.2365494,
          "Y": 505.68988,
          "Z": -3.56621623,
          "Type": "None",
          "Action": ""
        },
        {
          "X": 21.8468857,
          "Y": 505.91272,
          "Z": -3.56621623,
          "Type": "None",
          "Action": ""
        },
        {
          "X": 30.240715,
          "Y": 506.129974,
          "Z": -3.56621623,
          "Type": "None",
          "Action": ""
        },
        {
          "X": 38.76706,
          "Y": 506.376617,
          "Z": -3.56621623,
          "Type": "None",
          "Action": ""
        },
        {
          "X": 47.1100121,
          "Y": 506.625336,
          "Z": -3.56621623,
          "Type": "None",
          "Action": ""
        },
        {
          "X": 55.654644,
          "Y": 506.7638,
          "Z": -3.56621623,
          "Type": "None",
          "Action": ""
        },
        {
          "X": 64.008316,
          "Y": 506.341248,
          "Z": -3.56621623,
          "Type": "None",
          "Action": ""
        },
        {
          "X": 71.5311661,
          "Y": 502.956573,
          "Z": -3.56621623,
          "Type": "None",
          "Action": ""
        },
        {
          "X": 73.66741,
          "Y": 494.484344,
          "Z": -3.56621623,
          "Type": "None",
          "Action": ""
        },
        {
          "X": 73.7789154,
          "Y": 485.5085,
          "Z": -3.56902122,
          "Type": "None",
          "Action": ""
        },
        {
          "X": 74.03435,
          "Y": 476.589539,
          "Z": -3.57044339,
          "Type": "None",
          "Action": ""
        },
        {
          "X": 74.3718948,
          "Y": 467.6338,
          "Z": -3.57044339,
          "Type": "None",
          "Action": ""
        },
        {
          "X": 74.96167,
          "Y": 458.6619,
          "Z": -3.57044339,
          "Type": "None",
          "Action": ""
        },
        {
          "X": 77.56532,
          "Y": 450.2811,
          "Z": -3.57044339,
          "Type": "None",
          "Action": ""
        },
        {
          "X": 85.42646,
          "Y": 446.152527,
          "Z": -3.57044339,
          "Type": "None",
          "Action": ""
        },
        {
          "X": 94.24273,
          "Y": 446.3313,
          "Z": -4.40205,
          "Type": "None",
          "Action": ""
        },
        {
          "X": 101.694237,
          "Y": 449.563263,
          "Z": -4.401588,
          "Type": "None",
          "Action": ""
        },
        {
          "X": 108.699028,
          "Y": 453.47757,
          "Z": -4.400849,
          "Type": "None",
          "Action": ""
        },
        {
          "X": 115.601822,
          "Y": 459.2398,
          "Z": -4.400464,
          "Type": "None",
          "Action": ""
        },
        {
          "X": 121.552895,
          "Y": 465.8645,
          "Z": -4.400458,
          "Type": "None",
          "Action": ""
        },
        {
          "X": 126.6909,
          "Y": 473.1366,
          "Z": -4.3978014,
          "Type": "None",
          "Action": ""
        },
        {
          "X": 130.2406,
          "Y": 481.319458,
          "Z": -3.70434117,
          "Type": "None",
          "Action": ""
        },
        {
          "X": 131.412125,
          "Y": 488.2353,
          "Z": 0.56785953,
          "Type": "None",
          "Action": ""
        },
        {
          "X": 131.81134,
          "Y": 495.14212,
          "Z": 4.833838,
          "Type": "None",
          "Action": ""
        },
        {
          "X": 131.9137,
          "Y": 502.0843,
          "Z": 9.121623,
          "Type": "None",
          "Action": ""
        },
        {
          "X": 131.980331,
          "Y": 509.110565,
          "Z": 13.4613771,
          "Type": "None",
          "Action": ""
        },
        {
          "X": 132.046234,
          "Y": 516.0585,
          "Z": 17.7527218,
          "Type": "None",
          "Action": ""
        },
        {
          "X": 132.112259,
          "Y": 523.021057,
          "Z": 22.05313,
          "Type": "None",
          "Action": ""
        },
        {
          "X": 132.187912,
          "Y": 530.997864,
          "Z": 26.0824947,
          "Type": "None",
          "Action": ""
        },
        {
          "X": 132.219269,
          "Y": 538.898254,
          "Z": 28.59666,
          "Type": "None",
          "Action": ""
        },
        {
          "X": 125.1186,
          "Y": 543.6507,
          "Z": 28.5996227,
          "Type": "None",
          "Action": ""
        },
        {
          "X": 116.429855,
          "Y": 542.6705,
          "Z": 28.6015034,
          "Type": "None",
          "Action": ""
        },
        {
          "X": 112.024185,
          "Y": 535.013,
          "Z": 28.6015034,
          "Type": "None",
          "Action": ""
        },
        {
          "X": 110.834549,
          "Y": 526.2268,
          "Z": 28.6015034,
          "Type": "None",
          "Action": ""
        },
        {
          "X": 110.656853,
          "Y": 517.213562,
          "Z": 28.6015034,
          "Type": "None",
          "Action": ""
        },
        {
          "X": 111.035805,
          "Y": 508.278748,
          "Z": 28.601078,
          "Type": "None",
          "Action": ""
        },
        {
          "X": 111.425148,
          "Y": 499.379181,
          "Z": 28.601078,
          "Type": "None",
          "Action": ""
        },
        {
          "X": 113.561676,
          "Y": 490.62738,
          "Z": 28.601078,
          "Type": "None",
          "Action": ""
        },
        {
          "X": 116.196579,
          "Y": 482.041077,
          "Z": 28.601078,
          "Type": "None",
          "Action": ""
        },
        {
          "X": 117.660912,
          "Y": 474.1537,
          "Z": 28.601078,
          "Type": "None",
          "Action": ""
        },
        {
          "X": 118.053444,
          "Y": 465.225555,
          "Z": 28.601078,
          "Type": "None",
          "Action": ""
        },
        {
          "X": 117.537323,
          "Y": 456.385345,
          "Z": 28.601078,
          "Type": "None",
          "Action": ""
        },
        {
          "X": 113.804016,
          "Y": 448.2086,
          "Z": 28.601078,
          "Type": "None",
          "Action": ""
        },
        {
          "X": 109.065353,
          "Y": 440.636383,
          "Z": 28.601078,
          "Type": "None",
          "Action": ""
        },
        {
          "X": 106.364487,
          "Y": 432.296448,
          "Z": 28.601078,
          "Type": "None",
          "Action": ""
        },
        {
          "X": 106.798149,
          "Y": 424.145874,
          "Z": 28.601078,
          "Type": "None",
          "Action": ""
        },
        {
          "X": 107.343056,
          "Y": 415.254333,
          "Z": 28.601078,
          "Type": "None",
          "Action": ""
        },
        {
          "X": 107.83461,
          "Y": 407.2334,
          "Z": 28.601078,
          "Type": "None",
          "Action": ""
        },
        {
          "X": 105.323059,
          "Y": 399.053772,
          "Z": 28.601078,
          "Type": "None",
          "Action": ""
        },
        {
          "X": 97.66743,
          "Y": 396.787018,
          "Z": 27.6825352,
          "Type": "None",
          "Action": ""
        },
        {
          "X": 89.7373657,
          "Y": 396.4103,
          "Z": 26.4179821,
          "Type": "None",
          "Action": ""
        },
        {
          "X": 81.7992249,
          "Y": 396.63913,
          "Z": 25.1521435,
          "Type": "None",
          "Action": ""
        },
        {
          "X": 72.94061,
          "Y": 397.4517,
          "Z": 25.0574112,
          "Type": "None",
          "Action": ""
        },
        {
          "X": 64.1189957,
          "Y": 398.892029,
          "Z": 25.0574112,
          "Type": "None",
          "Action": ""
        },
        {
          "X": 55.1854668,
          "Y": 398.2247,
          "Z": 25.056818,
          "Type": "None",
          "Action": ""
        },
        {
          "X": 46.21797,
          "Y": 397.6585,
          "Z": 25.056818,
          "Type": "None",
          "Action": ""
        },
        {
          "X": 37.29678,
          "Y": 397.4838,
          "Z": 25.056818,
          "Type": "None",
          "Action": ""
        },
        {
          "X": 29.2672215,
          "Y": 397.326569,
          "Z": 25.056818,
          "Type": "None",
          "Action": ""
        },
        {
          "X": 20.3558273,
          "Y": 397.152039,
          "Z": 25.056818,
          "Type": "None",
          "Action": ""
        },
        {
          "X": 11.3662424,
          "Y": 396.987976,
          "Z": 25.056818,
          "Type": "None",
          "Action": ""
        },
        {
          "X": 2.4458065,
          "Y": 396.778229,
          "Z": 25.056818,
          "Type": "None",
          "Action": ""
        },
        {
          "X": -6.533411,
          "Y": 396.5671,
          "Z": 25.056818,
          "Type": "None",
          "Action": ""
        },
        {
          "X": -15.4930363,
          "Y": 396.356476,
          "Z": 25.056818,
          "Type": "None",
          "Action": ""
        },
        {
          "X": -24.3497887,
          "Y": 396.148224,
          "Z": 25.056818,
          "Type": "None",
          "Action": ""
        },
        {
          "X": -32.4031639,
          "Y": 395.958862,
          "Z": 25.056818,
          "Type": "None",
          "Action": ""
        },
        {
          "X": -41.3529968,
          "Y": 395.748779,
          "Z": 25.056818,
          "Type": "None",
          "Action": ""
        },
        {
          "X": -50.2624054,
          "Y": 396.365143,
          "Z": 25.056818,
          "Type": "None",
          "Action": ""
        },
        {
          "X": -59.2172127,
          "Y": 397.176636,
          "Z": 25.8901577,
          "Type": "None",
          "Action": ""
        },
        {
          "X": -67.09636,
          "Y": 398.205231,
          "Z": 27.1467381,
          "Type": "None",
          "Action": ""
        },
        {
          "X": -74.91549,
          "Y": 399.602,
          "Z": 28.3938217,
          "Type": "None",
          "Action": ""
        },
        {
          "X": -81.46306,
          "Y": 404.676758,
          "Z": 28.601099,
          "Type": "None",
          "Action": ""
        },
        {
          "X": -81.9407959,
          "Y": 413.587646,
          "Z": 28.601099,
          "Type": "None",
          "Action": ""
        },
        {
          "X": -81.46155,
          "Y": 421.599518,
          "Z": 28.601099,
          "Type": "None",
          "Action": ""
        },
        {
          "X": -80.92964,
          "Y": 430.491821,
          "Z": 28.6012135,
          "Type": "None",
          "Action": ""
        },
        {
          "X": -80.44894,
          "Y": 438.528168,
          "Z": 28.6012268,
          "Type": "None",
          "Action": ""
        },
        {
          "X": -79.97115,
          "Y": 446.5156,
          "Z": 28.6012268,
          "Type": "None",
          "Action": ""
        },
        {
          "X": -80.18035,
          "Y": 455.400818,
          "Z": 28.6012268,
          "Type": "None",
          "Action": ""
        },
        {
          "X": -80.40385,
          "Y": 464.3111,
          "Z": 28.6012268,
          "Type": "None",
          "Action": ""
        },
        {
          "X": -80.60547,
          "Y": 472.3495,
          "Z": 28.6012268,
          "Type": "None",
          "Action": ""
        },
        {
          "X": -80.83007,
          "Y": 481.303864,
          "Z": 28.6012268,
          "Type": "None",
          "Action": ""
        },
        {
          "X": -80.3809052,
          "Y": 490.1952,
          "Z": 28.6012268,
          "Type": "None",
          "Action": ""
        },
        {
          "X": -79.9585648,
          "Y": 498.205353,
          "Z": 28.6012268,
          "Type": "None",
          "Action": ""
        },
        {
          "X": -78.72228,
          "Y": 506.966461,
          "Z": 28.6012268,
          "Type": "None",
          "Action": ""
        },
        {
          "X": -75.2458954,
          "Y": 514.249634,
          "Z": 28.6012268,
          "Type": "None",
          "Action": ""
        },
        {
          "X": -71.3977051,
          "Y": 522.3109,
          "Z": 28.6025562,
          "Type": "None",
          "Action": ""
        },
        {
          "X": -64.7627945,
          "Y": 527.8162,
          "Z": 28.6013241,
          "Type": "None",
          "Action": ""
        },
        {
          "X": -56.2768,
          "Y": 530.5582,
          "Z": 28.6018887,
          "Type": "None",
          "Action": ""
        },
        {
          "X": -47.62048,
          "Y": 532.592346,
          "Z": 28.602499,
          "Type": "None",
          "Action": ""
        },
        {
          "X": -38.61663,
          "Y": 533.507935,
          "Z": 28.6027126,
          "Type": "None",
          "Action": ""
        },
        {
          "X": -29.733778,
          "Y": 534.652161,
          "Z": 28.60299,
          "Type": "None",
          "Action": ""
        },
        {
          "X": -21.648592,
          "Y": 538.4457,
          "Z": 28.60299,
          "Type": "None",
          "Action": ""
        },
        {
          "X": -12.947463,
          "Y": 539.567,
          "Z": 28.60299,
          "Type": "None",
          "Action": ""
        },
        {
          "X": -4.244195,
          "Y": 537.791138,
          "Z": 28.60299,
          "Type": "None",
          "Action": ""
        },
        {
          "X": 3.63223672,
          "Y": 536.081238,
          "Z": 28.60299,
          "Type": "None",
          "Action": ""
        },
        {
          "X": 12.446496,
          "Y": 534.8712,
          "Z": 28.60299,
          "Type": "None",
          "Action": ""
        },
        {
          "X": 21.43806,
          "Y": 534.3235,
          "Z": 28.60299,
          "Type": "None",
          "Action": ""
        },
        {
          "X": 29.77484,
          "Y": 537.3614,
          "Z": 28.60299,
          "Type": "None",
          "Action": ""
        },
        {
          "X": 37.75392,
          "Y": 541.269043,
          "Z": 28.60299,
          "Type": "None",
          "Action": ""
        },
        {
          "X": 46.45184,
          "Y": 543.4968,
          "Z": 28.6043415,
          "Type": "None",
          "Action": ""
        },
        {
          "X": 55.4066124,
          "Y": 543.8824,
          "Z": 28.6055813,
          "Type": "None",
          "Action": ""
        },
        {
          "X": 63.9878578,
          "Y": 541.431946,
          "Z": 28.6055813,
          "Type": "None",
          "Action": ""
        },
        {
          "X": 72.60855,
          "Y": 539.1193,
          "Z": 28.6055813,
          "Type": "None",
          "Action": ""
        },
        {
          "X": 80.4334,
          "Y": 542.0563,
          "Z": 28.6063824,
          "Type": "None",
          "Action": ""
        },
        {
          "X": 81.23163,
          "Y": 550.7482,
          "Z": 28.6089668,
          "Type": "None",
          "Action": ""
        },
        {
          "X": 80.95919,
          "Y": 559.657166,
          "Z": 28.6110821,
          "Type": "None",
          "Action": ""
        },
        {
          "X": 80.71056,
          "Y": 567.787354,
          "Z": 28.6122589,
          "Type": "None",
          "Action": ""
        }
      ],
      "Name": "Boss - Requires Key we Kill Mobs for XP and leave",
      "Order": 1,
      "CompleteCondition": {
        "HasCompleteCondition": false,
        "ConditionType": 0,
        "GameObjectId": 0,
        "InitialFlags": 0,
        "ItemId": 0,
        "CSharpCondition": null,
        "DeadMobId": 0,
        "MobPositionId": 0,
        "MobId": 0,
        "MobPositionVector": null,
        "LOSPositionVector": null,
        "WaitTime": 0
      }
    }
  ],
  "MapId": 429,
  "Name": "Dire Maul West (Alliance)",
  "Faction": 2,
  "DeathRunPath": [
    {
      "X": -4590.40869,
      "Y": 1632.08069,
      "Z": 93.97383,
      "Type": "None",
      "Action": ""
    },
    {
      "X": -4581.57666,
      "Y": 1629.83777,
      "Z": 94.04142,
      "Type": "None",
      "Action": ""
    },
    {
      "X": -4574.95166,
      "Y": 1624.51514,
      "Z": 94.2499,
      "Type": "None",
      "Action": ""
    },
    {
      "X": -4570.618,
      "Y": 1617.24841,
      "Z": 95.47983,
      "Type": "None",
      "Action": ""
    },
    {
      "X": -4566.966,
      "Y": 1609.75769,
      "Z": 97.1267,
      "Type": "None",
      "Action": ""
    },
    {
      "X": -4563.40674,
      "Y": 1601.90613,
      "Z": 98.64755,
      "Type": "None",
      "Action": ""
    },
    {
      "X": -4560.33154,
      "Y": 1593.75427,
      "Z": 100.362495,
      "Type": "None",
      "Action": ""
    },
    {
      "X": -4557.47168,
      "Y": 1585.78882,
      "Z": 101.713425,
      "Type": "None",
      "Action": ""
    },
    {
      "X": -4554.59766,
      "Y": 1577.784,
      "Z": 102.710335,
      "Type": "None",
      "Action": ""
    },
    {
      "X": -4552.123,
      "Y": 1569.72949,
      "Z": 102.87915,
      "Type": "None",
      "Action": ""
    },
    {
      "X": -4550.726,
      "Y": 1561.16724,
      "Z": 103.339592,
      "Type": "None",
      "Action": ""
    },
    {
      "X": -4549.34131,
      "Y": 1552.95691,
      "Z": 102.792709,
      "Type": "None",
      "Action": ""
    },
    {
      "X": -4547.89,
      "Y": 1544.39856,
      "Z": 102.930527,
      "Type": "None",
      "Action": ""
    },
    {
      "X": -4546.47852,
      "Y": 1536.07544,
      "Z": 100.894875,
      "Type": "None",
      "Action": ""
    },
    {
      "X": -4545.05127,
      "Y": 1527.66064,
      "Z": 100.58934,
      "Type": "None",
      "Action": ""
    },
    {
      "X": -4543.606,
      "Y": 1519.13782,
      "Z": 101.023117,
      "Type": "None",
      "Action": ""
    },
    {
      "X": -4542.378,
      "Y": 1510.82056,
      "Z": 101.34182,
      "Type": "None",
      "Action": ""
    },
    {
      "X": -4541.14941,
      "Y": 1502.28967,
      "Z": 101.191605,
      "Type": "None",
      "Action": ""
    },
    {
      "X": -4539.823,
      "Y": 1494.08008,
      "Z": 101.80526,
      "Type": "None",
      "Action": ""
    },
    {
      "X": -4538.44043,
      "Y": 1485.51807,
      "Z": 103.209305,
      "Type": "None",
      "Action": ""
    },
    {
      "X": -4537.06738,
      "Y": 1476.98035,
      "Z": 104.24263,
      "Type": "None",
      "Action": ""
    },
    {
      "X": -4535.87939,
      "Y": 1468.739,
      "Z": 105.673813,
      "Type": "None",
      "Action": ""
    },
    {
      "X": -4535.377,
      "Y": 1460.164,
      "Z": 107.006683,
      "Type": "None",
      "Action": ""
    },
    {
      "X": -4536.129,
      "Y": 1451.78638,
      "Z": 108.239052,
      "Type": "None",
      "Action": ""
    },
    {
      "X": -4537.293,
      "Y": 1443.23413,
      "Z": 108.520042,
      "Type": "None",
      "Action": ""
    },
    {
      "X": -4537.68359,
      "Y": 1434.55444,
      "Z": 109.687195,
      "Type": "None",
      "Action": ""
    },
    {
      "X": -4532.603,
      "Y": 1427.9978,
      "Z": 114.28804,
      "Type": "None",
      "Action": ""
    },
    {
      "X": -4525.037,
      "Y": 1424.402,
      "Z": 118.384972,
      "Type": "None",
      "Action": ""
    },
    {
      "X": -4517.503,
      "Y": 1420.28918,
      "Z": 123.997368,
      "Type": "None",
      "Action": ""
    },
    {
      "X": -4510.636,
      "Y": 1415.24585,
      "Z": 126.50782,
      "Type": "None",
      "Action": ""
    },
    {
      "X": -4504.05762,
      "Y": 1409.79651,
      "Z": 126.007706,
      "Type": "None",
      "Action": ""
    },
    {
      "X": -4497.939,
      "Y": 1403.9342,
      "Z": 125.883766,
      "Type": "None",
      "Action": ""
    },
    {
      "X": -4491.776,
      "Y": 1398.08862,
      "Z": 126.423424,
      "Type": "None",
      "Action": ""
    },
    {
      "X": -4485.791,
      "Y": 1391.91919,
      "Z": 126.604836,
      "Type": "None",
      "Action": ""
    },
    {
      "X": -4481.51,
      "Y": 1384.45337,
      "Z": 126.091545,
      "Type": "None",
      "Action": ""
    },
    {
      "X": -4477.95166,
      "Y": 1376.87927,
      "Z": 125.710014,
      "Type": "None",
      "Action": ""
    },
    {
      "X": -4474.38,
      "Y": 1369.11426,
      "Z": 125.382629,
      "Type": "None",
      "Action": ""
    },
    {
      "X": -4470.86768,
      "Y": 1361.40308,
      "Z": 125.869286,
      "Type": "None",
      "Action": ""
    },
    {
      "X": -4467.46875,
      "Y": 1353.32153,
      "Z": 125.847855,
      "Type": "None",
      "Action": ""
    },
    {
      "X": -4464.19336,
      "Y": 1345.43848,
      "Z": 125.0927,
      "Type": "None",
      "Action": ""
    },
    {
      "X": -4460.763,
      "Y": 1337.61011,
      "Z": 125.446877,
      "Type": "None",
      "Action": ""
    },
    {
      "X": -4451.96973,
      "Y": 1333.20337,
      "Z": 126.002266,
      "Type": "None",
      "Action": ""
    },
    {
      "X": -4443.57,
      "Y": 1333.22913,
      "Z": 126.002266,
      "Type": "None",
      "Action": ""
    },
    {
      "X": -4435.03369,
      "Y": 1333.25537,
      "Z": 126.012245,
      "Type": "None",
      "Action": ""
    },
    {
      "X": -4426.539,
      "Y": 1333.28137,
      "Z": 129.9384,
      "Type": "None",
      "Action": ""
    },
    {
      "X": -4417.95,
      "Y": 1333.30774,
      "Z": 133.906265,
      "Type": "None",
      "Action": ""
    },
    {
      "X": -4409.47656,
      "Y": 1333.33374,
      "Z": 137.821838,
      "Type": "None",
      "Action": ""
    },
    {
      "X": -4400.78271,
      "Y": 1333.36047,
      "Z": 141.8944,
      "Type": "None",
      "Action": ""
    },
    {
      "X": -4392.278,
      "Y": 1333.3866,
      "Z": 145.903091,
      "Type": "None",
      "Action": ""
    },
    {
      "X": -4383.79346,
      "Y": 1333.4126,
      "Z": 149.902115,
      "Type": "None",
      "Action": ""
    },
    {
      "X": -4375.22559,
      "Y": 1333.43884,
      "Z": 153.940384,
      "Type": "None",
      "Action": ""
    },
    {
      "X": -4366.72168,
      "Y": 1333.322,
      "Z": 157.948975,
      "Type": "None",
      "Action": ""
    },
    {
      "X": -4358.28174,
      "Y": 1332.81592,
      "Z": 159.233185,
      "Type": "None",
      "Action": ""
    },
    {
      "X": -4349.691,
      "Y": 1331.79175,
      "Z": 159.233215,
      "Type": "None",
      "Action": ""
    },
    {
      "X": -4341.20361,
      "Y": 1330.77991,
      "Z": 159.233826,
      "Type": "None",
      "Action": ""
    },
    {
      "X": -4332.87256,
      "Y": 1329.89612,
      "Z": 159.233871,
      "Type": "None",
      "Action": ""
    },
    {
      "X": -4324.2373,
      "Y": 1329.68872,
      "Z": 159.233871,
      "Type": "None",
      "Action": ""
    },
    {
      "X": -4315.89258,
      "Y": 1329.51013,
      "Z": 159.233871,
      "Type": "None",
      "Action": ""
    },
    {
      "X": -4307.2124,
      "Y": 1329.264,
      "Z": 159.233871,
      "Type": "None",
      "Action": ""
    },
    {
      "X": -4298.72168,
      "Y": 1329.02319,
      "Z": 159.233871,
      "Type": "None",
      "Action": ""
    },
    {
      "X": -4290.12549,
      "Y": 1328.77954,
      "Z": 160.804489,
      "Type": "None",
      "Action": ""
    },
    {
      "X": -4281.697,
      "Y": 1328.3252,
      "Z": 161.213577,
      "Type": "None",
      "Action": ""
    },
    {
      "X": -4272.977,
      "Y": 1327.79578,
      "Z": 161.213577,
      "Type": "None",
      "Action": ""
    },
    {
      "X": -4264.52734,
      "Y": 1326.92407,
      "Z": 161.213577,
      "Type": "None",
      "Action": ""
    },
    {
      "X": -4256.06055,
      "Y": 1326.01563,
      "Z": 161.213577,
      "Type": "None",
      "Action": ""
    },
    {
      "X": -4247.667,
      "Y": 1325.11511,
      "Z": 161.213577,
      "Type": "None",
      "Action": ""
    },
    {
      "X": -4239.10645,
      "Y": 1324.191,
      "Z": 161.213577,
      "Type": "None",
      "Action": ""
    },
    {
      "X": -4230.603,
      "Y": 1322.90356,
      "Z": 161.213577,
      "Type": "None",
      "Action": ""
    },
    {
      "X": -4222.5293,
      "Y": 1320.24707,
      "Z": 161.213577,
      "Type": "None",
      "Action": ""
    },
    {
      "X": -4214.69873,
      "Y": 1316.52014,
      "Z": 161.213577,
      "Type": "None",
      "Action": ""
    },
    {
      "X": -4208.03027,
      "Y": 1311.70239,
      "Z": 161.213577,
      "Type": "None",
      "Action": ""
    },
    {
      "X": -4202.25049,
      "Y": 1305.33459,
      "Z": 161.213577,
      "Type": "None",
      "Action": ""
    },
    {
      "X": -4196.9043,
      "Y": 1298.6272,
      "Z": 161.213577,
      "Type": "None",
      "Action": ""
    },
    {
      "X": -4192.26855,
      "Y": 1291.53125,
      "Z": 161.213577,
      "Type": "None",
      "Action": ""
    },
    {
      "X": -4188.93652,
      "Y": 1283.5719,
      "Z": 161.213577,
      "Type": "None",
      "Action": ""
    },
    {
      "X": -4186.839,
      "Y": 1275.33154,
      "Z": 161.213577,
      "Type": "None",
      "Action": ""
    },
    {
      "X": -4185.016,
      "Y": 1266.91785,
      "Z": 161.213577,
      "Type": "None",
      "Action": ""
    },
    {
      "X": -4183.99072,
      "Y": 1258.44531,
      "Z": 161.213577,
      "Type": "None",
      "Action": ""
    },
    {
      "X": -4183.11865,
      "Y": 1249.93225,
      "Z": 161.213577,
      "Type": "None",
      "Action": ""
    },
    {
      "X": -4182.248,
      "Y": 1241.42981,
      "Z": 161.213577,
      "Type": "None",
      "Action": ""
    },
    {
      "X": -4181.394,
      "Y": 1233.09436,
      "Z": 161.213577,
      "Type": "None",
      "Action": ""
    },
    {
      "X": -4180.51172,
      "Y": 1224.47693,
      "Z": 161.213577,
      "Type": "None",
      "Action": ""
    },
    {
      "X": -4179.63867,
      "Y": 1215.95349,
      "Z": 161.213577,
      "Type": "None",
      "Action": ""
    },
    {
      "X": -4178.7793,
      "Y": 1207.56592,
      "Z": 161.213577,
      "Type": "None",
      "Action": ""
    },
    {
      "X": -4177.913,
      "Y": 1199.10522,
      "Z": 161.213577,
      "Type": "None",
      "Action": ""
    },
    {
      "X": -4177.04834,
      "Y": 1190.66528,
      "Z": 161.213577,
      "Type": "None",
      "Action": ""
    },
    {
      "X": -4176.15967,
      "Y": 1181.98523,
      "Z": 161.213577,
      "Type": "None",
      "Action": ""
    },
    {
      "X": -4175.283,
      "Y": 1173.43054,
      "Z": 161.213577,
      "Type": "None",
      "Action": ""
    },
    {
      "X": -4173.816,
      "Y": 1165.255,
      "Z": 161.213577,
      "Type": "None",
      "Action": ""
    },
    {
      "X": -4169.312,
      "Y": 1158.07642,
      "Z": 161.213577,
      "Type": "None",
      "Action": ""
    },
    {
      "X": -4162.13672,
      "Y": 1153.6051,
      "Z": 161.213577,
      "Type": "None",
      "Action": ""
    },
    {
      "X": -4154.123,
      "Y": 1150.761,
      "Z": 161.213577,
      "Type": "None",
      "Action": ""
    },
    {
      "X": -4145.96875,
      "Y": 1148.49963,
      "Z": 161.213577,
      "Type": "None",
      "Action": ""
    },
    {
      "X": -4137.58545,
      "Y": 1146.27637,
      "Z": 161.213577,
      "Type": "None",
      "Action": ""
    },
    {
      "X": -4129.45166,
      "Y": 1144.17957,
      "Z": 161.213577,
      "Type": "None",
      "Action": ""
    },
    {
      "X": -4121.001,
      "Y": 1142.18176,
      "Z": 161.213577,
      "Type": "None",
      "Action": ""
    },
    {
      "X": -4112.591,
      "Y": 1140.66418,
      "Z": 161.213577,
      "Type": "None",
      "Action": ""
    },
    {
      "X": -4104.197,
      "Y": 1139.51392,
      "Z": 161.213577,
      "Type": "None",
      "Action": ""
    },
    {
      "X": -4095.624,
      "Y": 1139.04956,
      "Z": 161.213577,
      "Type": "None",
      "Action": ""
    },
    {
      "X": -4087.12378,
      "Y": 1138.76611,
      "Z": 161.213577,
      "Type": "None",
      "Action": ""
    },
    {
      "X": -4078.59961,
      "Y": 1138.84961,
      "Z": 161.213577,
      "Type": "None",
      "Action": ""
    },
    {
      "X": -4070.12183,
      "Y": 1139.70337,
      "Z": 161.213577,
      "Type": "None",
      "Action": ""
    },
    {
      "X": -4062.22681,
      "Y": 1142.75183,
      "Z": 161.213577,
      "Type": "None",
      "Action": ""
    },
    {
      "X": -4054.94214,
      "Y": 1146.97339,
      "Z": 161.213577,
      "Type": "None",
      "Action": ""
    },
    {
      "X": -4047.58423,
      "Y": 1151.36328,
      "Z": 159.776077,
      "Type": "None",
      "Action": ""
    },
    {
      "X": -4040.75317,
      "Y": 1156.47937,
      "Z": 159.749741,
      "Type": "None",
      "Action": ""
    },
    {
      "X": -4036.31177,
      "Y": 1163.67578,
      "Z": 159.7334,
      "Type": "None",
      "Action": ""
    },
    {
      "X": -4032.22559,
      "Y": 1171.13391,
      "Z": 159.716721,
      "Type": "None",
      "Action": ""
    },
    {
      "X": -4028.24072,
      "Y": 1178.588,
      "Z": 159.70018,
      "Type": "None",
      "Action": ""
    },
    {
      "X": -4023.9165,
      "Y": 1186.08984,
      "Z": 159.681091,
      "Type": "None",
      "Action": ""
    },
    {
      "X": -4018.50537,
      "Y": 1192.70483,
      "Z": 159.718079,
      "Type": "None",
      "Action": ""
    },
    {
      "X": -4010.89771,
      "Y": 1196.27026,
      "Z": 161.090683,
      "Type": "None",
      "Action": ""
    },
    {
      "X": -4002.441,
      "Y": 1197.6,
      "Z": 161.090683,
      "Type": "None",
      "Action": ""
    },
    {
      "X": -3993.99268,
      "Y": 1197.82056,
      "Z": 161.0624,
      "Type": "None",
      "Action": ""
    },
    {
      "X": -3984.38,
      "Y": 1197.25269,
      "Z": 161.047,
      "Type": "None",
      "Action": ""
    },
    {
      "X": -3982.59155,
      "Y": 1188.42456,
      "Z": 161.047,
      "Type": "None",
      "Action": ""
    },
    {
      "X": -3982.823,
      "Y": 1179.84412,
      "Z": 161.039185,
      "Type": "None",
      "Action": ""
    },
    {
      "X": -3982.46313,
      "Y": 1171.53613,
      "Z": 161.033066,
      "Type": "None",
      "Action": ""
    },
    {
      "X": -3982.15454,
      "Y": 1162.795,
      "Z": 161.02832,
      "Type": "None",
      "Action": ""
    },
    {
      "X": -3981.85718,
      "Y": 1154.36877,
      "Z": 161.02832,
      "Type": "None",
      "Action": ""
    },
    {
      "X": -3976.752,
      "Y": 1145.89075,
      "Z": 161.0021,
      "Type": "None",
      "Action": ""
    },
    {
      "X": -3970.20215,
      "Y": 1140.58728,
      "Z": 161.01088,
      "Type": "None",
      "Action": ""
    },
    {
      "X": -3962.661,
      "Y": 1136.58008,
      "Z": 161.046875,
      "Type": "None",
      "Action": ""
    },
    {
      "X": -3954.14551,
      "Y": 1135.73962,
      "Z": 158.707123,
      "Type": "None",
      "Action": ""
    },
    {
      "X": -3945.64624,
      "Y": 1136.67285,
      "Z": 154.474625,
      "Type": "None",
      "Action": ""
    },
    {
      "X": -3937.28125,
      "Y": 1138.56921,
      "Z": 150.313492,
      "Type": "None",
      "Action": ""
    },
    {
      "X": -3929.18286,
      "Y": 1140.63452,
      "Z": 149.091919,
      "Type": "None",
      "Action": ""
    },
    {
      "X": -3920.75928,
      "Y": 1141.99243,
      "Z": 149.080383,
      "Type": "None",
      "Action": ""
    },
    {
      "X": -3912.23242,
      "Y": 1143.18726,
      "Z": 149.111572,
      "Type": "None",
      "Action": ""
    },
    {
      "X": -3903.80566,
      "Y": 1144.60852,
      "Z": 149.635284,
      "Type": "None",
      "Action": ""
    },
    {
      "X": -3895.36938,
      "Y": 1145.84229,
      "Z": 151.556015,
      "Type": "None",
      "Action": ""
    },
    {
      "X": -3886.93164,
      "Y": 1147.06567,
      "Z": 153.482971,
      "Type": "None",
      "Action": ""
    },
    {
      "X": -3878.42822,
      "Y": 1148.27515,
      "Z": 154.788773,
      "Type": "None",
      "Action": ""
    },
    {
      "X": -3870.11182,
      "Y": 1149.458,
      "Z": 154.788773,
      "Type": "None",
      "Action": ""
    },
    {
      "X": -3861.56738,
      "Y": 1150.67615,
      "Z": 154.788773,
      "Type": "None",
      "Action": ""
    },
    {
      "X": -3853.04346,
      "Y": 1152.32141,
      "Z": 154.788773,
      "Type": "None",
      "Action": ""
    },
    {
      "X": -3845.56885,
      "Y": 1156.2,
      "Z": 154.788773,
      "Type": "None",
      "Action": ""
    },
    {
      "X": -3840.10254,
      "Y": 1162.71643,
      "Z": 153.328918,
      "Type": "None",
      "Action": ""
    },
    {
      "X": -3834.84961,
      "Y": 1169.48462,
      "Z": 151.769745,
      "Type": "None",
      "Action": ""
    },
    {
      "X": -3829.05566,
      "Y": 1175.65161,
      "Z": 150.3483,
      "Type": "None",
      "Action": ""
    },
    {
      "X": -3823.08032,
      "Y": 1181.86523,
      "Z": 149.638474,
      "Type": "None",
      "Action": ""
    },
    {
      "X": -3817.25073,
      "Y": 1187.92749,
      "Z": 149.638474,
      "Type": "None",
      "Action": ""
    },
    {
      "X": -3811.35547,
      "Y": 1194.05786,
      "Z": 149.638474,
      "Type": "None",
      "Action": ""
    },
    {
      "X": -3807.026,
      "Y": 1201.43469,
      "Z": 149.638474,
      "Type": "None",
      "Action": ""
    },
    {
      "X": -3805.36719,
      "Y": 1209.62622,
      "Z": 151.930191,
      "Type": "None",
      "Action": ""
    },
    {
      "X": -3804.33228,
      "Y": 1218.13843,
      "Z": 155.674149,
      "Type": "None",
      "Action": ""
    },
    {
      "X": -3801.05078,
      "Y": 1226.00745,
      "Z": 159.14415,
      "Type": "None",
      "Action": ""
    },
    {
      "X": -3797.26514,
      "Y": 1233.53979,
      "Z": 160.272888,
      "Type": "None",
      "Action": ""
    },
    {
      "X": -3801.364,
      "Y": 1240.71387,
      "Z": 160.2714,
      "Type": "None",
      "Action": ""
    },
    {
      "X": -3808.04419,
      "Y": 1246.195,
      "Z": 160.261581,
      "Type": "None",
      "Action": ""
    },
    {
      "X": -3815.765,
      "Y": 1249.74634,
      "Z": 160.273331,
      "Type": "None",
      "Action": ""
    },
    {
      "X": -3824.03223,
      "Y": 1250.18945,
      "Z": 160.268936,
      "Type": "None",
      "Action": ""
    },
    {
      "X": -3842.87817,
      "Y": 1249.86353,
      "Z": 160.26297,
      "Type": "None",
      "Action": ""
    }
  ],
  "OffMeshConnections": []
}