{
  "StepModels": [
    {
      "$type": "WholesomeDungeonCrawler.Models.MoveAlongPathModel, WholesomeDungeonCrawler",
      "Path": [
        {
          "X": 20.5481987,
          "Y": -25.29488,
          "Z": -2.75262547,
          "Type": "None",
          "Action": ""
        },
        {
          "X": 28.2336216,
          "Y": -29.67955,
          "Z": -2.75049925,
          "Type": "None",
          "Action": ""
        },
        {
          "X": 35.74453,
          "Y": -34.4693527,
          "Z": -2.74863839,
          "Type": "None",
          "Action": ""
        },
        {
          "X": 42.9414635,
          "Y": -39.82008,
          "Z": -2.748193,
          "Type": "None",
          "Action": ""
        },
        {
          "X": 49.41462,
          "Y": -46.02644,
          "Z": -2.748193,
          "Type": "None",
          "Action": ""
        },
        {
          "X": 55.5240364,
          "Y": -52.629097,
          "Z": -2.74728179,
          "Type": "None",
          "Action": ""
        },
        {
          "X": 61.0547943,
          "Y": -59.6307755,
          "Z": -2.74722648,
          "Type": "None",
          "Action": ""
        },
        {
          "X": 63.74074,
          "Y": -68.0084457,
          "Z": -2.74675131,
          "Type": "None",
          "Action": ""
        },
        {
          "X": 62.38793,
          "Y": -76.8228149,
          "Z": -2.74675131,
          "Type": "None",
          "Action": ""
        },
        {
          "X": 58.4483223,
          "Y": -84.79063,
          "Z": -2.74675131,
          "Type": "None",
          "Action": ""
        },
        {
          "X": 54.02469,
          "Y": -92.49309,
          "Z": -2.74675131,
          "Type": "None",
          "Action": ""
        },
        {
          "X": 48.4916153,
          "Y": -98.2943039,
          "Z": -2.80656457,
          "Type": "None",
          "Action": ""
        },
        {
          "X": 41.7508774,
          "Y": -104.033257,
          "Z": -3.35239315,
          "Type": "None",
          "Action": ""
        },
        {
          "X": 32.88458,
          "Y": -105.426926,
          "Z": -4.047549,
          "Type": "None",
          "Action": ""
        },
        {
          "X": 23.9934311,
          "Y": -106.010796,
          "Z": -4.53356934,
          "Type": "None",
          "Action": ""
        },
        {
          "X": 15.4666395,
          "Y": -108.7103,
          "Z": -4.53356934,
          "Type": "None",
          "Action": ""
        },
        {
          "X": 7.84646845,
          "Y": -113.3946,
          "Z": -4.53356934,
          "Type": "None",
          "Action": ""
        },
        {
          "X": 1.091515,
          "Y": -119.257996,
          "Z": -4.53356934,
          "Type": "None",
          "Action": ""
        },
        {
          "X": -4.713979,
          "Y": -126.047951,
          "Z": -4.53356934,
          "Type": "None",
          "Action": ""
        },
        {
          "X": -8.014053,
          "Y": -134.240433,
          "Z": -4.53356934,
          "Type": "None",
          "Action": ""
        },
        {
          "X": -9.51353,
          "Y": -143.04599,
          "Z": -4.53356934,
          "Type": "None",
          "Action": ""
        },
        {
          "X": -11.0683937,
          "Y": -151.904663,
          "Z": -4.53356934,
          "Type": "None",
          "Action": ""
        },
        {
          "X": -12.9617357,
          "Y": -160.628937,
          "Z": -4.53356934,
          "Type": "None",
          "Action": ""
        },
        {
          "X": -14.8810787,
          "Y": -169.387482,
          "Z": -4.53356934,
          "Type": "None",
          "Action": ""
        },
        {
          "X": -17.7464962,
          "Y": -177.905441,
          "Z": -4.53356934,
          "Type": "None",
          "Action": ""
        },
        {
          "X": -21.4062786,
          "Y": -185.681152,
          "Z": -4.53356934,
          "Type": "None",
          "Action": ""
        },
        {
          "X": -25.1057034,
          "Y": -192.882767,
          "Z": -4.53356934,
          "Type": "None",
          "Action": ""
        },
        {
          "X": -32.43613,
          "Y": -196.616776,
          "Z": -4.53496838,
          "Type": "None",
          "Action": ""
        },
        {
          "X": -39.0286446,
          "Y": -202.626266,
          "Z": -4.53496838,
          "Type": "None",
          "Action": ""
        },
        {
          "X": -44.3666534,
          "Y": -209.723541,
          "Z": -4.53496838,
          "Type": "None",
          "Action": ""
        },
        {
          "X": -48.6932526,
          "Y": -217.317444,
          "Z": -4.53496838,
          "Type": "None",
          "Action": ""
        },
        {
          "X": -52.09387,
          "Y": -225.6185,
          "Z": -4.53636265,
          "Type": "None",
          "Action": ""
        },
        {
          "X": -53.8381424,
          "Y": -234.405426,
          "Z": -4.53636265,
          "Type": "None",
          "Action": ""
        },
        {
          "X": -55.8214378,
          "Y": -243.088135,
          "Z": -4.53636265,
          "Type": "None",
          "Action": ""
        },
        {
          "X": -59.40206,
          "Y": -251.318542,
          "Z": -4.53636265,
          "Type": "None",
          "Action": ""
        },
        {
          "X": -64.35502,
          "Y": -258.784637,
          "Z": -4.53636265,
          "Type": "None",
          "Action": ""
        },
        {
          "X": -69.65647,
          "Y": -264.683533,
          "Z": -3.05426836,
          "Type": "None",
          "Action": ""
        },
        {
          "X": -75.27519,
          "Y": -270.3044,
          "Z": -1.7787565,
          "Type": "None",
          "Action": ""
        },
        {
          "X": -81.05401,
          "Y": -275.7437,
          "Z": -0.595934749,
          "Type": "None",
          "Action": ""
        },
        {
          "X": -87.45528,
          "Y": -280.45697,
          "Z": 0.4196166,
          "Type": "None",
          "Action": ""
        },
        {
          "X": -94.82931,
          "Y": -283.4563,
          "Z": 1.67130685,
          "Type": "None",
          "Action": ""
        },
        {
          "X": -102.870193,
          "Y": -288.517548,
          "Z": 2.01039076,
          "Type": "None",
          "Action": ""
        },
        {
          "X": -111.673035,
          "Y": -291.226532,
          "Z": 3.51930046,
          "Type": "None",
          "Action": ""
        },
        {
          "X": -120.136795,
          "Y": -290.900146,
          "Z": 4.40671,
          "Type": "None",
          "Action": ""
        },
        {
          "X": -127.227188,
          "Y": -286.56015,
          "Z": 4.96477032,
          "Type": "None",
          "Action": ""
        },
        {
          "X": -128.167664,
          "Y": -278.180237,
          "Z": 6.969043,
          "Type": "None",
          "Action": ""
        },
        {
          "X": -124.016006,
          "Y": -270.674225,
          "Z": 9.656592,
          "Type": "None",
          "Action": ""
        },
        {
          "X": -118.446419,
          "Y": -265.003571,
          "Z": 13.62548,
          "Type": "None",
          "Action": ""
        },
        {
          "X": -113.103477,
          "Y": -260.395538,
          "Z": 17.8135376,
          "Type": "None",
          "Action": ""
        },
        {
          "X": -107.386482,
          "Y": -256.5973,
          "Z": 22.5649052,
          "Type": "None",
          "Action": ""
        },
        {
          "X": -99.7571945,
          "Y": -254.346039,
          "Z": 24.283886,
          "Type": "None",
          "Action": ""
        },
        {
          "X": -91.58828,
          "Y": -257.248535,
          "Z": 22.9928932,
          "Type": "None",
          "Action": ""
        },
        {
          "X": -92.71294,
          "Y": -265.2206,
          "Z": 23.9535561,
          "Type": "None",
          "Action": ""
        },
        {
          "X": -95.75966,
          "Y": -272.640747,
          "Z": 25.0535126,
          "Type": "None",
          "Action": ""
        },
        {
          "X": -99.30066,
          "Y": -280.793274,
          "Z": 26.247858,
          "Type": "None",
          "Action": ""
        },
        {
          "X": -102.495773,
          "Y": -288.081238,
          "Z": 27.3407288,
          "Type": "None",
          "Action": ""
        },
        {
          "X": -105.927765,
          "Y": -295.315643,
          "Z": 28.517622,
          "Type": "None",
          "Action": ""
        },
        {
          "X": -110.078156,
          "Y": -302.103882,
          "Z": 29.783989,
          "Type": "None",
          "Action": ""
        },
        {
          "X": -114.341042,
          "Y": -308.8224,
          "Z": 30.7765541,
          "Type": "None",
          "Action": ""
        },
        {
          "X": -118.564537,
          "Y": -315.548645,
          "Z": 31.7627316,
          "Type": "None",
          "Action": ""
        },
        {
          "X": -123.2963,
          "Y": -321.9318,
          "Z": 32.7805557,
          "Type": "None",
          "Action": ""
        },
        {
          "X": -128.103821,
          "Y": -329.444458,
          "Z": 33.2630424,
          "Type": "None",
          "Action": ""
        },
        {
          "X": -119.898933,
          "Y": -329.892456,
          "Z": 33.2526855,
          "Type": "None",
          "Action": ""
        },
        {
          "X": -111.05056,
          "Y": -329.233643,
          "Z": 32.37886,
          "Type": "None",
          "Action": ""
        },
        {
          "X": -104.6891,
          "Y": -335.200928,
          "Z": 31.85956,
          "Type": "None",
          "Action": ""
        },
        {
          "X": -103.986107,
          "Y": -343.690735,
          "Z": 33.0357933,
          "Type": "None",
          "Action": ""
        },
        {
          "X": -107.863487,
          "Y": -350.641632,
          "Z": 34.1841164,
          "Type": "None",
          "Action": ""
        },
        {
          "X": -112.338974,
          "Y": -357.351318,
          "Z": 34.6280632,
          "Type": "None",
          "Action": ""
        },
        {
          "X": -117.229996,
          "Y": -364.813263,
          "Z": 35.2073,
          "Type": "None",
          "Action": ""
        },
        {
          "X": -120.366371,
          "Y": -373.1409,
          "Z": 36.1376724,
          "Type": "None",
          "Action": ""
        }
      ],
      "Name": "Boss - Hungarfan",
      "Order": 0,
      "CompleteCondition": {
        "HasCompleteCondition": true,
        "ConditionType": 4,
        "GameObjectId": 0,
        "InitialFlags": 0,
        "ItemId": 0,
        "CSharpCondition": null,
        "DeadMobId": 17770,
        "MobPositionId": 0,
        "MobId": 0,
        "MobPositionVector": null,
        "LOSPositionVector": null,
        "WaitTime": 0
      }
    },
    {
      "$type": "WholesomeDungeonCrawler.Models.MoveAlongPathModel, WholesomeDungeonCrawler",
      "Path": [
        {
          "X": -86.35084,
          "Y": -388.566254,
          "Z": 35.68619,
          "Type": "None",
          "Action": ""
        },
        {
          "X": -77.91101,
          "Y": -388.188538,
          "Z": 34.4223671,
          "Type": "None",
          "Action": ""
        },
        {
          "X": -69.86095,
          "Y": -387.909973,
          "Z": 31.7820072,
          "Type": "None",
          "Action": ""
        },
        {
          "X": -61.133606,
          "Y": -387.505676,
          "Z": 30.908165,
          "Type": "None",
          "Action": ""
        },
        {
          "X": -52.16153,
          "Y": -387.090027,
          "Z": 30.908165,
          "Type": "None",
          "Action": ""
        },
        {
          "X": -43.90659,
          "Y": -387.0278,
          "Z": 30.908165,
          "Type": "None",
          "Action": ""
        },
        {
          "X": -35.050457,
          "Y": -388.432159,
          "Z": 31.5736122,
          "Type": "None",
          "Action": ""
        },
        {
          "X": -26.3655643,
          "Y": -390.5558,
          "Z": 31.8159542,
          "Type": "None",
          "Action": ""
        },
        {
          "X": -18.5711231,
          "Y": -392.531342,
          "Z": 29.5853,
          "Type": "None",
          "Action": ""
        },
        {
          "X": -10.9066277,
          "Y": -394.4182,
          "Z": 27.7863674,
          "Type": "None",
          "Action": ""
        },
        {
          "X": -3.02834654,
          "Y": -395.733368,
          "Z": 27.1937485,
          "Type": "None",
          "Action": ""
        },
        {
          "X": 5.90811968,
          "Y": -396.1651,
          "Z": 27.20741,
          "Type": "None",
          "Action": ""
        },
        {
          "X": 14.419404,
          "Y": -393.4151,
          "Z": 27.2657928,
          "Type": "None",
          "Action": ""
        },
        {
          "X": 19.0103683,
          "Y": -386.0961,
          "Z": 27.3472652,
          "Type": "None",
          "Action": ""
        },
        {
          "X": 23.0565968,
          "Y": -378.0939,
          "Z": 27.4302177,
          "Type": "None",
          "Action": ""
        },
        {
          "X": 23.95238,
          "Y": -369.271881,
          "Z": 27.27756,
          "Type": "None",
          "Action": ""
        },
        {
          "X": 23.9788952,
          "Y": -361.213654,
          "Z": 26.92222,
          "Type": "None",
          "Action": ""
        },
        {
          "X": 21.82256,
          "Y": -352.6046,
          "Z": 27.0260239,
          "Type": "None",
          "Action": ""
        },
        {
          "X": 19.49567,
          "Y": -344.9561,
          "Z": 28.3565712,
          "Type": "None",
          "Action": ""
        },
        {
          "X": 17.93563,
          "Y": -337.18335,
          "Z": 29.9920368,
          "Type": "None",
          "Action": ""
        },
        {
          "X": 16.6271553,
          "Y": -329.3008,
          "Z": 31.4365063,
          "Type": "None",
          "Action": ""
        },
        {
          "X": 16.20534,
          "Y": -321.027435,
          "Z": 31.694519,
          "Type": "None",
          "Action": ""
        },
        {
          "X": 17.46817,
          "Y": -312.5029,
          "Z": 31.8413582,
          "Type": "None",
          "Action": ""
        },
        {
          "X": 24.4954567,
          "Y": -307.1554,
          "Z": 32.00441,
          "Type": "None",
          "Action": ""
        },
        {
          "X": 31.40145,
          "Y": -303.114929,
          "Z": 32.228775,
          "Type": "None",
          "Action": ""
        },
        {
          "X": 39.635334,
          "Y": -299.7053,
          "Z": 32.4461441,
          "Type": "None",
          "Action": ""
        },
        {
          "X": 48.4370155,
          "Y": -297.685638,
          "Z": 32.952507,
          "Type": "None",
          "Action": ""
        },
        {
          "X": 57.11707,
          "Y": -295.597748,
          "Z": 33.13244,
          "Type": "None",
          "Action": ""
        },
        {
          "X": 65.81849,
          "Y": -293.478119,
          "Z": 32.6080551,
          "Type": "None",
          "Action": ""
        },
        {
          "X": 74.72553,
          "Y": -294.1194,
          "Z": 31.9965973,
          "Type": "None",
          "Action": ""
        },
        {
          "X": 82.4071655,
          "Y": -298.55423,
          "Z": 32.0027122,
          "Type": "None",
          "Action": ""
        },
        {
          "X": 88.2071152,
          "Y": -305.418274,
          "Z": 32.2927628,
          "Type": "None",
          "Action": ""
        },
        {
          "X": 91.6647339,
          "Y": -313.635345,
          "Z": 32.5527725,
          "Type": "None",
          "Action": ""
        },
        {
          "X": 93.60012,
          "Y": -322.417023,
          "Z": 33.1241531,
          "Type": "None",
          "Action": ""
        },
        {
          "X": 93.8661346,
          "Y": -331.3378,
          "Z": 33.18225,
          "Type": "None",
          "Action": ""
        },
        {
          "X": 91.63653,
          "Y": -339.865051,
          "Z": 33.33882,
          "Type": "None",
          "Action": ""
        },
        {
          "X": 88.0568161,
          "Y": -347.0386,
          "Z": 32.92344,
          "Type": "None",
          "Action": ""
        },
        {
          "X": 83.5787,
          "Y": -354.745117,
          "Z": 32.4747849,
          "Type": "None",
          "Action": ""
        },
        {
          "X": 79.52971,
          "Y": -361.703522,
          "Z": 32.988636,
          "Type": "None",
          "Action": ""
        },
        {
          "X": 75.62074,
          "Y": -369.6558,
          "Z": 33.1891022,
          "Type": "None",
          "Action": ""
        },
        {
          "X": 75.6063461,
          "Y": -378.563019,
          "Z": 33.230957,
          "Type": "None",
          "Action": ""
        },
        {
          "X": 80.2377,
          "Y": -386.135956,
          "Z": 33.4841156,
          "Type": "None",
          "Action": ""
        },
        {
          "X": 87.79197,
          "Y": -390.86377,
          "Z": 34.14698,
          "Type": "None",
          "Action": ""
        },
        {
          "X": 95.080925,
          "Y": -394.0547,
          "Z": 35.18732,
          "Type": "None",
          "Action": ""
        },
        {
          "X": 103.1013,
          "Y": -397.879181,
          "Z": 37.80834,
          "Type": "None",
          "Action": ""
        },
        {
          "X": 110.646782,
          "Y": -401.5877,
          "Z": 40.52699,
          "Type": "None",
          "Action": ""
        },
        {
          "X": 117.590126,
          "Y": -404.895264,
          "Z": 43.1372223,
          "Type": "None",
          "Action": ""
        },
        {
          "X": 124.801338,
          "Y": -408.296051,
          "Z": 46.0406723,
          "Type": "None",
          "Action": ""
        },
        {
          "X": 132.063568,
          "Y": -411.477173,
          "Z": 48.0817223,
          "Type": "None",
          "Action": ""
        },
        {
          "X": 136.661041,
          "Y": -419.1114,
          "Z": 48.6348724,
          "Type": "None",
          "Action": ""
        },
        {
          "X": 144.839371,
          "Y": -423.5378,
          "Z": 48.5681419,
          "Type": "None",
          "Action": ""
        },
        {
          "X": 152.651077,
          "Y": -426.949127,
          "Z": 48.32016,
          "Type": "None",
          "Action": ""
        },
        {
          "X": 159.700729,
          "Y": -431.3989,
          "Z": 48.0913048,
          "Type": "None",
          "Action": ""
        },
        {
          "X": 160.214157,
          "Y": -439.460663,
          "Z": 48.1355743,
          "Type": "None",
          "Action": ""
        },
        {
          "X": 168.846924,
          "Y": -439.7494,
          "Z": 48.2444878,
          "Type": "None",
          "Action": ""
        },
        {
          "X": 167.872665,
          "Y": -430.943726,
          "Z": 48.1896324,
          "Type": "None",
          "Action": ""
        },
        {
          "X": 167.787262,
          "Y": -422.118866,
          "Z": 48.1537628,
          "Type": "None",
          "Action": ""
        },
        {
          "X": 171.12442,
          "Y": -414.746246,
          "Z": 48.1386147,
          "Type": "None",
          "Action": ""
        },
        {
          "X": 175.732956,
          "Y": -407.049255,
          "Z": 48.1329842,
          "Type": "None",
          "Action": ""
        },
        {
          "X": 181.101517,
          "Y": -399.886261,
          "Z": 48.1346931,
          "Type": "None",
          "Action": ""
        },
        {
          "X": 187.0658,
          "Y": -393.276031,
          "Z": 48.1363258,
          "Type": "None",
          "Action": ""
        },
        {
          "X": 192.778748,
          "Y": -387.490265,
          "Z": 48.121666,
          "Type": "None",
          "Action": ""
        },
        {
          "X": 193.784317,
          "Y": -376.768982,
          "Z": 48.04915,
          "Type": "None",
          "Action": ""
        },
        {
          "X": 200.158569,
          "Y": -371.61438,
          "Z": 48.0477142,
          "Type": "None",
          "Action": ""
        },
        {
          "X": 207.804413,
          "Y": -366.956726,
          "Z": 48.4773254,
          "Type": "None",
          "Action": ""
        },
        {
          "X": 214.545364,
          "Y": -365.2977,
          "Z": 53.4406,
          "Type": "None",
          "Action": ""
        },
        {
          "X": 221.369476,
          "Y": -363.869781,
          "Z": 58.3504562,
          "Type": "None",
          "Action": ""
        },
        {
          "X": 228.105316,
          "Y": -362.2896,
          "Z": 63.226696,
          "Type": "None",
          "Action": ""
        },
        {
          "X": 234.958145,
          "Y": -360.900726,
          "Z": 68.1494,
          "Type": "None",
          "Action": ""
        },
        {
          "X": 242.008331,
          "Y": -361.217072,
          "Z": 72.20054,
          "Type": "None",
          "Action": ""
        },
        {
          "X": 250.04567,
          "Y": -365.026733,
          "Z": 72.1637344,
          "Type": "None",
          "Action": ""
        },
        {
          "X": 257.413879,
          "Y": -368.2861,
          "Z": 72.1637344,
          "Type": "None",
          "Action": ""
        },
        {
          "X": 263.937927,
          "Y": -373.66095,
          "Z": 72.1637344,
          "Type": "None",
          "Action": ""
        },
        {
          "X": 259.264618,
          "Y": -380.584167,
          "Z": 72.3840942,
          "Type": "None",
          "Action": ""
        },
        {
          "X": 250.413513,
          "Y": -380.870544,
          "Z": 72.6129456,
          "Type": "None",
          "Action": ""
        },
        {
          "X": 241.596268,
          "Y": -379.189423,
          "Z": 72.5659,
          "Type": "None",
          "Action": ""
        },
        {
          "X": 232.7666,
          "Y": -378.808319,
          "Z": 72.50156,
          "Type": "None",
          "Action": ""
        },
        {
          "X": 223.982071,
          "Y": -380.607269,
          "Z": 72.47571,
          "Type": "None",
          "Action": ""
        },
        {
          "X": 215.332245,
          "Y": -382.90918,
          "Z": 72.46068,
          "Type": "None",
          "Action": ""
        },
        {
          "X": 208.194611,
          "Y": -388.1262,
          "Z": 72.47509,
          "Type": "None",
          "Action": ""
        },
        {
          "X": 202.079254,
          "Y": -393.346527,
          "Z": 72.49255,
          "Type": "None",
          "Action": ""
        },
        {
          "X": 194.6634,
          "Y": -398.300262,
          "Z": 72.49488,
          "Type": "None",
          "Action": ""
        },
        {
          "X": 186.258423,
          "Y": -401.404083,
          "Z": 72.4429,
          "Type": "None",
          "Action": ""
        },
        {
          "X": 180.936356,
          "Y": -408.347473,
          "Z": 72.438385,
          "Type": "None",
          "Action": ""
        },
        {
          "X": 176.738068,
          "Y": -416.0724,
          "Z": 72.4602,
          "Type": "None",
          "Action": ""
        },
        {
          "X": 170.83902,
          "Y": -422.806244,
          "Z": 72.44733,
          "Type": "None",
          "Action": ""
        },
        {
          "X": 168.814575,
          "Y": -431.335541,
          "Z": 72.47217,
          "Type": "None",
          "Action": ""
        },
        {
          "X": 167.152527,
          "Y": -439.175232,
          "Z": 72.4845352,
          "Type": "None",
          "Action": ""
        },
        {
          "X": 164.867416,
          "Y": -447.341431,
          "Z": 72.4870453,
          "Type": "None",
          "Action": ""
        },
        {
          "X": 163.042419,
          "Y": -456.090271,
          "Z": 72.5283356,
          "Type": "None",
          "Action": ""
        },
        {
          "X": 162.21608,
          "Y": -463.999176,
          "Z": 74.63903,
          "Type": "None",
          "Action": ""
        },
        {
          "X": 170.1383,
          "Y": -467.1704,
          "Z": 75.82764,
          "Type": "None",
          "Action": ""
        },
        {
          "X": 178.815048,
          "Y": -468.938873,
          "Z": 76.50623,
          "Type": "None",
          "Action": ""
        },
        {
          "X": 187.739456,
          "Y": -469.7584,
          "Z": 77.5289,
          "Type": "None",
          "Action": ""
        },
        {
          "X": 195.593948,
          "Y": -471.299133,
          "Z": 78.15599,
          "Type": "None",
          "Action": ""
        },
        {
          "X": 203.06575,
          "Y": -474.00235,
          "Z": 79.534256,
          "Type": "None",
          "Action": ""
        },
        {
          "X": 211.317551,
          "Y": -477.428558,
          "Z": 80.22562,
          "Type": "None",
          "Action": ""
        },
        {
          "X": 219.903763,
          "Y": -475.885742,
          "Z": 80.98772,
          "Type": "None",
          "Action": ""
        },
        {
          "X": 228.0487,
          "Y": -472.207245,
          "Z": 81.37129,
          "Type": "None",
          "Action": ""
        },
        {
          "X": 235.927,
          "Y": -468.5455,
          "Z": 81.37129,
          "Type": "None",
          "Action": ""
        },
        {
          "X": 244.103012,
          "Y": -464.745361,
          "Z": 81.37129,
          "Type": "None",
          "Action": ""
        }
      ],
      "Name": "Boss - Ghaz'an",
      "Order": 1,
      "CompleteCondition": {
        "HasCompleteCondition": true,
        "ConditionType": 4,
        "GameObjectId": 0,
        "InitialFlags": 0,
        "ItemId": 0,
        "CSharpCondition": null,
        "DeadMobId": 18105,
        "MobPositionId": 0,
        "MobId": 0,
        "MobPositionVector": null,
        "LOSPositionVector": null,
        "WaitTime": 0
      }
    },
    {
      "$type": "WholesomeDungeonCrawler.Models.MoveAlongPathModel, WholesomeDungeonCrawler",
      "Path": [
        {
          "X": 273.489166,
          "Y": -458.362671,
          "Z": 81.37129,
          "Type": "None",
          "Action": ""
        },
        {
          "X": 281.8788,
          "Y": -457.181335,
          "Z": 80.53303,
          "Type": "None",
          "Action": ""
        },
        {
          "X": 289.377869,
          "Y": -458.948761,
          "Z": 75.89695,
          "Type": "None",
          "Action": ""
        },
        {
          "X": 310.043671,
          "Y": -467.790436,
          "Z": 49.15216,
          "Type": "Swimming",
          "Action": ""
        },
        {
          "X": 318.39447,
          "Y": -469.736877,
          "Z": 49.15216,
          "Type": "Swimming",
          "Action": ""
        },
        {
          "X": 326.657043,
          "Y": -471.173462,
          "Z": 50.8693733,
          "Type": "None",
          "Action": ""
        },
        {
          "X": 334.618927,
          "Y": -470.41333,
          "Z": 52.20104,
          "Type": "None",
          "Action": ""
        },
        {
          "X": 359.3394,
          "Y": -464.130981,
          "Z": 24.77749,
          "Type": "None",
          "Action": ""
        },
        {
          "X": 361.186646,
          "Y": -456.796417,
          "Z": 27.9216042,
          "Type": "None",
          "Action": ""
        },
        {
          "X": 361.45517,
          "Y": -448.908722,
          "Z": 31.3108749,
          "Type": "None",
          "Action": ""
        },
        {
          "X": 361.296967,
          "Y": -440.979645,
          "Z": 34.75619,
          "Type": "None",
          "Action": ""
        },
        {
          "X": 359.0186,
          "Y": -433.333466,
          "Z": 38.48641,
          "Type": "None",
          "Action": ""
        },
        {
          "X": 354.927521,
          "Y": -426.465942,
          "Z": 42.1916656,
          "Type": "None",
          "Action": ""
        },
        {
          "X": 350.2248,
          "Y": -420.072571,
          "Z": 45.43354,
          "Type": "None",
          "Action": ""
        },
        {
          "X": 344.703156,
          "Y": -412.957764,
          "Z": 46.5692062,
          "Type": "None",
          "Action": ""
        },
        {
          "X": 339.515656,
          "Y": -405.7363,
          "Z": 46.126194,
          "Type": "None",
          "Action": ""
        },
        {
          "X": 335.269318,
          "Y": -397.8324,
          "Z": 45.06445,
          "Type": "None",
          "Action": ""
        },
        {
          "X": 333.388245,
          "Y": -389.184357,
          "Z": 44.2181854,
          "Type": "None",
          "Action": ""
        },
        {
          "X": 334.013855,
          "Y": -381.279755,
          "Z": 42.9502678,
          "Type": "None",
          "Action": ""
        },
        {
          "X": 338.725159,
          "Y": -374.989136,
          "Z": 39.44659,
          "Type": "None",
          "Action": ""
        },
        {
          "X": 344.3417,
          "Y": -369.4909,
          "Z": 37.31342,
          "Type": "None",
          "Action": ""
        },
        {
          "X": 346.137878,
          "Y": -361.83786,
          "Z": 34.9661827,
          "Type": "None",
          "Action": ""
        },
        {
          "X": 345.276,
          "Y": -353.942078,
          "Z": 31.8182,
          "Type": "None",
          "Action": ""
        },
        {
          "X": 341.498749,
          "Y": -347.132721,
          "Z": 29.3158321,
          "Type": "None",
          "Action": ""
        },
        {
          "X": 336.804565,
          "Y": -340.895325,
          "Z": 25.705534,
          "Type": "None",
          "Action": ""
        },
        {
          "X": 331.8769,
          "Y": -334.684479,
          "Z": 23.1376019,
          "Type": "None",
          "Action": ""
        },
        {
          "X": 327.3204,
          "Y": -328.418854,
          "Z": 20.4541435,
          "Type": "None",
          "Action": ""
        },
        {
          "X": 322.5407,
          "Y": -322.0632,
          "Z": 19.0394363,
          "Type": "None",
          "Action": ""
        },
        {
          "X": 315.8935,
          "Y": -317.554657,
          "Z": 18.7895966,
          "Type": "None",
          "Action": ""
        },
        {
          "X": 308.075439,
          "Y": -313.127563,
          "Z": 18.7544937,
          "Type": "None",
          "Action": ""
        },
        {
          "X": 299.883362,
          "Y": -309.500977,
          "Z": 19.086586,
          "Type": "None",
          "Action": ""
        },
        {
          "X": 288.687256,
          "Y": -306.635956,
          "Z": 19.383379,
          "Type": "None",
          "Action": ""
        },
        {
          "X": 282.8419,
          "Y": -300.339081,
          "Z": 19.0940475,
          "Type": "None",
          "Action": ""
        },
        {
          "X": 277.982422,
          "Y": -293.974548,
          "Z": 20.45251,
          "Type": "None",
          "Action": ""
        },
        {
          "X": 273.897,
          "Y": -287.129272,
          "Z": 22.8355045,
          "Type": "None",
          "Action": ""
        },
        {
          "X": 269.931671,
          "Y": -280.247437,
          "Z": 24.2653732,
          "Type": "None",
          "Action": ""
        },
        {
          "X": 266.279,
          "Y": -272.0706,
          "Z": 24.5023212,
          "Type": "None",
          "Action": ""
        },
        {
          "X": 265.329681,
          "Y": -263.1863,
          "Z": 25.4547482,
          "Type": "None",
          "Action": ""
        },
        {
          "X": 265.125854,
          "Y": -255.085892,
          "Z": 26.0991879,
          "Type": "None",
          "Action": ""
        },
        {
          "X": 265.6009,
          "Y": -246.125244,
          "Z": 26.7102318,
          "Type": "None",
          "Action": ""
        },
        {
          "X": 266.4341,
          "Y": -237.212067,
          "Z": 27.3201141,
          "Type": "None",
          "Action": ""
        },
        {
          "X": 267.3281,
          "Y": -229.284088,
          "Z": 28.1805286,
          "Type": "None",
          "Action": ""
        },
        {
          "X": 267.735382,
          "Y": -221.3159,
          "Z": 28.8679028,
          "Type": "None",
          "Action": ""
        },
        {
          "X": 267.3354,
          "Y": -212.402908,
          "Z": 28.7819862,
          "Type": "None",
          "Action": ""
        },
        {
          "X": 267.210358,
          "Y": -203.480347,
          "Z": 28.7730312,
          "Type": "None",
          "Action": ""
        },
        {
          "X": 265.1109,
          "Y": -194.792389,
          "Z": 28.4884129,
          "Type": "None",
          "Action": ""
        },
        {
          "X": 262.288483,
          "Y": -187.274918,
          "Z": 28.5124168,
          "Type": "None",
          "Action": ""
        },
        {
          "X": 259.290649,
          "Y": -178.769379,
          "Z": 28.8379936,
          "Type": "None",
          "Action": ""
        },
        {
          "X": 256.781219,
          "Y": -170.218124,
          "Z": 28.8338432,
          "Type": "None",
          "Action": ""
        },
        {
          "X": 256.2676,
          "Y": -161.391129,
          "Z": 28.9810123,
          "Type": "None",
          "Action": ""
        },
        {
          "X": 259.7547,
          "Y": -153.164322,
          "Z": 29.3509521,
          "Type": "None",
          "Action": ""
        },
        {
          "X": 261.6497,
          "Y": -145.16272,
          "Z": 29.549675,
          "Type": "None",
          "Action": ""
        },
        {
          "X": 268.078217,
          "Y": -140.382278,
          "Z": 29.9094334,
          "Type": "None",
          "Action": ""
        },
        {
          "X": 274.880768,
          "Y": -135.508636,
          "Z": 29.8512459,
          "Type": "None",
          "Action": ""
        }
      ],
      "Name": "Boss - Swamplord Musel'ek",
      "Order": 2,
      "CompleteCondition": {
        "HasCompleteCondition": true,
        "ConditionType": 4,
        "GameObjectId": 0,
        "InitialFlags": 0,
        "ItemId": 0,
        "CSharpCondition": null,
        "DeadMobId": 17826,
        "MobPositionId": 0,
        "MobId": 17894,
        "MobPositionVector": null,
        "LOSPositionVector": null,
        "WaitTime": 0
      }
    },
    {
      "$type": "WholesomeDungeonCrawler.Models.MoveAlongPathModel, WholesomeDungeonCrawler",
      "Path": [
        {
          "X": 270.739258,
          "Y": -123.870651,
          "Z": 29.88462,
          "Type": "None",
          "Action": ""
        },
        {
          "X": 262.078033,
          "Y": -125.448219,
          "Z": 29.596735,
          "Type": "None",
          "Action": ""
        },
        {
          "X": 253.1794,
          "Y": -125.5305,
          "Z": 28.9476242,
          "Type": "None",
          "Action": ""
        },
        {
          "X": 244.280441,
          "Y": -124.676971,
          "Z": 27.6683636,
          "Type": "None",
          "Action": ""
        },
        {
          "X": 236.307724,
          "Y": -124.450218,
          "Z": 26.3685474,
          "Type": "None",
          "Action": ""
        },
        {
          "X": 227.42511,
          "Y": -124.310394,
          "Z": 25.523056,
          "Type": "None",
          "Action": ""
        },
        {
          "X": 218.405365,
          "Y": -124.22113,
          "Z": 25.3743782,
          "Type": "None",
          "Action": ""
        },
        {
          "X": 210.467438,
          "Y": -123.940208,
          "Z": 26.3565025,
          "Type": "None",
          "Action": ""
        },
        {
          "X": 202.475647,
          "Y": -123.657379,
          "Z": 26.7131615,
          "Type": "None",
          "Action": ""
        },
        {
          "X": 193.532455,
          "Y": -123.267334,
          "Z": 26.8593464,
          "Type": "None",
          "Action": ""
        },
        {
          "X": 185.655777,
          "Y": -121.837395,
          "Z": 26.2433338,
          "Type": "None",
          "Action": ""
        },
        {
          "X": 177.701279,
          "Y": -117.97863,
          "Z": 25.63783,
          "Type": "None",
          "Action": ""
        },
        {
          "X": 171.274078,
          "Y": -111.799049,
          "Z": 25.745697,
          "Type": "None",
          "Action": ""
        },
        {
          "X": 167.449234,
          "Y": -103.768234,
          "Z": 26.0690651,
          "Type": "None",
          "Action": ""
        },
        {
          "X": 166.430573,
          "Y": -94.92877,
          "Z": 26.5654373,
          "Type": "None",
          "Action": ""
        },
        {
          "X": 167.872528,
          "Y": -86.11025,
          "Z": 26.7191181,
          "Type": "None",
          "Action": ""
        },
        {
          "X": 172.011887,
          "Y": -78.2249451,
          "Z": 26.7308,
          "Type": "None",
          "Action": ""
        },
        {
          "X": 177.430511,
          "Y": -71.10282,
          "Z": 26.5435467,
          "Type": "None",
          "Action": ""
        },
        {
          "X": 183.6184,
          "Y": -64.61365,
          "Z": 26.4085178,
          "Type": "None",
          "Action": ""
        },
        {
          "X": 189.813141,
          "Y": -58.171154,
          "Z": 26.398716,
          "Type": "None",
          "Action": ""
        },
        {
          "X": 196.197922,
          "Y": -51.855114,
          "Z": 26.7737942,
          "Type": "None",
          "Action": ""
        },
        {
          "X": 202.217682,
          "Y": -46.5020523,
          "Z": 27.1993027,
          "Type": "None",
          "Action": ""
        },
        {
          "X": 208.663483,
          "Y": -40.4127159,
          "Z": 27.561718,
          "Type": "None",
          "Action": ""
        },
        {
          "X": 214.419083,
          "Y": -33.48343,
          "Z": 27.561718,
          "Type": "None",
          "Action": ""
        },
        {
          "X": 217.920212,
          "Y": -25.30072,
          "Z": 27.561718,
          "Type": "None",
          "Action": ""
        },
        {
          "X": 218.178268,
          "Y": -16.3980789,
          "Z": 27.561718,
          "Type": "None",
          "Action": ""
        },
        {
          "X": 215.120041,
          "Y": -8.09769,
          "Z": 27.561718,
          "Type": "None",
          "Action": ""
        },
        {
          "X": 210.267715,
          "Y": -0.605405867,
          "Z": 27.561718,
          "Type": "None",
          "Action": ""
        },
        {
          "X": 203.469238,
          "Y": 5.19358253,
          "Z": 27.561718,
          "Type": "None",
          "Action": ""
        },
        {
          "X": 196.280426,
          "Y": 9.029159,
          "Z": 27.561718,
          "Type": "None",
          "Action": ""
        },
        {
          "X": 188.514313,
          "Y": 11.2092266,
          "Z": 27.4215946,
          "Type": "None",
          "Action": ""
        },
        {
          "X": 180.063889,
          "Y": 11.2901812,
          "Z": 26.7915611,
          "Type": "None",
          "Action": ""
        },
        {
          "X": 171.104752,
          "Y": 11.66939,
          "Z": 26.84123,
          "Type": "None",
          "Action": ""
        },
        {
          "X": 162.158768,
          "Y": 12.1969337,
          "Z": 26.865572,
          "Type": "None",
          "Action": ""
        },
        {
          "X": 153.6329,
          "Y": 12.9018068,
          "Z": 26.8652477,
          "Type": "None",
          "Action": ""
        }
      ],
      "Name": "Boss - The Black Stalker",
      "Order": 3,
      "CompleteCondition": {
        "HasCompleteCondition": true,
        "ConditionType": 4,
        "GameObjectId": 0,
        "InitialFlags": 0,
        "ItemId": 0,
        "CSharpCondition": null,
        "DeadMobId": 17882,
        "MobPositionId": 17826,
        "MobId": 17894,
        "MobPositionVector": {
          "X": 288.357849,
          "Y": -126.346504,
          "Z": 29.7561016,
          "Type": "None",
          "Action": ""
        },
        "LOSPositionVector": null,
        "WaitTime": 0
      }
    }
  ],
  "MapId": 546,
  "Name": "The Underbog (Alliance)",
  "Faction": 2,
  "DeathRunPath": [
    {
      "X": 223.193085,
      "Y": 6201.751,
      "Z": 22.3458519,
      "Type": "None",
      "Action": ""
    },
    {
      "X": 213.902145,
      "Y": 6200.18262,
      "Z": 22.3995152,
      "Type": "None",
      "Action": ""
    },
    {
      "X": 205.511948,
      "Y": 6201.05029,
      "Z": 22.1941471,
      "Type": "None",
      "Action": ""
    },
    {
      "X": 198.229889,
      "Y": 6204.82666,
      "Z": 22.2713642,
      "Type": "None",
      "Action": ""
    },
    {
      "X": 197.0812,
      "Y": 6212.971,
      "Z": 22.8477859,
      "Type": "None",
      "Action": ""
    },
    {
      "X": 198.625763,
      "Y": 6221.38574,
      "Z": 22.8730335,
      "Type": "None",
      "Action": ""
    },
    {
      "X": 199.978943,
      "Y": 6229.71875,
      "Z": 23.0904255,
      "Type": "None",
      "Action": ""
    },
    {
      "X": 202.008881,
      "Y": 6238.042,
      "Z": 23.3499,
      "Type": "None",
      "Action": ""
    },
    {
      "X": 206.350769,
      "Y": 6245.21875,
      "Z": 22.5489063,
      "Type": "None",
      "Action": ""
    },
    {
      "X": 212.349854,
      "Y": 6251.4043,
      "Z": 20.7711163,
      "Type": "None",
      "Action": ""
    },
    {
      "X": 218.6931,
      "Y": 6257.13867,
      "Z": 19.1819019,
      "Type": "None",
      "Action": ""
    },
    {
      "X": 225.1281,
      "Y": 6262.505,
      "Z": 18.2677441,
      "Type": "None",
      "Action": ""
    },
    {
      "X": 231.805023,
      "Y": 6268.073,
      "Z": 18.2677441,
      "Type": "None",
      "Action": ""
    },
    {
      "X": 238.200928,
      "Y": 6273.67627,
      "Z": 18.2677441,
      "Type": "None",
      "Action": ""
    },
    {
      "X": 244.2376,
      "Y": 6279.622,
      "Z": 18.2677441,
      "Type": "None",
      "Action": ""
    },
    {
      "X": 250.394958,
      "Y": 6285.51953,
      "Z": 19.2526455,
      "Type": "None",
      "Action": ""
    },
    {
      "X": 256.586243,
      "Y": 6291.472,
      "Z": 19.8585281,
      "Type": "None",
      "Action": ""
    },
    {
      "X": 262.699524,
      "Y": 6297.401,
      "Z": 18.7552547,
      "Type": "None",
      "Action": ""
    },
    {
      "X": 268.8601,
      "Y": 6303.38525,
      "Z": 18.268856,
      "Type": "None",
      "Action": ""
    },
    {
      "X": 274.892456,
      "Y": 6309.18555,
      "Z": 18.268856,
      "Type": "None",
      "Action": ""
    },
    {
      "X": 281.1973,
      "Y": 6315.248,
      "Z": 18.268856,
      "Type": "None",
      "Action": ""
    },
    {
      "X": 287.396149,
      "Y": 6321.208,
      "Z": 18.268856,
      "Type": "None",
      "Action": ""
    },
    {
      "X": 293.526672,
      "Y": 6327.07275,
      "Z": 18.268856,
      "Type": "None",
      "Action": ""
    },
    {
      "X": 299.894073,
      "Y": 6332.805,
      "Z": 18.268856,
      "Type": "None",
      "Action": ""
    },
    {
      "X": 306.284058,
      "Y": 6338.529,
      "Z": 18.268856,
      "Type": "None",
      "Action": ""
    },
    {
      "X": 312.572327,
      "Y": 6344.16162,
      "Z": 18.268856,
      "Type": "None",
      "Action": ""
    },
    {
      "X": 318.884064,
      "Y": 6349.815,
      "Z": 20.808979,
      "Type": "None",
      "Action": ""
    },
    {
      "X": 325.294983,
      "Y": 6355.562,
      "Z": 22.7396145,
      "Type": "None",
      "Action": ""
    },
    {
      "X": 331.280884,
      "Y": 6361.6626,
      "Z": 23.7896137,
      "Type": "None",
      "Action": ""
    },
    {
      "X": 336.755341,
      "Y": 6368.226,
      "Z": 23.8088589,
      "Type": "None",
      "Action": ""
    },
    {
      "X": 341.894043,
      "Y": 6375.068,
      "Z": 22.4514713,
      "Type": "None",
      "Action": ""
    },
    {
      "X": 346.477142,
      "Y": 6382.25439,
      "Z": 22.3511086,
      "Type": "None",
      "Action": ""
    },
    {
      "X": 351.0155,
      "Y": 6389.47461,
      "Z": 23.0480328,
      "Type": "None",
      "Action": ""
    },
    {
      "X": 355.544678,
      "Y": 6396.80859,
      "Z": 22.46794,
      "Type": "None",
      "Action": ""
    },
    {
      "X": 359.8956,
      "Y": 6404.226,
      "Z": 23.26868,
      "Type": "None",
      "Action": ""
    },
    {
      "X": 364.211975,
      "Y": 6411.591,
      "Z": 23.9920082,
      "Type": "None",
      "Action": ""
    },
    {
      "X": 368.5593,
      "Y": 6418.82764,
      "Z": 22.9145832,
      "Type": "None",
      "Action": ""
    },
    {
      "X": 373.0853,
      "Y": 6426.21338,
      "Z": 21.9389668,
      "Type": "None",
      "Action": ""
    },
    {
      "X": 377.468658,
      "Y": 6433.3667,
      "Z": 21.421257,
      "Type": "None",
      "Action": ""
    },
    {
      "X": 381.822449,
      "Y": 6440.51367,
      "Z": 18.9300117,
      "Type": "None",
      "Action": ""
    },
    {
      "X": 386.3521,
      "Y": 6447.97168,
      "Z": 18.2679768,
      "Type": "None",
      "Action": ""
    },
    {
      "X": 390.757416,
      "Y": 6455.405,
      "Z": 18.2679768,
      "Type": "None",
      "Action": ""
    },
    {
      "X": 394.651581,
      "Y": 6462.75,
      "Z": 19.2391129,
      "Type": "None",
      "Action": ""
    },
    {
      "X": 397.44278,
      "Y": 6470.80225,
      "Z": 20.326622,
      "Type": "None",
      "Action": ""
    },
    {
      "X": 399.211517,
      "Y": 6479.1875,
      "Z": 20.3972721,
      "Type": "None",
      "Action": ""
    },
    {
      "X": 401.1382,
      "Y": 6487.69775,
      "Z": 18.84151,
      "Type": "None",
      "Action": ""
    },
    {
      "X": 403.111237,
      "Y": 6495.9165,
      "Z": 18.267849,
      "Type": "None",
      "Action": ""
    },
    {
      "X": 405.0668,
      "Y": 6504.39648,
      "Z": 18.26784,
      "Type": "None",
      "Action": ""
    },
    {
      "X": 406.1721,
      "Y": 6512.34473,
      "Z": 16.126791,
      "Type": "Swimming",
      "Action": ""
    },
    {
      "X": 407.204163,
      "Y": 6520.759,
      "Z": 14.834938,
      "Type": "Swimming",
      "Action": ""
    },
    {
      "X": 408.25946,
      "Y": 6529.292,
      "Z": 13.7834778,
      "Type": "Swimming",
      "Action": ""
    },
    {
      "X": 409.658752,
      "Y": 6537.80957,
      "Z": 12.898838,
      "Type": "Swimming",
      "Action": ""
    },
    {
      "X": 411.241455,
      "Y": 6546.288,
      "Z": 12.2578917,
      "Type": "Swimming",
      "Action": ""
    },
    {
      "X": 412.791779,
      "Y": 6554.59326,
      "Z": 11.6300688,
      "Type": "Swimming",
      "Action": ""
    },
    {
      "X": 414.375763,
      "Y": 6563.07861,
      "Z": 10.9885979,
      "Type": "Swimming",
      "Action": ""
    },
    {
      "X": 416.083252,
      "Y": 6571.551,
      "Z": 10.3231888,
      "Type": "Swimming",
      "Action": ""
    },
    {
      "X": 417.917023,
      "Y": 6580.01465,
      "Z": 9.592227,
      "Type": "Swimming",
      "Action": ""
    },
    {
      "X": 420.4043,
      "Y": 6588.172,
      "Z": 9.096368,
      "Type": "Swimming",
      "Action": ""
    },
    {
      "X": 422.669342,
      "Y": 6596.582,
      "Z": 8.678019,
      "Type": "Swimming",
      "Action": ""
    },
    {
      "X": 424.8939,
      "Y": 6604.84131,
      "Z": 8.267145,
      "Type": "Swimming",
      "Action": ""
    },
    {
      "X": 427.155273,
      "Y": 6613.238,
      "Z": 7.849475,
      "Type": "Swimming",
      "Action": ""
    },
    {
      "X": 429.4019,
      "Y": 6621.579,
      "Z": 7.43452358,
      "Type": "Swimming",
      "Action": ""
    },
    {
      "X": 431.641174,
      "Y": 6629.89355,
      "Z": 7.02093172,
      "Type": "Swimming",
      "Action": ""
    },
    {
      "X": 433.8602,
      "Y": 6638.13232,
      "Z": 6.61107826,
      "Type": "Swimming",
      "Action": ""
    },
    {
      "X": 436.125244,
      "Y": 6646.54248,
      "Z": 6.19272852,
      "Type": "Swimming",
      "Action": ""
    },
    {
      "X": 438.329559,
      "Y": 6654.72656,
      "Z": 5.78559351,
      "Type": "Swimming",
      "Action": ""
    },
    {
      "X": 440.651642,
      "Y": 6663.348,
      "Z": 5.35670853,
      "Type": "Swimming",
      "Action": ""
    },
    {
      "X": 442.9167,
      "Y": 6671.7583,
      "Z": 4.938359,
      "Type": "Swimming",
      "Action": ""
    },
    {
      "X": 445.172516,
      "Y": 6680.134,
      "Z": 4.521708,
      "Type": "Swimming",
      "Action": ""
    },
    {
      "X": 447.386047,
      "Y": 6688.35254,
      "Z": 4.112874,
      "Type": "Swimming",
      "Action": ""
    },
    {
      "X": 449.6253,
      "Y": 6696.6665,
      "Z": 3.69928217,
      "Type": "Swimming",
      "Action": ""
    },
    {
      "X": 451.84436,
      "Y": 6704.906,
      "Z": 3.28942871,
      "Type": "Swimming",
      "Action": ""
    },
    {
      "X": 454.1149,
      "Y": 6713.336,
      "Z": 2.870059,
      "Type": "Swimming",
      "Action": ""
    },
    {
      "X": 456.363373,
      "Y": 6721.68457,
      "Z": 2.45476818,
      "Type": "Swimming",
      "Action": ""
    },
    {
      "X": 458.5953,
      "Y": 6729.971,
      "Z": 2.04253578,
      "Type": "Swimming",
      "Action": ""
    },
    {
      "X": 461.57135,
      "Y": 6738.02637,
      "Z": 1.74202573,
      "Type": "Swimming",
      "Action": ""
    },
    {
      "X": 464.5971,
      "Y": 6746.132,
      "Z": 1.48523927,
      "Type": "Swimming",
      "Action": ""
    },
    {
      "X": 467.679138,
      "Y": 6754.24756,
      "Z": 1.2526952,
      "Type": "Swimming",
      "Action": ""
    },
    {
      "X": 470.789063,
      "Y": 6762.27734,
      "Z": 1.06659424,
      "Type": "Swimming",
      "Action": ""
    },
    {
      "X": 474.1642,
      "Y": 6770.194,
      "Z": 1.05385506,
      "Type": "Swimming",
      "Action": ""
    },
    {
      "X": 477.593262,
      "Y": 6778.17236,
      "Z": 1.11922824,
      "Type": "Swimming",
      "Action": ""
    },
    {
      "X": 481.005,
      "Y": 6786.14258,
      "Z": 1.17975533,
      "Type": "Swimming",
      "Action": ""
    },
    {
      "X": 484.428436,
      "Y": 6794.085,
      "Z": 1.24013412,
      "Type": "Swimming",
      "Action": ""
    },
    {
      "X": 488.142426,
      "Y": 6801.804,
      "Z": 1.34029937,
      "Type": "Swimming",
      "Action": ""
    },
    {
      "X": 492.1369,
      "Y": 6809.585,
      "Z": 1.4929713,
      "Type": "Swimming",
      "Action": ""
    },
    {
      "X": 496.0208,
      "Y": 6817.208,
      "Z": 1.64230525,
      "Type": "Swimming",
      "Action": ""
    },
    {
      "X": 499.975433,
      "Y": 6824.96973,
      "Z": 1.794359,
      "Type": "Swimming",
      "Action": ""
    },
    {
      "X": 503.897919,
      "Y": 6832.66846,
      "Z": 1.94517636,
      "Type": "Swimming",
      "Action": ""
    },
    {
      "X": 507.9307,
      "Y": 6840.32959,
      "Z": 2.21781683,
      "Type": "Swimming",
      "Action": ""
    },
    {
      "X": 512.02124,
      "Y": 6847.983,
      "Z": 2.55118275,
      "Type": "Swimming",
      "Action": ""
    },
    {
      "X": 516.0984,
      "Y": 6855.611,
      "Z": 2.88346052,
      "Type": "Swimming",
      "Action": ""
    },
    {
      "X": 520.118835,
      "Y": 6863.1333,
      "Z": 3.21111631,
      "Type": "Swimming",
      "Action": ""
    },
    {
      "X": 524.172668,
      "Y": 6870.718,
      "Z": 3.54149079,
      "Type": "Swimming",
      "Action": ""
    },
    {
      "X": 528.2098,
      "Y": 6878.271,
      "Z": 3.87050581,
      "Type": "Swimming",
      "Action": ""
    },
    {
      "X": 532.458557,
      "Y": 6885.937,
      "Z": 4.07201624,
      "Type": "Swimming",
      "Action": ""
    },
    {
      "X": 536.8144,
      "Y": 6893.441,
      "Z": 3.56495476,
      "Type": "Swimming",
      "Action": ""
    },
    {
      "X": 541.335144,
      "Y": 6900.84863,
      "Z": 2.74005842,
      "Type": "Swimming",
      "Action": ""
    },
    {
      "X": 545.926636,
      "Y": 6908.096,
      "Z": 1.40097034,
      "Type": "Swimming",
      "Action": ""
    },
    {
      "X": 550.329468,
      "Y": 6915.264,
      "Z": 0.0489716828,
      "Type": "Swimming",
      "Action": ""
    },
    {
      "X": 554.6294,
      "Y": 6922.332,
      "Z": -2.16368341,
      "Type": "Swimming",
      "Action": ""
    },
    {
      "X": 558.594849,
      "Y": 6929.39258,
      "Z": -5.242233,
      "Type": "Swimming",
      "Action": ""
    },
    {
      "X": 561.9266,
      "Y": 6935.84863,
      "Z": -9.625505,
      "Type": "Swimming",
      "Action": ""
    },
    {
      "X": 565.1238,
      "Y": 6940.01758,
      "Z": -16.3851,
      "Type": "Swimming",
      "Action": ""
    },
    {
      "X": 568.8819,
      "Y": 6941.46143,
      "Z": -24.2446136,
      "Type": "Swimming",
      "Action": ""
    },
    {
      "X": 574.7273,
      "Y": 6940.12256,
      "Z": -30.3346615,
      "Type": "Swimming",
      "Action": ""
    },
    {
      "X": 581.057068,
      "Y": 6936.675,
      "Z": -34.9584236,
      "Type": "Swimming",
      "Action": ""
    },
    {
      "X": 586.8599,
      "Y": 6931.404,
      "Z": -38.4575272,
      "Type": "Swimming",
      "Action": ""
    },
    {
      "X": 593.055359,
      "Y": 6926.053,
      "Z": -41.169487,
      "Type": "Swimming",
      "Action": ""
    },
    {
      "X": 598.7892,
      "Y": 6920.01367,
      "Z": -43.375,
      "Type": "Swimming",
      "Action": ""
    },
    {
      "X": 602.90625,
      "Y": 6912.68359,
      "Z": -45.44497,
      "Type": "Swimming",
      "Action": ""
    },
    {
      "X": 606.606262,
      "Y": 6905.315,
      "Z": -47.7559357,
      "Type": "Swimming",
      "Action": ""
    },
    {
      "X": 610.587158,
      "Y": 6898.17529,
      "Z": -50.6013,
      "Type": "Swimming",
      "Action": ""
    },
    {
      "X": 615.1974,
      "Y": 6892.3374,
      "Z": -54.9737358,
      "Type": "Swimming",
      "Action": ""
    },
    {
      "X": 619.6625,
      "Y": 6887.39,
      "Z": -60.36262,
      "Type": "Swimming",
      "Action": ""
    },
    {
      "X": 624.396851,
      "Y": 6882.291,
      "Z": -65.56732,
      "Type": "Swimming",
      "Action": ""
    },
    {
      "X": 629.4677,
      "Y": 6877.35352,
      "Z": -70.4950256,
      "Type": "Swimming",
      "Action": ""
    },
    {
      "X": 635.007568,
      "Y": 6872.57227,
      "Z": -75.13177,
      "Type": "Swimming",
      "Action": ""
    },
    {
      "X": 642.205139,
      "Y": 6869.28857,
      "Z": -78.19856,
      "Type": "Swimming",
      "Action": ""
    },
    {
      "X": 650.4457,
      "Y": 6867.94141,
      "Z": -80.18838,
      "Type": "Swimming",
      "Action": ""
    },
    {
      "X": 659.0297,
      "Y": 6867.677,
      "Z": -80.5085144,
      "Type": "Swimming",
      "Action": ""
    },
    {
      "X": 666.53656,
      "Y": 6863.472,
      "Z": -79.43934,
      "Type": "Swimming",
      "Action": ""
    },
    {
      "X": 673.1904,
      "Y": 6858.173,
      "Z": -77.92659,
      "Type": "Swimming",
      "Action": ""
    },
    {
      "X": 679.2135,
      "Y": 6852.18359,
      "Z": -76.34582,
      "Type": "Swimming",
      "Action": ""
    },
    {
      "X": 685.0326,
      "Y": 6846.09961,
      "Z": -74.70173,
      "Type": "Swimming",
      "Action": ""
    },
    {
      "X": 690.803162,
      "Y": 6839.83936,
      "Z": -73.07052,
      "Type": "Swimming",
      "Action": ""
    },
    {
      "X": 696.0905,
      "Y": 6834.05957,
      "Z": -70.643486,
      "Type": "None",
      "Action": ""
    },
    {
      "X": 701.8362,
      "Y": 6827.76367,
      "Z": -68.28662,
      "Type": "None",
      "Action": ""
    },
    {
      "X": 708.035339,
      "Y": 6821.786,
      "Z": -67.20215,
      "Type": "None",
      "Action": ""
    },
    {
      "X": 714.1966,
      "Y": 6815.8623,
      "Z": -65.92372,
      "Type": "None",
      "Action": ""
    },
    {
      "X": 720.425964,
      "Y": 6809.873,
      "Z": -64.9035,
      "Type": "None",
      "Action": ""
    },
    {
      "X": 726.427734,
      "Y": 6803.88,
      "Z": -63.71825,
      "Type": "None",
      "Action": ""
    },
    {
      "X": 732.327637,
      "Y": 6797.56543,
      "Z": -62.4847832,
      "Type": "None",
      "Action": ""
    },
    {
      "X": 738.2295,
      "Y": 6791.39844,
      "Z": -61.2546539,
      "Type": "None",
      "Action": ""
    },
    {
      "X": 743.6795,
      "Y": 6784.89063,
      "Z": -60.70321,
      "Type": "None",
      "Action": ""
    },
    {
      "X": 749.351868,
      "Y": 6778.62744,
      "Z": -62.93122,
      "Type": "None",
      "Action": ""
    },
    {
      "X": 756.152466,
      "Y": 6773.579,
      "Z": -64.822525,
      "Type": "None",
      "Action": ""
    },
    {
      "X": 764.127136,
      "Y": 6770.25244,
      "Z": -67.7999,
      "Type": "None",
      "Action": ""
    },
    {
      "X": 772.117432,
      "Y": 6767.839,
      "Z": -69.91597,
      "Type": "None",
      "Action": ""
    },
    {
      "X": 780.5645,
      "Y": 6763.37354,
      "Z": -72.53919,
      "Type": "None",
      "Action": ""
    },
    {
      "X": 781.649,
      "Y": 6748.06055,
      "Z": -72.53818,
      "Type": "None",
      "Action": ""
    },
    {
      "X": 782.649,
      "Y": 6738.06055,
      "Z": -72.53818,
      "Type": "None",
      "Action": ""
    }
  ],
  "OffMeshConnections": []
}