{
  "StepModels": [
    {
      "$type": "WholesomeDungeonCrawler.Models.MoveAlongPathModel, WholesomeDungeonCrawler",
      "Path": [
        {
          "X": 122.984779,
          "Y": -128.602783,
          "Z": -1.11473465,
          "Type": "None",
          "Action": ""
        },
        {
          "X": 123.578758,
          "Y": -120.568878,
          "Z": -0.5415991,
          "Type": "None",
          "Action": ""
        },
        {
          "X": 123.992607,
          "Y": -111.613014,
          "Z": -0.571747959,
          "Type": "None",
          "Action": ""
        },
        {
          "X": 120.757774,
          "Y": -103.494736,
          "Z": -1.59055507,
          "Type": "None",
          "Action": ""
        },
        {
          "X": 111.948181,
          "Y": -102.9401,
          "Z": -1.59055507,
          "Type": "None",
          "Action": ""
        },
        {
          "X": 104.370171,
          "Y": -105.524513,
          "Z": -1.59055507,
          "Type": "None",
          "Action": ""
        },
        {
          "X": 95.73509,
          "Y": -107.823929,
          "Z": -1.59055507,
          "Type": "None",
          "Action": ""
        },
        {
          "X": 87.84219,
          "Y": -109.16642,
          "Z": -1.59055507,
          "Type": "None",
          "Action": ""
        },
        {
          "X": 78.937294,
          "Y": -109.252312,
          "Z": -1.82270837,
          "Type": "None",
          "Action": ""
        },
        {
          "X": 71.2354355,
          "Y": -106.925087,
          "Z": -2.15941453,
          "Type": "None",
          "Action": ""
        },
        {
          "X": 62.78973,
          "Y": -103.938347,
          "Z": -1.8555975,
          "Type": "None",
          "Action": ""
        },
        {
          "X": 55.33672,
          "Y": -100.97802,
          "Z": -1.63053739,
          "Type": "None",
          "Action": ""
        },
        {
          "X": 48.0681877,
          "Y": -97.62032,
          "Z": -1.59180069,
          "Type": "None",
          "Action": ""
        },
        {
          "X": 39.9375648,
          "Y": -93.89763,
          "Z": -1.59180069,
          "Type": "None",
          "Action": ""
        },
        {
          "X": 32.05902,
          "Y": -89.59907,
          "Z": -1.59180069,
          "Type": "None",
          "Action": ""
        },
        {
          "X": 24.5618,
          "Y": -84.78788,
          "Z": -1.59180069,
          "Type": "None",
          "Action": ""
        },
        {
          "X": 16.9821854,
          "Y": -79.9419861,
          "Z": -1.59180069,
          "Type": "None",
          "Action": ""
        },
        {
          "X": 9.171954,
          "Y": -75.58124,
          "Z": -1.59180069,
          "Type": "None",
          "Action": ""
        },
        {
          "X": 2.00809765,
          "Y": -71.99469,
          "Z": -1.59180069,
          "Type": "None",
          "Action": ""
        },
        {
          "X": -5.12467861,
          "Y": -68.35236,
          "Z": -1.59180069,
          "Type": "None",
          "Action": ""
        },
        {
          "X": -12.2064943,
          "Y": -62.9021339,
          "Z": -1.59180069,
          "Type": "None",
          "Action": ""
        },
        {
          "X": -19.0391121,
          "Y": -57.1027451,
          "Z": -1.59180069,
          "Type": "None",
          "Action": ""
        },
        {
          "X": -25.2716045,
          "Y": -52.00775,
          "Z": -1.59180069,
          "Type": "None",
          "Action": ""
        },
        {
          "X": -32.61931,
          "Y": -46.8943863,
          "Z": -1.59180069,
          "Type": "None",
          "Action": ""
        },
        {
          "X": -40.13459,
          "Y": -42.09471,
          "Z": -2.024579,
          "Type": "None",
          "Action": ""
        },
        {
          "X": -47.5031,
          "Y": -36.96393,
          "Z": -2.38102961,
          "Type": "None",
          "Action": ""
        },
        {
          "X": -54.4344673,
          "Y": -31.368906,
          "Z": -1.88718724,
          "Type": "None",
          "Action": ""
        },
        {
          "X": -61.6470757,
          "Y": -27.7748432,
          "Z": -2.09490466,
          "Type": "None",
          "Action": ""
        },
        {
          "X": -67.9347,
          "Y": -22.83212,
          "Z": -3.55886483,
          "Type": "None",
          "Action": ""
        },
        {
          "X": -73.66437,
          "Y": -17.29247,
          "Z": -4.98610544,
          "Type": "None",
          "Action": ""
        },
        {
          "X": -80.2808151,
          "Y": -12.9051456,
          "Z": -6.25070858,
          "Type": "None",
          "Action": ""
        },
        {
          "X": -89.07711,
          "Y": -11.4125681,
          "Z": -6.64445543,
          "Type": "None",
          "Action": ""
        },
        {
          "X": -97.03778,
          "Y": -10.9539862,
          "Z": -8.408861,
          "Type": "None",
          "Action": ""
        },
        {
          "X": -105.714745,
          "Y": -12.58978,
          "Z": -8.936931,
          "Type": "None",
          "Action": ""
        },
        {
          "X": -111.938736,
          "Y": -18.7870522,
          "Z": -7.62672949,
          "Type": "None",
          "Action": ""
        },
        {
          "X": -116.397377,
          "Y": -32.00821,
          "Z": -5.73926353,
          "Type": "None",
          "Action": ""
        },
        {
          "X": -111.766525,
          "Y": -38.9086151,
          "Z": -4.739828,
          "Type": "None",
          "Action": ""
        },
        {
          "X": -106.936363,
          "Y": -45.22743,
          "Z": -3.57666183,
          "Type": "None",
          "Action": ""
        },
        {
          "X": -102.729446,
          "Y": -52.0281067,
          "Z": -2.86212373,
          "Type": "None",
          "Action": ""
        },
        {
          "X": -98.26253,
          "Y": -59.7975464,
          "Z": -2.01646352,
          "Type": "None",
          "Action": ""
        },
        {
          "X": -94.76759,
          "Y": -68.00766,
          "Z": -1.88309515,
          "Type": "None",
          "Action": ""
        },
        {
          "X": -92.35175,
          "Y": -76.64514,
          "Z": -1.86805964,
          "Type": "None",
          "Action": ""
        },
        {
          "X": -90.2511749,
          "Y": -85.3562,
          "Z": -1.91880071,
          "Type": "None",
          "Action": ""
        },
        {
          "X": -88.4736,
          "Y": -94.06038,
          "Z": -2.87625313,
          "Type": "None",
          "Action": ""
        },
        {
          "X": -87.32674,
          "Y": -101.914543,
          "Z": -4.614893,
          "Type": "None",
          "Action": ""
        },
        {
          "X": -87.52022,
          "Y": -109.912666,
          "Z": -3.73430777,
          "Type": "None",
          "Action": ""
        },
        {
          "X": -88.88141,
          "Y": -117.802193,
          "Z": -2.035204,
          "Type": "None",
          "Action": ""
        },
        {
          "X": -84.02404,
          "Y": -125.411163,
          "Z": -1.53944755,
          "Type": "None",
          "Action": ""
        },
        {
          "X": -78.81717,
          "Y": -132.112335,
          "Z": -1.58007622,
          "Type": "None",
          "Action": ""
        },
        {
          "X": -70.12336,
          "Y": -131.350281,
          "Z": -1.58839273,
          "Type": "None",
          "Action": ""
        },
        {
          "X": -61.58898,
          "Y": -134.01709,
          "Z": -1.58839273,
          "Type": "None",
          "Action": ""
        },
        {
          "X": -56.52036,
          "Y": -140.393951,
          "Z": -1.53698635,
          "Type": "None",
          "Action": ""
        },
        {
          "X": -51.68398,
          "Y": -147.967773,
          "Z": -1.52927029,
          "Type": "None",
          "Action": ""
        },
        {
          "X": -46.6466141,
          "Y": -155.34903,
          "Z": -1.52761436,
          "Type": "None",
          "Action": ""
        },
        {
          "X": -41.3742523,
          "Y": -162.598785,
          "Z": -1.532366,
          "Type": "None",
          "Action": ""
        },
        {
          "X": -35.3129921,
          "Y": -169.137024,
          "Z": -1.7243439,
          "Type": "None",
          "Action": ""
        },
        {
          "X": -27.1046925,
          "Y": -172.699356,
          "Z": -1.59061491,
          "Type": "None",
          "Action": ""
        },
        {
          "X": -19.03864,
          "Y": -176.5598,
          "Z": -1.59061491,
          "Type": "None",
          "Action": ""
        },
        {
          "X": -11.1200275,
          "Y": -180.8294,
          "Z": -1.58083522,
          "Type": "None",
          "Action": ""
        },
        {
          "X": -3.224038,
          "Y": -184.993973,
          "Z": -1.56278265,
          "Type": "None",
          "Action": ""
        },
        {
          "X": 4.50630665,
          "Y": -189.4382,
          "Z": -1.54765022,
          "Type": "None",
          "Action": ""
        },
        {
          "X": 12.1063623,
          "Y": -194.233063,
          "Z": -1.53171813,
          "Type": "None",
          "Action": ""
        },
        {
          "X": 19.6288872,
          "Y": -199.2754,
          "Z": -1.51576471,
          "Type": "None",
          "Action": ""
        },
        {
          "X": 24.1280537,
          "Y": -206.8727,
          "Z": -1.51201653,
          "Type": "None",
          "Action": ""
        },
        {
          "X": 17.5019855,
          "Y": -216.566589,
          "Z": -1.53982008,
          "Type": "None",
          "Action": ""
        },
        {
          "X": 13.1949015,
          "Y": -223.586472,
          "Z": -1.57628548,
          "Type": "None",
          "Action": ""
        },
        {
          "X": 5.16585827,
          "Y": -224.542725,
          "Z": -1.57925332,
          "Type": "None",
          "Action": ""
        },
        {
          "X": -2.844075,
          "Y": -225.266586,
          "Z": -1.58954978,
          "Type": "None",
          "Action": ""
        },
        {
          "X": -10.8359966,
          "Y": -228.748871,
          "Z": -1.58954978,
          "Type": "None",
          "Action": ""
        },
        {
          "X": -18.37496,
          "Y": -249.1575,
          "Z": -1.68617463,
          "Type": "None",
          "Action": ""
        },
        {
          "X": -15.2865086,
          "Y": -256.758453,
          "Z": -1.57356334,
          "Type": "None",
          "Action": ""
        },
        {
          "X": -13.66451,
          "Y": -265.636475,
          "Z": -1.3248713,
          "Type": "None",
          "Action": ""
        },
        {
          "X": -11.9444914,
          "Y": -274.416565,
          "Z": -1.06115139,
          "Type": "None",
          "Action": ""
        },
        {
          "X": -10.828968,
          "Y": -283.268,
          "Z": -0.9576802,
          "Type": "None",
          "Action": ""
        },
        {
          "X": -9.927624,
          "Y": -291.199066,
          "Z": 1.59917843,
          "Type": "None",
          "Action": ""
        },
        {
          "X": -8.96696949,
          "Y": -299.544983,
          "Z": 2.862872,
          "Type": "None",
          "Action": ""
        },
        {
          "X": -3.57317662,
          "Y": -305.972656,
          "Z": 3.03786516,
          "Type": "None",
          "Action": ""
        },
        {
          "X": 4.642912,
          "Y": -308.353668,
          "Z": 3.03647041,
          "Type": "None",
          "Action": ""
        },
        {
          "X": 12.8300037,
          "Y": -310.440155,
          "Z": 3.03647041,
          "Type": "None",
          "Action": ""
        },
        {
          "X": 21.0894527,
          "Y": -312.4982,
          "Z": 3.03647041,
          "Type": "None",
          "Action": ""
        },
        {
          "X": 29.40324,
          "Y": -314.569824,
          "Z": 3.03647041,
          "Type": "None",
          "Action": ""
        },
        {
          "X": 37.63554,
          "Y": -316.705261,
          "Z": 3.03647041,
          "Type": "None",
          "Action": ""
        },
        {
          "X": 45.9157677,
          "Y": -318.9072,
          "Z": 3.03647041,
          "Type": "None",
          "Action": ""
        },
        {
          "X": 54.1554,
          "Y": -321.098328,
          "Z": 3.03647041,
          "Type": "None",
          "Action": ""
        },
        {
          "X": 62.31661,
          "Y": -324.368378,
          "Z": 3.03689837,
          "Type": "None",
          "Action": ""
        },
        {
          "X": 69.8609161,
          "Y": -329.33194,
          "Z": 3.03689837,
          "Type": "None",
          "Action": ""
        },
        {
          "X": 77.19613,
          "Y": -334.302856,
          "Z": 3.03689837,
          "Type": "None",
          "Action": ""
        },
        {
          "X": 83.3461456,
          "Y": -340.454865,
          "Z": 3.03689837,
          "Type": "None",
          "Action": ""
        },
        {
          "X": 90.96422,
          "Y": -344.1374,
          "Z": 3.03689837,
          "Type": "None",
          "Action": ""
        },
        {
          "X": 98.60261,
          "Y": -347.618561,
          "Z": 3.03689837,
          "Type": "None",
          "Action": ""
        },
        {
          "X": 104.829941,
          "Y": -353.174438,
          "Z": 3.03689837,
          "Type": "None",
          "Action": ""
        },
        {
          "X": 108.546181,
          "Y": -360.79895,
          "Z": 3.03689837,
          "Type": "None",
          "Action": ""
        },
        {
          "X": 109.964767,
          "Y": -385.9723,
          "Z": 3.03689837,
          "Type": "None",
          "Action": ""
        },
        {
          "X": 108.238457,
          "Y": -394.257538,
          "Z": 3.03689837,
          "Type": "None",
          "Action": ""
        },
        {
          "X": 103.716225,
          "Y": -401.428864,
          "Z": 3.03547144,
          "Type": "None",
          "Action": ""
        },
        {
          "X": 97.9654,
          "Y": -407.483673,
          "Z": 3.034069,
          "Type": "None",
          "Action": ""
        },
        {
          "X": 91.40087,
          "Y": -412.832062,
          "Z": 3.034069,
          "Type": "None",
          "Action": ""
        },
        {
          "X": 83.8900146,
          "Y": -416.857239,
          "Z": 3.03270078,
          "Type": "None",
          "Action": ""
        },
        {
          "X": 75.66401,
          "Y": -417.910248,
          "Z": 3.03424215,
          "Type": "None",
          "Action": ""
        },
        {
          "X": 67.71287,
          "Y": -415.957764,
          "Z": 3.03424215,
          "Type": "None",
          "Action": ""
        },
        {
          "X": 59.6321831,
          "Y": -413.694031,
          "Z": 3.03424215,
          "Type": "None",
          "Action": ""
        },
        {
          "X": 50.8560944,
          "Y": -412.0089,
          "Z": 3.03424215,
          "Type": "None",
          "Action": ""
        },
        {
          "X": 42.7034378,
          "Y": -409.894073,
          "Z": 3.03424215,
          "Type": "None",
          "Action": ""
        },
        {
          "X": 34.85496,
          "Y": -408.103333,
          "Z": 3.03424215,
          "Type": "None",
          "Action": ""
        },
        {
          "X": 26.3388767,
          "Y": -405.288849,
          "Z": 3.03424215,
          "Type": "None",
          "Action": ""
        },
        {
          "X": 18.8761826,
          "Y": -400.565033,
          "Z": 3.03424215,
          "Type": "None",
          "Action": ""
        },
        {
          "X": 12.2908449,
          "Y": -394.571167,
          "Z": 3.03424215,
          "Type": "None",
          "Action": ""
        },
        {
          "X": 6.92783546,
          "Y": -388.580017,
          "Z": 3.03424215,
          "Type": "None",
          "Action": ""
        },
        {
          "X": 3.03741169,
          "Y": -380.585632,
          "Z": 3.03424215,
          "Type": "None",
          "Action": ""
        },
        {
          "X": 2.71098852,
          "Y": -371.67865,
          "Z": 3.03424215,
          "Type": "None",
          "Action": ""
        },
        {
          "X": 7.581085,
          "Y": -364.707031,
          "Z": 3.03424215,
          "Type": "None",
          "Action": ""
        },
        {
          "X": 15.4351768,
          "Y": -356.5369,
          "Z": 3.03686666,
          "Type": "None",
          "Action": ""
        },
        {
          "X": 22.9254875,
          "Y": -353.360474,
          "Z": 3.03686666,
          "Type": "None",
          "Action": ""
        },
        {
          "X": 31.67626,
          "Y": -351.857117,
          "Z": 3.03686666,
          "Type": "None",
          "Action": ""
        },
        {
          "X": 40.4874725,
          "Y": -353.0135,
          "Z": 3.03686666,
          "Type": "None",
          "Action": ""
        },
        {
          "X": 48.072773,
          "Y": -355.615631,
          "Z": 3.03686666,
          "Type": "None",
          "Action": ""
        },
        {
          "X": 54.79372,
          "Y": -361.400238,
          "Z": 3.03686666,
          "Type": "None",
          "Action": ""
        },
        {
          "X": 58.2256126,
          "Y": -369.548157,
          "Z": 3.03686666,
          "Type": "None",
          "Action": ""
        },
        {
          "X": 61.2604561,
          "Y": -377.884766,
          "Z": 3.16197944,
          "Type": "None",
          "Action": ""
        },
        {
          "X": 68.70389,
          "Y": -380.177643,
          "Z": 5.814762,
          "Type": "None",
          "Action": ""
        },
        {
          "X": 76.6098251,
          "Y": -380.768616,
          "Z": 8.967237,
          "Type": "None",
          "Action": ""
        },
        {
          "X": 85.0446548,
          "Y": -380.577,
          "Z": 13.047184,
          "Type": "None",
          "Action": ""
        },
        {
          "X": 92.1893158,
          "Y": -380.3971,
          "Z": 16.6519,
          "Type": "None",
          "Action": ""
        }
      ],
      "Name": "Boss - Mennu the Betrayer",
      "Order": 0,
      "CompleteCondition": {
        "HasCompleteCondition": true,
        "ConditionType": 4,
        "GameObjectId": 0,
        "InitialFlags": 0,
        "ItemId": 0,
        "CSharpCondition": null,
        "DeadMobId": 17941,
        "MobPositionId": 0,
        "MobId": 0,
        "MobPositionVector": null,
        "LOSPositionVector": null,
        "WaitTime": 0
      }
    },
    {
      "$type": "WholesomeDungeonCrawler.Models.MoveAlongPathModel, WholesomeDungeonCrawler",
      "Path": [
        {
          "X": 105.514091,
          "Y": -379.9011,
          "Z": 23.62058,
          "Type": "None",
          "Action": ""
        },
        {
          "X": 116.904724,
          "Y": -380.424072,
          "Z": 28.837986,
          "Type": "None",
          "Action": ""
        },
        {
          "X": 124.254593,
          "Y": -384.32608,
          "Z": 30.5042038,
          "Type": "None",
          "Action": ""
        },
        {
          "X": 122.585342,
          "Y": -392.746826,
          "Z": 30.8086128,
          "Type": "None",
          "Action": ""
        },
        {
          "X": 114.0055,
          "Y": -395.3843,
          "Z": 31.5457687,
          "Type": "None",
          "Action": ""
        },
        {
          "X": 106.327316,
          "Y": -397.734833,
          "Z": 32.26629,
          "Type": "None",
          "Action": ""
        },
        {
          "X": 97.8436661,
          "Y": -400.499939,
          "Z": 33.05982,
          "Type": "None",
          "Action": ""
        },
        {
          "X": 89.3399658,
          "Y": -403.271576,
          "Z": 33.8542366,
          "Type": "None",
          "Action": ""
        },
        {
          "X": 81.75546,
          "Y": -405.743622,
          "Z": 35.17005,
          "Type": "None",
          "Action": ""
        },
        {
          "X": 74.19891,
          "Y": -408.206573,
          "Z": 36.85389,
          "Type": "None",
          "Action": ""
        },
        {
          "X": 66.45705,
          "Y": -410.2836,
          "Z": 38.57898,
          "Type": "None",
          "Action": ""
        },
        {
          "X": 58.5647659,
          "Y": -411.796631,
          "Z": 40.52975,
          "Type": "None",
          "Action": ""
        },
        {
          "X": 50.7363625,
          "Y": -413.304443,
          "Z": 43.2739868,
          "Type": "None",
          "Action": ""
        },
        {
          "X": 42.8957024,
          "Y": -414.7419,
          "Z": 46.02249,
          "Type": "None",
          "Action": ""
        },
        {
          "X": 34.9704628,
          "Y": -415.415161,
          "Z": 48.90732,
          "Type": "None",
          "Action": ""
        },
        {
          "X": 26.9732151,
          "Y": -415.6086,
          "Z": 52.3018379,
          "Type": "None",
          "Action": ""
        },
        {
          "X": 19.069891,
          "Y": -415.634766,
          "Z": 55.6564674,
          "Type": "None",
          "Action": ""
        },
        {
          "X": 11.3595314,
          "Y": -415.2733,
          "Z": 58.92929,
          "Type": "None",
          "Action": ""
        },
        {
          "X": 4.1631875,
          "Y": -414.5997,
          "Z": 62.4733963,
          "Type": "None",
          "Action": ""
        },
        {
          "X": -4.32608938,
          "Y": -413.670319,
          "Z": 66.67608,
          "Type": "None",
          "Action": ""
        },
        {
          "X": -12.6704149,
          "Y": -411.944,
          "Z": 70.679985,
          "Type": "None",
          "Action": ""
        },
        {
          "X": -20.3096771,
          "Y": -409.4126,
          "Z": 73.33718,
          "Type": "None",
          "Action": ""
        },
        {
          "X": -27.9006,
          "Y": -406.62973,
          "Z": 75.97751,
          "Type": "None",
          "Action": ""
        },
        {
          "X": -35.302906,
          "Y": -403.873474,
          "Z": 78.5522842,
          "Type": "None",
          "Action": ""
        },
        {
          "X": -42.76564,
          "Y": -401.375977,
          "Z": 80.04789,
          "Type": "None",
          "Action": ""
        },
        {
          "X": -50.5949669,
          "Y": -397.117126,
          "Z": 80.86577,
          "Type": "None",
          "Action": ""
        },
        {
          "X": -54.5892754,
          "Y": -390.194946,
          "Z": 81.33409,
          "Type": "None",
          "Action": ""
        },
        {
          "X": -59.4861946,
          "Y": -383.818054,
          "Z": 80.79508,
          "Type": "None",
          "Action": ""
        },
        {
          "X": -67.9765244,
          "Y": -381.873535,
          "Z": 79.26148,
          "Type": "None",
          "Action": ""
        },
        {
          "X": -76.9170761,
          "Y": -381.5368,
          "Z": 78.7216949,
          "Type": "None",
          "Action": ""
        },
        {
          "X": -85.92711,
          "Y": -381.3994,
          "Z": 78.7216949,
          "Type": "None",
          "Action": ""
        },
        {
          "X": -94.62366,
          "Y": -381.270721,
          "Z": 78.7216949,
          "Type": "None",
          "Action": ""
        },
        {
          "X": -102.936974,
          "Y": -381.0324,
          "Z": 79.63844,
          "Type": "None",
          "Action": ""
        },
        {
          "X": -111.01712,
          "Y": -380.695374,
          "Z": 81.08328,
          "Type": "None",
          "Action": ""
        },
        {
          "X": -119.145622,
          "Y": -380.504852,
          "Z": 81.2566452,
          "Type": "None",
          "Action": ""
        },
        {
          "X": -120.903915,
          "Y": -388.642822,
          "Z": 81.3298,
          "Type": "None",
          "Action": ""
        },
        {
          "X": -125.415726,
          "Y": -396.0771,
          "Z": 80.12567,
          "Type": "None",
          "Action": ""
        },
        {
          "X": -131.7844,
          "Y": -400.8473,
          "Z": 79.13975,
          "Type": "None",
          "Action": ""
        },
        {
          "X": -139.17717,
          "Y": -403.880981,
          "Z": 76.56826,
          "Type": "None",
          "Action": ""
        },
        {
          "X": -146.592377,
          "Y": -406.766449,
          "Z": 73.98902,
          "Type": "None",
          "Action": ""
        },
        {
          "X": -154.191666,
          "Y": -409.161865,
          "Z": 71.34571,
          "Type": "None",
          "Action": ""
        },
        {
          "X": -161.95787,
          "Y": -410.8612,
          "Z": 67.8973,
          "Type": "None",
          "Action": ""
        },
        {
          "X": -169.875031,
          "Y": -411.6876,
          "Z": 64.1888,
          "Type": "None",
          "Action": ""
        },
        {
          "X": -177.849091,
          "Y": -411.988342,
          "Z": 60.40221,
          "Type": "None",
          "Action": ""
        },
        {
          "X": -184.764786,
          "Y": -411.258759,
          "Z": 56.186512,
          "Type": "None",
          "Action": ""
        },
        {
          "X": -193.098755,
          "Y": -395.6215,
          "Z": 6.64947462,
          "Type": "Swimming",
          "Action": ""
        },
        {
          "X": -195.615265,
          "Y": -387.381256,
          "Z": 6.662344,
          "Type": "Swimming",
          "Action": ""
        },
        {
          "X": -202.107666,
          "Y": -382.4647,
          "Z": 6.662344,
          "Type": "Swimming",
          "Action": ""
        },
        {
          "X": -210.312683,
          "Y": -381.258362,
          "Z": 8.070936,
          "Type": "None",
          "Action": ""
        },
        {
          "X": -218.663239,
          "Y": -382.963043,
          "Z": 6.560058,
          "Type": "None",
          "Action": ""
        },
        {
          "X": -224.587051,
          "Y": -387.943542,
          "Z": 3.03550863,
          "Type": "None",
          "Action": ""
        },
        {
          "X": -229.2939,
          "Y": -395.5367,
          "Z": 3.03550863,
          "Type": "None",
          "Action": ""
        },
        {
          "X": -234.2104,
          "Y": -403.0357,
          "Z": 3.03550863,
          "Type": "None",
          "Action": ""
        },
        {
          "X": -238.4063,
          "Y": -410.949127,
          "Z": 3.03550863,
          "Type": "None",
          "Action": ""
        },
        {
          "X": -242.44902,
          "Y": -418.936584,
          "Z": 3.03550863,
          "Type": "None",
          "Action": ""
        },
        {
          "X": -246.354736,
          "Y": -426.9964,
          "Z": 3.03550863,
          "Type": "None",
          "Action": ""
        },
        {
          "X": -246.404175,
          "Y": -435.260742,
          "Z": 3.03550863,
          "Type": "None",
          "Action": ""
        },
        {
          "X": -238.128036,
          "Y": -438.137726,
          "Z": 3.03971839,
          "Type": "None",
          "Action": ""
        },
        {
          "X": -229.304932,
          "Y": -439.8426,
          "Z": 3.03971839,
          "Type": "None",
          "Action": ""
        },
        {
          "X": -221.38591,
          "Y": -441.3462,
          "Z": 3.03831148,
          "Type": "None",
          "Action": ""
        },
        {
          "X": -212.585922,
          "Y": -443.017059,
          "Z": 3.03831148,
          "Type": "None",
          "Action": ""
        },
        {
          "X": -203.945847,
          "Y": -445.0171,
          "Z": 3.03690624,
          "Type": "None",
          "Action": ""
        },
        {
          "X": -195.1086,
          "Y": -447.222,
          "Z": 3.035516,
          "Type": "None",
          "Action": ""
        },
        {
          "X": -186.436676,
          "Y": -449.2601,
          "Z": 3.035516,
          "Type": "None",
          "Action": ""
        },
        {
          "X": -177.745056,
          "Y": -451.3212,
          "Z": 3.035516,
          "Type": "None",
          "Action": ""
        },
        {
          "X": -169.946411,
          "Y": -453.218842,
          "Z": 3.035516,
          "Type": "None",
          "Action": ""
        },
        {
          "X": -161.1284,
          "Y": -454.64975,
          "Z": 2.76858926,
          "Type": "None",
          "Action": ""
        },
        {
          "X": -152.748291,
          "Y": -451.797,
          "Z": 2.38007331,
          "Type": "None",
          "Action": ""
        },
        {
          "X": -145.284637,
          "Y": -449.057831,
          "Z": 1.4817431,
          "Type": "None",
          "Action": ""
        },
        {
          "X": -137.82283,
          "Y": -446.364227,
          "Z": -0.973543346,
          "Type": "None",
          "Action": ""
        },
        {
          "X": -130.350357,
          "Y": -443.3861,
          "Z": -2.0346303,
          "Type": "None",
          "Action": ""
        },
        {
          "X": -117.152817,
          "Y": -440.337219,
          "Z": -2.55760217,
          "Type": "None",
          "Action": ""
        },
        {
          "X": -109.237228,
          "Y": -438.6339,
          "Z": -2.51629329,
          "Type": "None",
          "Action": ""
        },
        {
          "X": -100.323357,
          "Y": -438.56366,
          "Z": -2.46056986,
          "Type": "None",
          "Action": ""
        },
        {
          "X": -91.9565048,
          "Y": -440.235718,
          "Z": -1.95922852,
          "Type": "None",
          "Action": ""
        },
        {
          "X": -91.10779,
          "Y": -448.508728,
          "Z": -1.49714184,
          "Type": "None",
          "Action": ""
        },
        {
          "X": -94.40014,
          "Y": -456.755341,
          "Z": -1.49796045,
          "Type": "None",
          "Action": ""
        },
        {
          "X": -88.79706,
          "Y": -462.47403,
          "Z": -1.55502021,
          "Type": "None",
          "Action": ""
        },
        {
          "X": -79.91599,
          "Y": -461.364624,
          "Z": -1.59082234,
          "Type": "None",
          "Action": ""
        },
        {
          "X": -70.9796753,
          "Y": -460.8299,
          "Z": -1.59223592,
          "Type": "None",
          "Action": ""
        },
        {
          "X": -62.0814819,
          "Y": -460.237457,
          "Z": -1.59223592,
          "Type": "None",
          "Action": ""
        },
        {
          "X": -54.09861,
          "Y": -459.625519,
          "Z": -1.59223592,
          "Type": "None",
          "Action": ""
        },
        {
          "X": -45.1398849,
          "Y": -458.983459,
          "Z": -1.59223592,
          "Type": "None",
          "Action": ""
        },
        {
          "X": -37.133976,
          "Y": -458.3491,
          "Z": -1.81490231,
          "Type": "None",
          "Action": ""
        },
        {
          "X": -29.2163029,
          "Y": -457.55722,
          "Z": -0.707656562,
          "Type": "None",
          "Action": ""
        },
        {
          "X": -21.2785416,
          "Y": -456.516052,
          "Z": 1.47110248,
          "Type": "None",
          "Action": ""
        }
      ],
      "Name": "Boss - Rokmar the Crackler",
      "Order": 1,
      "CompleteCondition": {
        "HasCompleteCondition": true,
        "ConditionType": 4,
        "GameObjectId": 0,
        "InitialFlags": 0,
        "ItemId": 0,
        "CSharpCondition": null,
        "DeadMobId": 17991,
        "MobPositionId": 0,
        "MobId": 0,
        "MobPositionVector": null,
        "LOSPositionVector": null,
        "WaitTime": 0
      }
    },
    {
      "$type": "WholesomeDungeonCrawler.Models.MoveAlongPathModel, WholesomeDungeonCrawler",
      "Path": [
        {
          "X": -35.6886559,
          "Y": -464.8913,
          "Z": -1.74876463,
          "Type": "None",
          "Action": ""
        },
        {
          "X": -44.230854,
          "Y": -465.4098,
          "Z": -1.61861777,
          "Type": "None",
          "Action": ""
        },
        {
          "X": -52.3089752,
          "Y": -465.9292,
          "Z": -1.59579229,
          "Type": "None",
          "Action": ""
        },
        {
          "X": -60.35015,
          "Y": -466.7077,
          "Z": -1.595788,
          "Type": "None",
          "Action": ""
        },
        {
          "X": -69.31907,
          "Y": -467.6747,
          "Z": -1.595788,
          "Type": "None",
          "Action": ""
        },
        {
          "X": -77.3068161,
          "Y": -471.298431,
          "Z": -1.594216,
          "Type": "None",
          "Action": ""
        },
        {
          "X": -85.79944,
          "Y": -472.6283,
          "Z": -1.568477,
          "Type": "None",
          "Action": ""
        },
        {
          "X": -83.82095,
          "Y": -480.5816,
          "Z": -1.59050226,
          "Type": "None",
          "Action": ""
        },
        {
          "X": -81.05858,
          "Y": -488.092957,
          "Z": -1.59189177,
          "Type": "None",
          "Action": ""
        },
        {
          "X": -78.82657,
          "Y": -496.164856,
          "Z": -1.59328866,
          "Type": "None",
          "Action": ""
        },
        {
          "X": -79.22947,
          "Y": -505.2004,
          "Z": -1.59328866,
          "Type": "None",
          "Action": ""
        },
        {
          "X": -69.89944,
          "Y": -508.693634,
          "Z": -1.59467983,
          "Type": "None",
          "Action": ""
        },
        {
          "X": -62.35789,
          "Y": -511.634369,
          "Z": -1.59467983,
          "Type": "None",
          "Action": ""
        },
        {
          "X": -53.657196,
          "Y": -513.6485,
          "Z": -1.59467983,
          "Type": "None",
          "Action": ""
        },
        {
          "X": -45.54814,
          "Y": -513.246948,
          "Z": -1.59467983,
          "Type": "None",
          "Action": ""
        },
        {
          "X": -37.0717659,
          "Y": -513.031433,
          "Z": -1.59467983,
          "Type": "None",
          "Action": ""
        },
        {
          "X": -29.2527485,
          "Y": -516.002747,
          "Z": -1.59467983,
          "Type": "None",
          "Action": ""
        },
        {
          "X": -22.5948582,
          "Y": -521.2522,
          "Z": -1.59467983,
          "Type": "None",
          "Action": ""
        },
        {
          "X": -16.9336357,
          "Y": -527.5267,
          "Z": -1.59467983,
          "Type": "None",
          "Action": ""
        },
        {
          "X": -11.5482006,
          "Y": -534.6275,
          "Z": -1.59467983,
          "Type": "None",
          "Action": ""
        },
        {
          "X": -7.676723,
          "Y": -542.128,
          "Z": -1.59455037,
          "Type": "None",
          "Action": ""
        },
        {
          "X": -5.032304,
          "Y": -550.2006,
          "Z": -1.5941807,
          "Type": "None",
          "Action": ""
        },
        {
          "X": -3.412511,
          "Y": -558.5128,
          "Z": -1.5937016,
          "Type": "None",
          "Action": ""
        },
        {
          "X": -3.54010129,
          "Y": -566.9305,
          "Z": -1.59321225,
          "Type": "None",
          "Action": ""
        },
        {
          "X": -7.3562026,
          "Y": -574.413,
          "Z": -1.59291363,
          "Type": "None",
          "Action": ""
        },
        {
          "X": -11.7869053,
          "Y": -581.690247,
          "Z": -1.5926317,
          "Type": "None",
          "Action": ""
        },
        {
          "X": -16.6579514,
          "Y": -588.6337,
          "Z": -1.59239531,
          "Type": "None",
          "Action": ""
        },
        {
          "X": -23.2191467,
          "Y": -593.8379,
          "Z": -1.5923903,
          "Type": "None",
          "Action": ""
        },
        {
          "X": -30.5143,
          "Y": -598.13446,
          "Z": -1.5923903,
          "Type": "None",
          "Action": ""
        },
        {
          "X": -38.04651,
          "Y": -601.583862,
          "Z": -1.5923903,
          "Type": "None",
          "Action": ""
        },
        {
          "X": -46.36921,
          "Y": -604.944641,
          "Z": -1.5923903,
          "Type": "None",
          "Action": ""
        },
        {
          "X": -54.70427,
          "Y": -604.1837,
          "Z": -1.071366,
          "Type": "None",
          "Action": ""
        },
        {
          "X": -61.3700676,
          "Y": -599.8735,
          "Z": 0.4963978,
          "Type": "None",
          "Action": ""
        },
        {
          "X": -69.0748749,
          "Y": -596.92865,
          "Z": 2.04245543,
          "Type": "None",
          "Action": ""
        },
        {
          "X": -77.0912857,
          "Y": -597.7885,
          "Z": 2.78340769,
          "Type": "None",
          "Action": ""
        },
        {
          "X": -84.68621,
          "Y": -600.125244,
          "Z": 6.76238441,
          "Type": "None",
          "Action": ""
        },
        {
          "X": -89.40841,
          "Y": -606.3308,
          "Z": 9.57808,
          "Type": "None",
          "Action": ""
        },
        {
          "X": -88.8574448,
          "Y": -614.238342,
          "Z": 12.9897575,
          "Type": "None",
          "Action": ""
        },
        {
          "X": -87.94687,
          "Y": -622.109131,
          "Z": 16.4296246,
          "Type": "None",
          "Action": ""
        },
        {
          "X": -89.21027,
          "Y": -629.8964,
          "Z": 19.3371582,
          "Type": "None",
          "Action": ""
        },
        {
          "X": -91.49841,
          "Y": -637.4977,
          "Z": 21.2364559,
          "Type": "None",
          "Action": ""
        },
        {
          "X": -92.23202,
          "Y": -646.457642,
          "Z": 20.8904552,
          "Type": "None",
          "Action": ""
        },
        {
          "X": -91.38328,
          "Y": -654.341431,
          "Z": 22.4230824,
          "Type": "None",
          "Action": ""
        },
        {
          "X": -91.2552948,
          "Y": -662.1568,
          "Z": 27.24569,
          "Type": "None",
          "Action": ""
        },
        {
          "X": -90.74037,
          "Y": -670.146362,
          "Z": 30.5288258,
          "Type": "None",
          "Action": ""
        },
        {
          "X": -89.79338,
          "Y": -678.0523,
          "Z": 32.7621765,
          "Type": "None",
          "Action": ""
        },
        {
          "X": -88.7309952,
          "Y": -686.921631,
          "Z": 33.96819,
          "Type": "None",
          "Action": ""
        },
        {
          "X": -87.66453,
          "Y": -695.824951,
          "Z": 35.38413,
          "Type": "None",
          "Action": ""
        },
        {
          "X": -86.7603455,
          "Y": -703.8089,
          "Z": 36.7189827,
          "Type": "None",
          "Action": ""
        },
        {
          "X": -86.48643,
          "Y": -712.825134,
          "Z": 36.8940353,
          "Type": "None",
          "Action": ""
        },
        {
          "X": -86.8592758,
          "Y": -721.7107,
          "Z": 37.1623764,
          "Type": "None",
          "Action": ""
        },
        {
          "X": -89.35549,
          "Y": -730.259766,
          "Z": 37.20014,
          "Type": "None",
          "Action": ""
        },
        {
          "X": -94.7045,
          "Y": -737.3789,
          "Z": 36.4492531,
          "Type": "None",
          "Action": ""
        },
        {
          "X": -101.533455,
          "Y": -741.576843,
          "Z": 36.053112,
          "Type": "None",
          "Action": ""
        },
        {
          "X": -109.42942,
          "Y": -745.7784,
          "Z": 36.1213646,
          "Type": "None",
          "Action": ""
        },
        {
          "X": -116.3272,
          "Y": -750.989258,
          "Z": 37.06896,
          "Type": "None",
          "Action": ""
        },
        {
          "X": -122.289925,
          "Y": -744.322449,
          "Z": 37.1927071,
          "Type": "None",
          "Action": ""
        },
        {
          "X": -128.596024,
          "Y": -739.3907,
          "Z": 37.56587,
          "Type": "None",
          "Action": ""
        },
        {
          "X": -134.953461,
          "Y": -734.507446,
          "Z": 37.8935738,
          "Type": "None",
          "Action": ""
        },
        {
          "X": -141.904816,
          "Y": -728.831848,
          "Z": 37.8935738,
          "Type": "None",
          "Action": ""
        },
        {
          "X": -148.558289,
          "Y": -722.8496,
          "Z": 37.8935738,
          "Type": "None",
          "Action": ""
        },
        {
          "X": -155.6223,
          "Y": -717.407349,
          "Z": 37.8935738,
          "Type": "None",
          "Action": ""
        },
        {
          "X": -162.5289,
          "Y": -713.350952,
          "Z": 37.8935738,
          "Type": "None",
          "Action": ""
        },
        {
          "X": -170.623627,
          "Y": -709.6767,
          "Z": 37.8935738,
          "Type": "None",
          "Action": ""
        },
        {
          "X": -179.063187,
          "Y": -706.8439,
          "Z": 37.8935738,
          "Type": "None",
          "Action": ""
        },
        {
          "X": -186.982452,
          "Y": -705.118835,
          "Z": 37.8935738,
          "Type": "None",
          "Action": ""
        },
        {
          "X": -195.620453,
          "Y": -706.1917,
          "Z": 37.8935738,
          "Type": "None",
          "Action": ""
        },
        {
          "X": -201.818329,
          "Y": -712.184143,
          "Z": 37.8935738,
          "Type": "None",
          "Action": ""
        },
        {
          "X": -201.9277,
          "Y": -720.9907,
          "Z": 37.2307434,
          "Type": "None",
          "Action": ""
        },
        {
          "X": -198.447754,
          "Y": -728.974365,
          "Z": 36.4703865,
          "Type": "None",
          "Action": ""
        },
        {
          "X": -192.440491,
          "Y": -735.5318,
          "Z": 35.8294678,
          "Type": "None",
          "Action": ""
        },
        {
          "X": -187.297226,
          "Y": -741.6651,
          "Z": 35.4508743,
          "Type": "None",
          "Action": ""
        },
        {
          "X": -172.54834,
          "Y": -753.998169,
          "Z": 36.21583,
          "Type": "None",
          "Action": ""
        },
        {
          "X": -167.447845,
          "Y": -761.6219,
          "Z": 36.9846458,
          "Type": "None",
          "Action": ""
        },
        {
          "X": -162.658463,
          "Y": -768.443542,
          "Z": 37.290638,
          "Type": "None",
          "Action": ""
        },
        {
          "X": -163.778259,
          "Y": -776.682434,
          "Z": 40.46055,
          "Type": "None",
          "Action": ""
        },
        {
          "X": -168.370972,
          "Y": -783.922,
          "Z": 43.09586,
          "Type": "None",
          "Action": ""
        },
        {
          "X": -173.539169,
          "Y": -790.7094,
          "Z": 43.7993164,
          "Type": "None",
          "Action": ""
        },
        {
          "X": -179.684708,
          "Y": -796.456,
          "Z": 43.7993164,
          "Type": "None",
          "Action": ""
        },
        {
          "X": -190.591171,
          "Y": -799.528137,
          "Z": 43.7993164,
          "Type": "None",
          "Action": ""
        }
      ],
      "Name": "Path to Naturalist Bite",
      "Order": 2,
      "CompleteCondition": {
        "HasCompleteCondition": false,
        "ConditionType": 5,
        "GameObjectId": 0,
        "InitialFlags": 0,
        "ItemId": 0,
        "CSharpCondition": null,
        "DeadMobId": 17942,
        "MobPositionId": 17893,
        "MobId": 0,
        "MobPositionVector": {
          "X": -192.215,
          "Y": -799.524,
          "Z": 43.7994,
          "Type": "None",
          "Action": ""
        },
        "LOSPositionVector": null,
        "WaitTime": 0
      }
    },
    {
      "$type": "WholesomeDungeonCrawler.Models.MoveToUnitModel, WholesomeDungeonCrawler",
      "ExpectedPosition": {
        "X": -192.215,
        "Y": -799.524,
        "Z": 43.7994,
        "Type": "None",
        "Action": ""
      },
      "FindClosest": false,
      "SkipIfNotFound": true,
      "UnitId": 17893,
      "Interactwithunit": false,
      "GossipIndex": 1,
      "Name": "Interact with Naturalist Bite",
      "Order": 3,
      "CompleteCondition": {
        "HasCompleteCondition": false,
        "ConditionType": 5,
        "GameObjectId": 0,
        "InitialFlags": 0,
        "ItemId": 0,
        "CSharpCondition": null,
        "DeadMobId": 0,
        "MobPositionId": 17893,
        "MobId": 0,
        "MobPositionVector": {
          "X": -183.651,
          "Y": -773.367,
          "Z": 43.7146645,
          "Type": "None",
          "Action": ""
        },
        "LOSPositionVector": null,
        "WaitTime": 0
      }
    },
    {
      "$type": "WholesomeDungeonCrawler.Models.DefendSpotModel, WholesomeDungeonCrawler",
      "DefendPosition": {
        "X": -182.017746,
        "Y": -768.3805,
        "Z": 42.6481323,
        "Type": "None",
        "Action": ""
      },
      "Timer": 30000,
      "Precision": 5.0,
      "Name": "Defend NPC (30 secs)",
      "Order": 4,
      "CompleteCondition": {
        "HasCompleteCondition": false,
        "ConditionType": 0,
        "GameObjectId": 0,
        "InitialFlags": 0,
        "ItemId": 0,
        "CSharpCondition": null,
        "DeadMobId": 0,
        "MobPositionId": 0,
        "MobId": 0,
        "MobPositionVector": null,
        "LOSPositionVector": null,
        "WaitTime": 0
      }
    },
    {
      "$type": "WholesomeDungeonCrawler.Models.MoveToUnitModel, WholesomeDungeonCrawler",
      "ExpectedPosition": {
        "X": -183.651,
        "Y": -773.367,
        "Z": 43.7146645,
        "Type": "None",
        "Action": ""
      },
      "FindClosest": false,
      "SkipIfNotFound": true,
      "UnitId": 17893,
      "Interactwithunit": false,
      "GossipIndex": 1,
      "Name": "Getting Buff from Naturalist Bite",
      "Order": 5,
      "CompleteCondition": {
        "HasCompleteCondition": false,
        "ConditionType": 0,
        "GameObjectId": 0,
        "InitialFlags": 0,
        "ItemId": 0,
        "CSharpCondition": null,
        "DeadMobId": 0,
        "MobPositionId": 0,
        "MobId": 0,
        "MobPositionVector": null,
        "LOSPositionVector": null,
        "WaitTime": 0
      }
    },
    {
      "$type": "WholesomeDungeonCrawler.Models.MoveAlongPathModel, WholesomeDungeonCrawler",
      "Path": [
        {
          "X": -182.086746,
          "Y": -768.8849,
          "Z": 42.741497,
          "Type": "None",
          "Action": ""
        },
        {
          "X": -189.952,
          "Y": -765.8967,
          "Z": 42.61711,
          "Type": "None",
          "Action": ""
        },
        {
          "X": -197.881454,
          "Y": -762.8036,
          "Z": 42.3942947,
          "Type": "None",
          "Action": ""
        },
        {
          "X": -205.5531,
          "Y": -759.1363,
          "Z": 41.85399,
          "Type": "None",
          "Action": ""
        },
        {
          "X": -205.4362,
          "Y": -750.6294,
          "Z": 39.0138,
          "Type": "None",
          "Action": ""
        },
        {
          "X": -207.29361,
          "Y": -742.4279,
          "Z": 37.1933,
          "Type": "None",
          "Action": ""
        },
        {
          "X": -210.372787,
          "Y": -734.17334,
          "Z": 36.0761871,
          "Type": "None",
          "Action": ""
        },
        {
          "X": -212.107452,
          "Y": -722.4605,
          "Z": 36.2863922,
          "Type": "None",
          "Action": ""
        },
        {
          "X": -220.887375,
          "Y": -718.7306,
          "Z": 36.5078354,
          "Type": "None",
          "Action": ""
        },
        {
          "X": -228.9502,
          "Y": -716.3034,
          "Z": 36.9857635,
          "Type": "None",
          "Action": ""
        },
        {
          "X": -237.180466,
          "Y": -713.480652,
          "Z": 37.381855,
          "Type": "None",
          "Action": ""
        },
        {
          "X": -245.115173,
          "Y": -710.419434,
          "Z": 37.5981026,
          "Type": "None",
          "Action": ""
        },
        {
          "X": -252.891739,
          "Y": -707.016052,
          "Z": 37.7514038,
          "Type": "None",
          "Action": ""
        },
        {
          "X": -260.267822,
          "Y": -703.301331,
          "Z": 37.79113,
          "Type": "None",
          "Action": ""
        },
        {
          "X": -267.411865,
          "Y": -699.4552,
          "Z": 37.77499,
          "Type": "None",
          "Action": ""
        },
        {
          "X": -263.808838,
          "Y": -692.425354,
          "Z": 34.7948265,
          "Type": "Swimming",
          "Action": ""
        },
        {
          "X": -261.1432,
          "Y": -685.7334,
          "Z": 29.8079224,
          "Type": "Swimming",
          "Action": ""
        }
      ],
      "Name": "Boss - Quagmirran",
      "Order": 6,
      "CompleteCondition": {
        "HasCompleteCondition": true,
        "ConditionType": 4,
        "GameObjectId": 0,
        "InitialFlags": 0,
        "ItemId": 0,
        "CSharpCondition": null,
        "DeadMobId": 17942,
        "MobPositionId": 0,
        "MobId": 0,
        "MobPositionVector": null,
        "LOSPositionVector": null,
        "WaitTime": 0
      }
    }
  ],
  "MapId": 547,
  "Name": "The Slave Pens (Alliance)",
  "Faction": 2,
  "DeathRunPath": [
    {
      "X": 221.0028,
      "Y": 6199.981,
      "Z": 22.377512,
      "Type": "None",
      "Action": ""
    },
    {
      "X": 225.78508,
      "Y": 6208.33252,
      "Z": 22.3222237,
      "Type": "None",
      "Action": ""
    },
    {
      "X": 230.233353,
      "Y": 6215.825,
      "Z": 22.1391582,
      "Type": "None",
      "Action": ""
    },
    {
      "X": 235.161789,
      "Y": 6222.432,
      "Z": 22.10915,
      "Type": "None",
      "Action": ""
    },
    {
      "X": 240.591965,
      "Y": 6229.185,
      "Z": 21.5239639,
      "Type": "None",
      "Action": ""
    },
    {
      "X": 246.175,
      "Y": 6235.306,
      "Z": 19.2098484,
      "Type": "None",
      "Action": ""
    },
    {
      "X": 252.062317,
      "Y": 6241.76025,
      "Z": 18.2680244,
      "Type": "None",
      "Action": ""
    },
    {
      "X": 257.759766,
      "Y": 6248.20068,
      "Z": 18.2680244,
      "Type": "None",
      "Action": ""
    },
    {
      "X": 263.460327,
      "Y": 6254.765,
      "Z": 18.2680244,
      "Type": "None",
      "Action": ""
    },
    {
      "X": 269.069916,
      "Y": 6261.214,
      "Z": 18.2680244,
      "Type": "None",
      "Action": ""
    },
    {
      "X": 274.638153,
      "Y": 6267.61475,
      "Z": 18.2680244,
      "Type": "None",
      "Action": ""
    },
    {
      "X": 280.227051,
      "Y": 6274.03955,
      "Z": 18.2680244,
      "Type": "None",
      "Action": ""
    },
    {
      "X": 285.8022,
      "Y": 6280.44873,
      "Z": 18.2680244,
      "Type": "None",
      "Action": ""
    },
    {
      "X": 291.5289,
      "Y": 6287.03174,
      "Z": 18.2680244,
      "Type": "None",
      "Action": ""
    },
    {
      "X": 297.062683,
      "Y": 6293.393,
      "Z": 18.2680244,
      "Type": "None",
      "Action": ""
    },
    {
      "X": 302.644684,
      "Y": 6299.81,
      "Z": 18.2680244,
      "Type": "None",
      "Action": ""
    },
    {
      "X": 308.164673,
      "Y": 6306.156,
      "Z": 18.2680244,
      "Type": "None",
      "Action": ""
    },
    {
      "X": 313.856964,
      "Y": 6312.699,
      "Z": 18.2680244,
      "Type": "None",
      "Action": ""
    },
    {
      "X": 319.507874,
      "Y": 6319.19531,
      "Z": 18.2680244,
      "Type": "None",
      "Action": ""
    },
    {
      "X": 325.062317,
      "Y": 6325.58057,
      "Z": 18.2680244,
      "Type": "None",
      "Action": ""
    },
    {
      "X": 330.637451,
      "Y": 6331.98926,
      "Z": 18.2680244,
      "Type": "None",
      "Action": ""
    },
    {
      "X": 336.187378,
      "Y": 6338.57031,
      "Z": 18.42987,
      "Type": "None",
      "Action": ""
    },
    {
      "X": 341.547424,
      "Y": 6344.983,
      "Z": 20.1640587,
      "Type": "None",
      "Action": ""
    },
    {
      "X": 347.0497,
      "Y": 6351.52344,
      "Z": 22.4054413,
      "Type": "None",
      "Action": ""
    },
    {
      "X": 352.5575,
      "Y": 6357.993,
      "Z": 22.8605042,
      "Type": "None",
      "Action": ""
    },
    {
      "X": 358.276123,
      "Y": 6364.55273,
      "Z": 23.3121052,
      "Type": "None",
      "Action": ""
    },
    {
      "X": 364.2419,
      "Y": 6370.65674,
      "Z": 22.1702518,
      "Type": "None",
      "Action": ""
    },
    {
      "X": 370.14328,
      "Y": 6376.59033,
      "Z": 21.9232349,
      "Type": "None",
      "Action": ""
    },
    {
      "X": 376.200165,
      "Y": 6382.68,
      "Z": 22.0088959,
      "Type": "None",
      "Action": ""
    },
    {
      "X": 382.1904,
      "Y": 6388.70264,
      "Z": 22.9662,
      "Type": "None",
      "Action": ""
    },
    {
      "X": 388.350952,
      "Y": 6394.897,
      "Z": 23.962719,
      "Type": "None",
      "Action": ""
    },
    {
      "X": 394.230133,
      "Y": 6400.808,
      "Z": 23.90364,
      "Type": "None",
      "Action": ""
    },
    {
      "X": 400.1315,
      "Y": 6406.741,
      "Z": 22.4711781,
      "Type": "None",
      "Action": ""
    },
    {
      "X": 406.040344,
      "Y": 6413.18359,
      "Z": 22.3365746,
      "Type": "None",
      "Action": ""
    },
    {
      "X": 411.638275,
      "Y": 6419.67,
      "Z": 22.34815,
      "Type": "None",
      "Action": ""
    },
    {
      "X": 417.160736,
      "Y": 6426.069,
      "Z": 22.1612453,
      "Type": "None",
      "Action": ""
    },
    {
      "X": 422.792969,
      "Y": 6432.595,
      "Z": 22.1780872,
      "Type": "None",
      "Action": ""
    },
    {
      "X": 427.988861,
      "Y": 6439.06836,
      "Z": 20.9226151,
      "Type": "None",
      "Action": ""
    },
    {
      "X": 432.210876,
      "Y": 6446.715,
      "Z": 19.40982,
      "Type": "None",
      "Action": ""
    },
    {
      "X": 433.477631,
      "Y": 6455.107,
      "Z": 18.26784,
      "Type": "None",
      "Action": ""
    },
    {
      "X": 434.125763,
      "Y": 6463.617,
      "Z": 18.26784,
      "Type": "None",
      "Action": ""
    },
    {
      "X": 434.7593,
      "Y": 6471.42725,
      "Z": 16.1701221,
      "Type": "Swimming",
      "Action": ""
    },
    {
      "X": 434.7264,
      "Y": 6479.973,
      "Z": 16.2043419,
      "Type": "Swimming",
      "Action": ""
    },
    {
      "X": 434.654144,
      "Y": 6488.62646,
      "Z": 15.2784176,
      "Type": "Swimming",
      "Action": ""
    },
    {
      "X": 434.871277,
      "Y": 6497.211,
      "Z": 14.8189774,
      "Type": "Swimming",
      "Action": ""
    },
    {
      "X": 435.007843,
      "Y": 6505.91,
      "Z": 14.43187,
      "Type": "Swimming",
      "Action": ""
    },
    {
      "X": 435.121918,
      "Y": 6514.48438,
      "Z": 13.9275694,
      "Type": "Swimming",
      "Action": ""
    },
    {
      "X": 435.3711,
      "Y": 6523.162,
      "Z": 13.51058,
      "Type": "Swimming",
      "Action": ""
    },
    {
      "X": 435.6197,
      "Y": 6531.81836,
      "Z": 13.0946093,
      "Type": "Swimming",
      "Action": ""
    },
    {
      "X": 435.865021,
      "Y": 6540.362,
      "Z": 12.6840763,
      "Type": "Swimming",
      "Action": ""
    },
    {
      "X": 436.109558,
      "Y": 6548.877,
      "Z": 12.2749033,
      "Type": "Swimming",
      "Action": ""
    },
    {
      "X": 436.359558,
      "Y": 6557.583,
      "Z": 11.856554,
      "Type": "Swimming",
      "Action": ""
    },
    {
      "X": 436.607941,
      "Y": 6566.232,
      "Z": 11.4409237,
      "Type": "Swimming",
      "Action": ""
    },
    {
      "X": 436.8547,
      "Y": 6574.825,
      "Z": 11.0280113,
      "Type": "Swimming",
      "Action": ""
    },
    {
      "X": 437.103271,
      "Y": 6583.48145,
      "Z": 10.6120415,
      "Type": "Swimming",
      "Action": ""
    },
    {
      "X": 437.3482,
      "Y": 6592.01074,
      "Z": 10.2021885,
      "Type": "Swimming",
      "Action": ""
    },
    {
      "X": 437.9548,
      "Y": 6600.67334,
      "Z": 9.72571,
      "Type": "Swimming",
      "Action": ""
    },
    {
      "X": 438.864319,
      "Y": 6609.2085,
      "Z": 9.218681,
      "Type": "Swimming",
      "Action": ""
    },
    {
      "X": 440.231079,
      "Y": 6617.672,
      "Z": 8.685131,
      "Type": "Swimming",
      "Action": ""
    },
    {
      "X": 442.2415,
      "Y": 6626.181,
      "Z": 8.127325,
      "Type": "Swimming",
      "Action": ""
    },
    {
      "X": 444.250031,
      "Y": 6634.503,
      "Z": 7.581242,
      "Type": "Swimming",
      "Action": ""
    },
    {
      "X": 446.305328,
      "Y": 6642.944,
      "Z": 7.027043,
      "Type": "Swimming",
      "Action": ""
    },
    {
      "X": 448.97168,
      "Y": 6651.11865,
      "Z": 6.440623,
      "Type": "Swimming",
      "Action": ""
    },
    {
      "X": 451.917,
      "Y": 6659.07959,
      "Z": 4.96001673,
      "Type": "Swimming",
      "Action": ""
    },
    {
      "X": 455.007141,
      "Y": 6667.07275,
      "Z": 3.901985,
      "Type": "Swimming",
      "Action": ""
    },
    {
      "X": 458.028168,
      "Y": 6675.126,
      "Z": 2.93503737,
      "Type": "Swimming",
      "Action": ""
    },
    {
      "X": 460.9838,
      "Y": 6683.10742,
      "Z": 1.9878726,
      "Type": "Swimming",
      "Action": ""
    },
    {
      "X": 463.886444,
      "Y": 6691.17627,
      "Z": 1.10005867,
      "Type": "Swimming",
      "Action": ""
    },
    {
      "X": 466.797821,
      "Y": 6699.48926,
      "Z": 0.2753581,
      "Type": "Swimming",
      "Action": ""
    },
    {
      "X": 469.553345,
      "Y": 6707.4043,
      "Z": -0.48000133,
      "Type": "Swimming",
      "Action": ""
    },
    {
      "X": 472.422546,
      "Y": 6715.646,
      "Z": -1.26651621,
      "Type": "Swimming",
      "Action": ""
    },
    {
      "X": 475.236084,
      "Y": 6723.72754,
      "Z": -2.037771,
      "Type": "Swimming",
      "Action": ""
    },
    {
      "X": 478.068146,
      "Y": 6731.863,
      "Z": -2.81411266,
      "Type": "Swimming",
      "Action": ""
    },
    {
      "X": 480.9188,
      "Y": 6740.051,
      "Z": -3.595541,
      "Type": "Swimming",
      "Action": ""
    },
    {
      "X": 483.723022,
      "Y": 6748.106,
      "Z": -4.36425257,
      "Type": "Swimming",
      "Action": ""
    },
    {
      "X": 486.5551,
      "Y": 6756.24072,
      "Z": -5.140594,
      "Type": "Swimming",
      "Action": ""
    },
    {
      "X": 489.41272,
      "Y": 6764.449,
      "Z": -5.92393,
      "Type": "Swimming",
      "Action": ""
    },
    {
      "X": 492.254059,
      "Y": 6772.611,
      "Z": -6.702815,
      "Type": "Swimming",
      "Action": ""
    },
    {
      "X": 495.1163,
      "Y": 6780.832,
      "Z": -7.48742151,
      "Type": "Swimming",
      "Action": ""
    },
    {
      "X": 497.906616,
      "Y": 6788.847,
      "Z": -8.252319,
      "Type": "Swimming",
      "Action": ""
    },
    {
      "X": 500.73175,
      "Y": 6796.9624,
      "Z": -9.026752,
      "Type": "Swimming",
      "Action": ""
    },
    {
      "X": 503.5337,
      "Y": 6805.01074,
      "Z": -9.794828,
      "Type": "Swimming",
      "Action": ""
    },
    {
      "X": 506.5208,
      "Y": 6813.15137,
      "Z": -10.2062521,
      "Type": "Swimming",
      "Action": ""
    },
    {
      "X": 509.544769,
      "Y": 6821.22,
      "Z": -10.4619875,
      "Type": "Swimming",
      "Action": ""
    },
    {
      "X": 512.5811,
      "Y": 6829.322,
      "Z": -10.7187729,
      "Type": "Swimming",
      "Action": ""
    },
    {
      "X": 515.6324,
      "Y": 6837.46338,
      "Z": -10.97682,
      "Type": "Swimming",
      "Action": ""
    },
    {
      "X": 518.6886,
      "Y": 6845.618,
      "Z": -11.2352867,
      "Type": "Swimming",
      "Action": ""
    },
    {
      "X": 521.516357,
      "Y": 6853.682,
      "Z": -11.05475,
      "Type": "Swimming",
      "Action": ""
    },
    {
      "X": 524.346741,
      "Y": 6861.916,
      "Z": -10.74309,
      "Type": "Swimming",
      "Action": ""
    },
    {
      "X": 527.126465,
      "Y": 6870.003,
      "Z": -10.4370041,
      "Type": "Swimming",
      "Action": ""
    },
    {
      "X": 529.967468,
      "Y": 6878.263,
      "Z": -10.1243305,
      "Type": "Swimming",
      "Action": ""
    },
    {
      "X": 532.935242,
      "Y": 6886.35059,
      "Z": -9.836759,
      "Type": "Swimming",
      "Action": ""
    },
    {
      "X": 535.9995,
      "Y": 6894.33545,
      "Z": -9.57545,
      "Type": "Swimming",
      "Action": ""
    },
    {
      "X": 539.5732,
      "Y": 6902.351,
      "Z": -9.306139,
      "Type": "Swimming",
      "Action": ""
    },
    {
      "X": 544.760437,
      "Y": 6909.231,
      "Z": -9.042884,
      "Type": "Swimming",
      "Action": ""
    },
    {
      "X": 549.9733,
      "Y": 6916.145,
      "Z": -8.778331,
      "Type": "Swimming",
      "Action": ""
    },
    {
      "X": 555.135,
      "Y": 6922.991,
      "Z": -8.516374,
      "Type": "Swimming",
      "Action": ""
    },
    {
      "X": 559.777039,
      "Y": 6930.17041,
      "Z": -9.050482,
      "Type": "Swimming",
      "Action": ""
    },
    {
      "X": 566.763855,
      "Y": 6941.039,
      "Z": -7.751821,
      "Type": "Swimming",
      "Action": ""
    },
    {
      "X": 567.1662,
      "Y": 6941.38135,
      "Z": -16.3336163,
      "Type": "Swimming",
      "Action": ""
    },
    {
      "X": 568.4281,
      "Y": 6942.60156,
      "Z": -24.7211761,
      "Type": "Swimming",
      "Action": ""
    },
    {
      "X": 572.982849,
      "Y": 6942.13037,
      "Z": -31.7761555,
      "Type": "Swimming",
      "Action": ""
    },
    {
      "X": 579.059631,
      "Y": 6938.23975,
      "Z": -36.5587578,
      "Type": "Swimming",
      "Action": ""
    },
    {
      "X": 585.4655,
      "Y": 6933.356,
      "Z": -39.57922,
      "Type": "Swimming",
      "Action": ""
    },
    {
      "X": 591.515869,
      "Y": 6927.90967,
      "Z": -42.3574142,
      "Type": "Swimming",
      "Action": ""
    },
    {
      "X": 597.2637,
      "Y": 6921.712,
      "Z": -44.3401871,
      "Type": "Swimming",
      "Action": ""
    },
    {
      "X": 601.798157,
      "Y": 6914.561,
      "Z": -46.01969,
      "Type": "Swimming",
      "Action": ""
    },
    {
      "X": 605.48175,
      "Y": 6906.996,
      "Z": -48.1452332,
      "Type": "Swimming",
      "Action": ""
    },
    {
      "X": 609.060669,
      "Y": 6899.536,
      "Z": -50.7902451,
      "Type": "Swimming",
      "Action": ""
    },
    {
      "X": 613.346252,
      "Y": 6893.15234,
      "Z": -54.5285873,
      "Type": "Swimming",
      "Action": ""
    },
    {
      "X": 618.1084,
      "Y": 6888.103,
      "Z": -59.7815437,
      "Type": "Swimming",
      "Action": ""
    },
    {
      "X": 622.996765,
      "Y": 6883.04639,
      "Z": -64.8507,
      "Type": "Swimming",
      "Action": ""
    },
    {
      "X": 627.9672,
      "Y": 6877.881,
      "Z": -69.62408,
      "Type": "Swimming",
      "Action": ""
    },
    {
      "X": 633.141968,
      "Y": 6872.544,
      "Z": -74.20445,
      "Type": "Swimming",
      "Action": ""
    },
    {
      "X": 639.743042,
      "Y": 6868.441,
      "Z": -77.68675,
      "Type": "Swimming",
      "Action": ""
    },
    {
      "X": 647.9368,
      "Y": 6866.602,
      "Z": -79.8458252,
      "Type": "Swimming",
      "Action": ""
    },
    {
      "X": 656.468262,
      "Y": 6866.214,
      "Z": -80.71053,
      "Type": "Swimming",
      "Action": ""
    },
    {
      "X": 664.6762,
      "Y": 6868.19043,
      "Z": -79.64828,
      "Type": "Swimming",
      "Action": ""
    },
    {
      "X": 672.6576,
      "Y": 6871.126,
      "Z": -78.16326,
      "Type": "Swimming",
      "Action": ""
    },
    {
      "X": 680.524841,
      "Y": 6874.487,
      "Z": -76.63163,
      "Type": "Swimming",
      "Action": ""
    },
    {
      "X": 688.103,
      "Y": 6878.28369,
      "Z": -75.10647,
      "Type": "Swimming",
      "Action": ""
    },
    {
      "X": 696.037231,
      "Y": 6881.78271,
      "Z": -73.6513748,
      "Type": "Swimming",
      "Action": ""
    },
    {
      "X": 703.7737,
      "Y": 6885.5415,
      "Z": -73.40671,
      "Type": "Swimming",
      "Action": ""
    },
    {
      "X": 712.361938,
      "Y": 6889.881,
      "Z": -70.72907,
      "Type": "None",
      "Action": ""
    },
    {
      "X": 716.9685,
      "Y": 6897.31445,
      "Z": -67.6045151,
      "Type": "None",
      "Action": ""
    },
    {
      "X": 715.056152,
      "Y": 6905.69873,
      "Z": -67.3551941,
      "Type": "None",
      "Action": ""
    },
    {
      "X": 713.8267,
      "Y": 6914.033,
      "Z": -67.2975,
      "Type": "None",
      "Action": ""
    },
    {
      "X": 713.86,
      "Y": 6922.571,
      "Z": -67.4621658,
      "Type": "None",
      "Action": ""
    },
    {
      "X": 713.938049,
      "Y": 6931.1875,
      "Z": -67.6242447,
      "Type": "None",
      "Action": ""
    },
    {
      "X": 714.2117,
      "Y": 6939.60352,
      "Z": -66.96723,
      "Type": "None",
      "Action": ""
    },
    {
      "X": 714.388062,
      "Y": 6948.19,
      "Z": -67.04614,
      "Type": "None",
      "Action": ""
    },
    {
      "X": 714.857239,
      "Y": 6956.86035,
      "Z": -68.9318848,
      "Type": "None",
      "Action": ""
    },
    {
      "X": 715.3401,
      "Y": 6965.44629,
      "Z": -71.26733,
      "Type": "None",
      "Action": ""
    },
    {
      "X": 715.821045,
      "Y": 6973.86426,
      "Z": -72.63849,
      "Type": "None",
      "Action": ""
    },
    {
      "X": 716.3741,
      "Y": 6982.488,
      "Z": -73.07482,
      "Type": "None",
      "Action": ""
    },
    {
      "X": 717.1857,
      "Y": 6990.87939,
      "Z": -73.07482,
      "Type": "None",
      "Action": ""
    },
    {
      "X": 718.0565,
      "Y": 6999.36,
      "Z": -73.07482,
      "Type": "None",
      "Action": ""
    },
    {
      "X": 720.432251,
      "Y": 7013.673,
      "Z": -73.46365,
      "Type": "None",
      "Action": ""
    },
    {
      "X": 737.009949,
      "Y": 7012.644,
      "Z": -72.93539,
      "Type": "None",
      "Action": ""
    },
    {
      "X": 747.009949,
      "Y": 7012.644,
      "Z": -72.93539,
      "Type": "None",
      "Action": ""
    }
  ],
  "OffMeshConnections": []
}