{
  "StepModels": [
    {
      "$type": "WholesomeDungeonCrawler.Models.MoveAlongPathModel, WholesomeDungeonCrawler",
      "Path": [
        {
          "X": 1941.40479,
          "Y": 1542.62537,
          "Z": 81.54148,
          "Type": "None",
          "Action": ""
        },
        {
          "X": 1942.78821,
          "Y": 1548.52026,
          "Z": 82.37102,
          "Type": "None",
          "Action": ""
        },
        {
          "X": 1944.106,
          "Y": 1554.13562,
          "Z": 81.69739,
          "Type": "None",
          "Action": ""
        },
        {
          "X": 1945.40149,
          "Y": 1559.65564,
          "Z": 81.96298,
          "Type": "None",
          "Action": ""
        },
        {
          "X": 1946.60254,
          "Y": 1564.77368,
          "Z": 82.1006851,
          "Type": "None",
          "Action": ""
        },
        {
          "X": 1948.02271,
          "Y": 1570.82532,
          "Z": 81.02585,
          "Type": "None",
          "Action": ""
        },
        {
          "X": 1949.79651,
          "Y": 1577.60559,
          "Z": 80.83365,
          "Type": "None",
          "Action": ""
        },
        {
          "X": 1952.41663,
          "Y": 1584.09668,
          "Z": 81.81616,
          "Type": "None",
          "Action": ""
        },
        {
          "X": 1954.49158,
          "Y": 1590.82581,
          "Z": 82.14786,
          "Type": "None",
          "Action": ""
        },
        {
          "X": 1958.47437,
          "Y": 1596.03137,
          "Z": 81.74888,
          "Type": "None",
          "Action": ""
        },
        {
          "X": 1965.73462,
          "Y": 1599.035,
          "Z": 80.89866,
          "Type": "None",
          "Action": ""
        },
        {
          "X": 1972.5022,
          "Y": 1600.7793,
          "Z": 80.22895,
          "Type": "None",
          "Action": ""
        },
        {
          "X": 1979.46191,
          "Y": 1601.38159,
          "Z": 79.82882,
          "Type": "None",
          "Action": ""
        },
        {
          "X": 1987.05127,
          "Y": 1601.21765,
          "Z": 79.8034,
          "Type": "None",
          "Action": ""
        },
        {
          "X": 1994.04089,
          "Y": 1600.83667,
          "Z": 79.64025,
          "Type": "None",
          "Action": ""
        },
        {
          "X": 1998.7041,
          "Y": 1594.61633,
          "Z": 80.25133,
          "Type": "None",
          "Action": ""
        },
        {
          "X": 2001.32532,
          "Y": 1588.12671,
          "Z": 80.8051453,
          "Type": "None",
          "Action": ""
        },
        {
          "X": 2002.84155,
          "Y": 1581.30273,
          "Z": 81.50025,
          "Type": "None",
          "Action": ""
        },
        {
          "X": 2003.97375,
          "Y": 1574.10852,
          "Z": 81.77439,
          "Type": "None",
          "Action": ""
        },
        {
          "X": 2005.06531,
          "Y": 1567.2251,
          "Z": 81.6757,
          "Type": "None",
          "Action": ""
        },
        {
          "X": 2006.67749,
          "Y": 1560.43738,
          "Z": 81.11971,
          "Type": "None",
          "Action": ""
        },
        {
          "X": 2010.47058,
          "Y": 1554.20618,
          "Z": 80.64864,
          "Type": "None",
          "Action": ""
        },
        {
          "X": 2014.05225,
          "Y": 1547.87341,
          "Z": 80.6442642,
          "Type": "None",
          "Action": ""
        },
        {
          "X": 2016.816,
          "Y": 1541.46057,
          "Z": 81.0145,
          "Type": "None",
          "Action": ""
        },
        {
          "X": 2019.68,
          "Y": 1533.85571,
          "Z": 80.44132,
          "Type": "None",
          "Action": ""
        },
        {
          "X": 2020.37659,
          "Y": 1526.64514,
          "Z": 79.78509,
          "Type": "None",
          "Action": ""
        },
        {
          "X": 2020.02429,
          "Y": 1519.952,
          "Z": 79.45863,
          "Type": "None",
          "Action": ""
        },
        {
          "X": 2019.40564,
          "Y": 1512.68225,
          "Z": 78.95498,
          "Type": "None",
          "Action": ""
        },
        {
          "X": 2020.35034,
          "Y": 1505.835,
          "Z": 77.15836,
          "Type": "None",
          "Action": ""
        },
        {
          "X": 2021.49768,
          "Y": 1499.33337,
          "Z": 75.46397,
          "Type": "None",
          "Action": ""
        },
        {
          "X": 2023.29529,
          "Y": 1494.804,
          "Z": 73.54344,
          "Type": "None",
          "Action": ""
        },
        {
          "X": 2025.61072,
          "Y": 1488.41968,
          "Z": 71.10121,
          "Type": "None",
          "Action": ""
        },
        {
          "X": 2028.404,
          "Y": 1482.03638,
          "Z": 69.83211,
          "Type": "None",
          "Action": ""
        },
        {
          "X": 2033.71021,
          "Y": 1477.43518,
          "Z": 68.4038544,
          "Type": "None",
          "Action": ""
        },
        {
          "X": 2039.30933,
          "Y": 1473.3009,
          "Z": 67.08597,
          "Type": "None",
          "Action": ""
        },
        {
          "X": 2045.722,
          "Y": 1469.818,
          "Z": 67.5608139,
          "Type": "None",
          "Action": ""
        },
        {
          "X": 2052.09619,
          "Y": 1466.30139,
          "Z": 67.23135,
          "Type": "None",
          "Action": ""
        },
        {
          "X": 2058.277,
          "Y": 1462.48218,
          "Z": 67.42116,
          "Type": "None",
          "Action": ""
        },
        {
          "X": 2063.65869,
          "Y": 1458.051,
          "Z": 67.57435,
          "Type": "None",
          "Action": ""
        },
        {
          "X": 2068.26782,
          "Y": 1452.78394,
          "Z": 67.41422,
          "Type": "None",
          "Action": ""
        },
        {
          "X": 2072.52637,
          "Y": 1446.8595,
          "Z": 67.10433,
          "Type": "None",
          "Action": ""
        },
        {
          "X": 2077.02856,
          "Y": 1441.54956,
          "Z": 66.78852,
          "Type": "None",
          "Action": ""
        },
        {
          "X": 2083.23315,
          "Y": 1438.32031,
          "Z": 66.36747,
          "Type": "None",
          "Action": ""
        },
        {
          "X": 2090.22241,
          "Y": 1436.34473,
          "Z": 65.30433,
          "Type": "None",
          "Action": ""
        },
        {
          "X": 2097.15234,
          "Y": 1435.36646,
          "Z": 63.85031,
          "Type": "None",
          "Action": ""
        },
        {
          "X": 2104.04443,
          "Y": 1434.52783,
          "Z": 63.3365021,
          "Type": "None",
          "Action": ""
        },
        {
          "X": 2111.26636,
          "Y": 1434.39087,
          "Z": 63.0516739,
          "Type": "None",
          "Action": ""
        },
        {
          "X": 2117.97754,
          "Y": 1436.36328,
          "Z": 63.7152061,
          "Type": "None",
          "Action": ""
        },
        {
          "X": 2121.28735,
          "Y": 1442.44141,
          "Z": 64.5672,
          "Type": "None",
          "Action": ""
        },
        {
          "X": 2124.631,
          "Y": 1448.90735,
          "Z": 65.21899,
          "Type": "None",
          "Action": ""
        },
        {
          "X": 2128.22656,
          "Y": 1454.9314,
          "Z": 66.24132,
          "Type": "None",
          "Action": ""
        },
        {
          "X": 2132.44043,
          "Y": 1460.51074,
          "Z": 66.38824,
          "Type": "None",
          "Action": ""
        },
        {
          "X": 2137.955,
          "Y": 1465.23291,
          "Z": 66.4739,
          "Type": "None",
          "Action": ""
        },
        {
          "X": 2143.71582,
          "Y": 1469.20593,
          "Z": 67.09005,
          "Type": "None",
          "Action": ""
        },
        {
          "X": 2149.68457,
          "Y": 1473.38184,
          "Z": 67.2976151,
          "Type": "None",
          "Action": ""
        },
        {
          "X": 2153.082,
          "Y": 1479.10168,
          "Z": 67.12198,
          "Type": "None",
          "Action": ""
        },
        {
          "X": 2154.61328,
          "Y": 1485.02161,
          "Z": 67.25615,
          "Type": "None",
          "Action": ""
        },
        {
          "X": 2155.38452,
          "Y": 1491.96277,
          "Z": 67.89808,
          "Type": "None",
          "Action": ""
        },
        {
          "X": 2156.23975,
          "Y": 1500.09045,
          "Z": 67.50628,
          "Type": "None",
          "Action": ""
        },
        {
          "X": 2158.834,
          "Y": 1506.38428,
          "Z": 67.26145,
          "Type": "None",
          "Action": ""
        },
        {
          "X": 2165.05054,
          "Y": 1510.19763,
          "Z": 67.54466,
          "Type": "None",
          "Action": ""
        },
        {
          "X": 2170.38452,
          "Y": 1514.65625,
          "Z": 67.88311,
          "Type": "None",
          "Action": ""
        },
        {
          "X": 2175.25049,
          "Y": 1521.18787,
          "Z": 70.82456,
          "Type": "None",
          "Action": ""
        },
        {
          "X": 2175.78833,
          "Y": 1526.62842,
          "Z": 71.52924,
          "Type": "None",
          "Action": ""
        },
        {
          "X": 2175.423,
          "Y": 1533.77185,
          "Z": 71.83722,
          "Type": "None",
          "Action": ""
        }
      ],
      "Name": "Boss 1",
      "Order": 0,
      "CompleteCondition": null
    },
    {
      "$type": "WholesomeDungeonCrawler.Models.MoveAlongPathModel, WholesomeDungeonCrawler",
      "Path": [
        {
          "X": 2174.60571,
          "Y": 1535.95081,
          "Z": 71.78834,
          "Type": "None",
          "Action": ""
        },
        {
          "X": 2166.13623,
          "Y": 1535.91467,
          "Z": 71.92395,
          "Type": "None",
          "Action": ""
        },
        {
          "X": 2159.2915,
          "Y": 1534.00146,
          "Z": 72.17848,
          "Type": "None",
          "Action": ""
        },
        {
          "X": 2153.73975,
          "Y": 1529.75415,
          "Z": 73.15632,
          "Type": "None",
          "Action": ""
        },
        {
          "X": 2148.93555,
          "Y": 1524.26624,
          "Z": 72.59786,
          "Type": "None",
          "Action": ""
        },
        {
          "X": 2144.88721,
          "Y": 1518.56738,
          "Z": 72.46782,
          "Type": "None",
          "Action": ""
        },
        {
          "X": 2141.33936,
          "Y": 1512.55212,
          "Z": 72.47215,
          "Type": "None",
          "Action": ""
        },
        {
          "X": 2137.561,
          "Y": 1506.3302,
          "Z": 72.67963,
          "Type": "None",
          "Action": ""
        },
        {
          "X": 2133.64648,
          "Y": 1500.551,
          "Z": 72.9879761,
          "Type": "None",
          "Action": ""
        },
        {
          "X": 2129.18335,
          "Y": 1494.77747,
          "Z": 72.99446,
          "Type": "None",
          "Action": ""
        },
        {
          "X": 2124.92065,
          "Y": 1489.22522,
          "Z": 73.0935745,
          "Type": "None",
          "Action": ""
        },
        {
          "X": 2120.998,
          "Y": 1483.42908,
          "Z": 73.03055,
          "Type": "None",
          "Action": ""
        },
        {
          "X": 2117.24072,
          "Y": 1477.52307,
          "Z": 72.99386,
          "Type": "None",
          "Action": ""
        },
        {
          "X": 2113.301,
          "Y": 1471.40125,
          "Z": 73.3219452,
          "Type": "None",
          "Action": ""
        },
        {
          "X": 2109.21021,
          "Y": 1465.72424,
          "Z": 73.21145,
          "Type": "None",
          "Action": ""
        },
        {
          "X": 2106.55249,
          "Y": 1459.27209,
          "Z": 73.42639,
          "Type": "None",
          "Action": ""
        },
        {
          "X": 2100.55518,
          "Y": 1456.38867,
          "Z": 73.54433,
          "Type": "None",
          "Action": ""
        },
        {
          "X": 2094.34814,
          "Y": 1453.87219,
          "Z": 73.95447,
          "Type": "None",
          "Action": ""
        },
        {
          "X": 2088.85425,
          "Y": 1458.0343,
          "Z": 73.9077148,
          "Type": "None",
          "Action": ""
        }
      ],
      "Name": "Boss 2",
      "Order": 1,
      "CompleteCondition": null
    },
    {
      "$type": "WholesomeDungeonCrawler.Models.MoveAlongPathModel, WholesomeDungeonCrawler",
      "Path": [
        {
          "X": 2096.64575,
          "Y": 1452.9718,
          "Z": 73.79383,
          "Type": "None",
          "Action": ""
        },
        {
          "X": 2103.839,
          "Y": 1456.80908,
          "Z": 73.4697342,
          "Type": "None",
          "Action": ""
        },
        {
          "X": 2108.6792,
          "Y": 1462.18091,
          "Z": 73.3020859,
          "Type": "None",
          "Action": ""
        },
        {
          "X": 2113.018,
          "Y": 1468.04822,
          "Z": 73.21804,
          "Type": "None",
          "Action": ""
        },
        {
          "X": 2117.01245,
          "Y": 1473.79639,
          "Z": 73.03486,
          "Type": "None",
          "Action": ""
        },
        {
          "X": 2121.113,
          "Y": 1479.854,
          "Z": 73.0447159,
          "Type": "None",
          "Action": ""
        },
        {
          "X": 2125.0083,
          "Y": 1485.649,
          "Z": 72.95625,
          "Type": "None",
          "Action": ""
        },
        {
          "X": 2128.90259,
          "Y": 1491.4447,
          "Z": 73.06283,
          "Type": "None",
          "Action": ""
        },
        {
          "X": 2132.30664,
          "Y": 1497.888,
          "Z": 73.06645,
          "Type": "None",
          "Action": ""
        },
        {
          "X": 2135.49,
          "Y": 1504.11816,
          "Z": 72.80533,
          "Type": "None",
          "Action": ""
        },
        {
          "X": 2139.54346,
          "Y": 1510.186,
          "Z": 72.49277,
          "Type": "None",
          "Action": ""
        },
        {
          "X": 2143.93,
          "Y": 1515.63293,
          "Z": 72.51378,
          "Type": "None",
          "Action": ""
        },
        {
          "X": 2148.99976,
          "Y": 1520.85046,
          "Z": 72.5772552,
          "Type": "None",
          "Action": ""
        },
        {
          "X": 2154.84863,
          "Y": 1524.67212,
          "Z": 72.68945,
          "Type": "None",
          "Action": ""
        },
        {
          "X": 2161.08252,
          "Y": 1527.85156,
          "Z": 72.0738,
          "Type": "None",
          "Action": ""
        },
        {
          "X": 2167.94458,
          "Y": 1530.33228,
          "Z": 72.02551,
          "Type": "None",
          "Action": ""
        },
        {
          "X": 2174.74561,
          "Y": 1531.92871,
          "Z": 71.9179153,
          "Type": "None",
          "Action": ""
        },
        {
          "X": 2181.71045,
          "Y": 1532.00989,
          "Z": 71.62877,
          "Type": "None",
          "Action": ""
        },
        {
          "X": 2188.80786,
          "Y": 1530.45349,
          "Z": 71.98695,
          "Type": "None",
          "Action": ""
        },
        {
          "X": 2193.6145,
          "Y": 1525.63025,
          "Z": 72.72338,
          "Type": "None",
          "Action": ""
        },
        {
          "X": 2196.109,
          "Y": 1519.1438,
          "Z": 72.57082,
          "Type": "None",
          "Action": ""
        },
        {
          "X": 2196.384,
          "Y": 1511.90283,
          "Z": 72.8838,
          "Type": "None",
          "Action": ""
        },
        {
          "X": 2194.28442,
          "Y": 1504.95056,
          "Z": 73.36015,
          "Type": "None",
          "Action": ""
        },
        {
          "X": 2191.471,
          "Y": 1498.5498,
          "Z": 73.34624,
          "Type": "None",
          "Action": ""
        },
        {
          "X": 2187.975,
          "Y": 1492.12451,
          "Z": 72.8556,
          "Type": "None",
          "Action": ""
        },
        {
          "X": 2184.58936,
          "Y": 1486.018,
          "Z": 72.79803,
          "Type": "None",
          "Action": ""
        },
        {
          "X": 2179.609,
          "Y": 1480.70239,
          "Z": 72.7687149,
          "Type": "None",
          "Action": ""
        },
        {
          "X": 2174.64355,
          "Y": 1475.694,
          "Z": 72.50812,
          "Type": "None",
          "Action": ""
        },
        {
          "X": 2169.76416,
          "Y": 1470.77319,
          "Z": 73.03806,
          "Type": "None",
          "Action": ""
        },
        {
          "X": 2164.45361,
          "Y": 1465.79,
          "Z": 73.7455444,
          "Type": "None",
          "Action": ""
        },
        {
          "X": 2159.169,
          "Y": 1461.20178,
          "Z": 74.30532,
          "Type": "None",
          "Action": ""
        },
        {
          "X": 2153.85,
          "Y": 1456.6521,
          "Z": 75.234024,
          "Type": "None",
          "Action": ""
        },
        {
          "X": 2148.826,
          "Y": 1451.36426,
          "Z": 76.41824,
          "Type": "None",
          "Action": ""
        },
        {
          "X": 2144.57739,
          "Y": 1445.83533,
          "Z": 76.6588745,
          "Type": "None",
          "Action": ""
        },
        {
          "X": 2142.93262,
          "Y": 1438.82678,
          "Z": 76.73695,
          "Type": "None",
          "Action": ""
        },
        {
          "X": 2144.81934,
          "Y": 1432.30127,
          "Z": 75.70498,
          "Type": "None",
          "Action": ""
        },
        {
          "X": 2148.62817,
          "Y": 1426.173,
          "Z": 74.48829,
          "Type": "None",
          "Action": ""
        },
        {
          "X": 2148.77515,
          "Y": 1419.199,
          "Z": 74.14289,
          "Type": "None",
          "Action": ""
        },
        {
          "X": 2147.56665,
          "Y": 1412.33752,
          "Z": 73.9368057,
          "Type": "None",
          "Action": ""
        }
      ],
      "Name": "Boss 3",
      "Order": 2,
      "CompleteCondition": null
    },
    {
      "$type": "WholesomeDungeonCrawler.Models.MoveAlongPathModel, WholesomeDungeonCrawler",
      "Path": [
        {
          "X": 2148.08569,
          "Y": 1424.45789,
          "Z": 74.5371552,
          "Type": "None",
          "Action": ""
        },
        {
          "X": 2148.42627,
          "Y": 1430.27551,
          "Z": 74.73428,
          "Type": "None",
          "Action": ""
        },
        {
          "X": 2148.8877,
          "Y": 1437.55823,
          "Z": 75.0707,
          "Type": "None",
          "Action": ""
        },
        {
          "X": 2149.53735,
          "Y": 1444.52783,
          "Z": 76.40943,
          "Type": "None",
          "Action": ""
        },
        {
          "X": 2151.59668,
          "Y": 1451.16309,
          "Z": 75.4307,
          "Type": "None",
          "Action": ""
        },
        {
          "X": 2155.72559,
          "Y": 1457.16467,
          "Z": 75.05507,
          "Type": "None",
          "Action": ""
        },
        {
          "X": 2160.22437,
          "Y": 1462.50354,
          "Z": 74.1989746,
          "Type": "None",
          "Action": ""
        },
        {
          "X": 2164.144,
          "Y": 1468.63135,
          "Z": 73.54479,
          "Type": "None",
          "Action": ""
        },
        {
          "X": 2167.45239,
          "Y": 1474.80029,
          "Z": 73.0057,
          "Type": "None",
          "Action": ""
        },
        {
          "X": 2170.697,
          "Y": 1481.003,
          "Z": 72.81191,
          "Type": "None",
          "Action": ""
        },
        {
          "X": 2174.03271,
          "Y": 1487.49341,
          "Z": 72.93952,
          "Type": "None",
          "Action": ""
        },
        {
          "X": 2177.517,
          "Y": 1493.54919,
          "Z": 72.89337,
          "Type": "None",
          "Action": ""
        },
        {
          "X": 2182.03662,
          "Y": 1499.23682,
          "Z": 73.38659,
          "Type": "None",
          "Action": ""
        },
        {
          "X": 2186.40747,
          "Y": 1504.70459,
          "Z": 74.1528549,
          "Type": "None",
          "Action": ""
        },
        {
          "X": 2190.66138,
          "Y": 1510.26306,
          "Z": 73.91399,
          "Type": "None",
          "Action": ""
        },
        {
          "X": 2193.5874,
          "Y": 1516.88013,
          "Z": 73.1047745,
          "Type": "None",
          "Action": ""
        },
        {
          "X": 2191.48218,
          "Y": 1523.393,
          "Z": 72.14108,
          "Type": "None",
          "Action": ""
        },
        {
          "X": 2186.44214,
          "Y": 1528.64392,
          "Z": 71.56328,
          "Type": "None",
          "Action": ""
        },
        {
          "X": 2181.549,
          "Y": 1533.64954,
          "Z": 71.58976,
          "Type": "None",
          "Action": ""
        },
        {
          "X": 2176.885,
          "Y": 1538.85278,
          "Z": 71.62786,
          "Type": "None",
          "Action": ""
        },
        {
          "X": 2173.46069,
          "Y": 1545.27161,
          "Z": 71.2946,
          "Type": "None",
          "Action": ""
        },
        {
          "X": 2172.4563,
          "Y": 1552.188,
          "Z": 71.48393,
          "Type": "None",
          "Action": ""
        },
        {
          "X": 2173.04639,
          "Y": 1559.11682,
          "Z": 72.10517,
          "Type": "None",
          "Action": ""
        },
        {
          "X": 2175.38843,
          "Y": 1566.02808,
          "Z": 73.40074,
          "Type": "None",
          "Action": ""
        },
        {
          "X": 2177.317,
          "Y": 1572.73865,
          "Z": 75.278,
          "Type": "None",
          "Action": ""
        },
        {
          "X": 2179.26782,
          "Y": 1579.755,
          "Z": 76.6894,
          "Type": "None",
          "Action": ""
        },
        {
          "X": 2181.13867,
          "Y": 1586.50049,
          "Z": 78.1534,
          "Type": "None",
          "Action": ""
        },
        {
          "X": 2183.03247,
          "Y": 1593.22229,
          "Z": 79.32508,
          "Type": "None",
          "Action": ""
        },
        {
          "X": 2185.98145,
          "Y": 1599.874,
          "Z": 80.1689758,
          "Type": "None",
          "Action": ""
        },
        {
          "X": 2191.36768,
          "Y": 1604.3125,
          "Z": 80.1057739,
          "Type": "None",
          "Action": ""
        },
        {
          "X": 2197.74585,
          "Y": 1607.13367,
          "Z": 80.4229,
          "Type": "None",
          "Action": ""
        },
        {
          "X": 2205.00049,
          "Y": 1607.69849,
          "Z": 80.8551559,
          "Type": "None",
          "Action": ""
        },
        {
          "X": 2211.14038,
          "Y": 1610.57434,
          "Z": 81.67851,
          "Type": "None",
          "Action": ""
        },
        {
          "X": 2211.79224,
          "Y": 1617.68176,
          "Z": 83.58014,
          "Type": "None",
          "Action": ""
        },
        {
          "X": 2210.343,
          "Y": 1624.52429,
          "Z": 84.9067154,
          "Type": "None",
          "Action": ""
        },
        {
          "X": 2208.192,
          "Y": 1631.1637,
          "Z": 85.5791245,
          "Type": "None",
          "Action": ""
        },
        {
          "X": 2204.55957,
          "Y": 1637.437,
          "Z": 85.94912,
          "Type": "None",
          "Action": ""
        },
        {
          "X": 2205.40454,
          "Y": 1630.12073,
          "Z": 85.38926,
          "Type": "None",
          "Action": ""
        }
      ],
      "Name": "Boss 4",
      "Order": 3,
      "CompleteCondition": null
    },
    {
      "$type": "WholesomeDungeonCrawler.Models.MoveAlongPathModel, WholesomeDungeonCrawler",
      "Path": [
        {
          "X": 2208.622,
          "Y": 1626.30017,
          "Z": 85.03988,
          "Type": "None",
          "Action": ""
        },
        {
          "X": 2208.45435,
          "Y": 1619.04919,
          "Z": 83.6345,
          "Type": "None",
          "Action": ""
        },
        {
          "X": 2205.67749,
          "Y": 1612.7467,
          "Z": 81.46258,
          "Type": "None",
          "Action": ""
        },
        {
          "X": 2199.53369,
          "Y": 1609.593,
          "Z": 80.7746,
          "Type": "None",
          "Action": ""
        },
        {
          "X": 2192.60815,
          "Y": 1611.1521,
          "Z": 80.70903,
          "Type": "None",
          "Action": ""
        },
        {
          "X": 2187.65625,
          "Y": 1616.45288,
          "Z": 80.84851,
          "Type": "None",
          "Action": ""
        },
        {
          "X": 2183.87085,
          "Y": 1622.66907,
          "Z": 81.35314,
          "Type": "None",
          "Action": ""
        },
        {
          "X": 2180.28564,
          "Y": 1628.67859,
          "Z": 81.06151,
          "Type": "None",
          "Action": ""
        },
        {
          "X": 2174.9043,
          "Y": 1633.05481,
          "Z": 80.90507,
          "Type": "None",
          "Action": ""
        },
        {
          "X": 2167.83643,
          "Y": 1634.576,
          "Z": 81.4971542,
          "Type": "None",
          "Action": ""
        },
        {
          "X": 2161.077,
          "Y": 1632.8219,
          "Z": 81.786026,
          "Type": "None",
          "Action": ""
        },
        {
          "X": 2154.694,
          "Y": 1629.43677,
          "Z": 81.81162,
          "Type": "None",
          "Action": ""
        },
        {
          "X": 2147.93677,
          "Y": 1626.26672,
          "Z": 81.62547,
          "Type": "None",
          "Action": ""
        },
        {
          "X": 2142.30176,
          "Y": 1628.0083,
          "Z": 81.5864258,
          "Type": "None",
          "Action": ""
        },
        {
          "X": 2139.34863,
          "Y": 1632.344,
          "Z": 81.80312,
          "Type": "None",
          "Action": ""
        },
        {
          "X": 2136.27783,
          "Y": 1638.618,
          "Z": 82.21268,
          "Type": "None",
          "Action": ""
        },
        {
          "X": 2133.26782,
          "Y": 1645.236,
          "Z": 82.21442,
          "Type": "None",
          "Action": ""
        },
        {
          "X": 2130.77515,
          "Y": 1651.76624,
          "Z": 82.21272,
          "Type": "None",
          "Action": ""
        },
        {
          "X": 2129.362,
          "Y": 1660.094,
          "Z": 82.0470657,
          "Type": "None",
          "Action": ""
        },
        {
          "X": 2129.06055,
          "Y": 1666.50732,
          "Z": 82.28849,
          "Type": "None",
          "Action": ""
        },
        {
          "X": 2128.338,
          "Y": 1674.04932,
          "Z": 82.45425,
          "Type": "None",
          "Action": ""
        },
        {
          "X": 2127.35669,
          "Y": 1680.98,
          "Z": 82.0066,
          "Type": "None",
          "Action": ""
        },
        {
          "X": 2126.004,
          "Y": 1688.15015,
          "Z": 81.27033,
          "Type": "None",
          "Action": ""
        },
        {
          "X": 2124.51563,
          "Y": 1694.99011,
          "Z": 80.29598,
          "Type": "None",
          "Action": ""
        },
        {
          "X": 2122.43433,
          "Y": 1702.89,
          "Z": 79.67945,
          "Type": "None",
          "Action": ""
        },
        {
          "X": 2117.447,
          "Y": 1708.84875,
          "Z": 80.69001,
          "Type": "None",
          "Action": ""
        },
        {
          "X": 2112.65723,
          "Y": 1713.93909,
          "Z": 80.3635254,
          "Type": "None",
          "Action": ""
        },
        {
          "X": 2108.34277,
          "Y": 1719.45142,
          "Z": 78.94306,
          "Type": "None",
          "Action": ""
        },
        {
          "X": 2103.7583,
          "Y": 1725.10669,
          "Z": 78.20207,
          "Type": "None",
          "Action": ""
        },
        {
          "X": 2099.3208,
          "Y": 1730.52,
          "Z": 78.15207,
          "Type": "None",
          "Action": ""
        },
        {
          "X": 2094.83545,
          "Y": 1735.89417,
          "Z": 78.65584,
          "Type": "None",
          "Action": ""
        },
        {
          "X": 2090.30762,
          "Y": 1741.23145,
          "Z": 77.33458,
          "Type": "None",
          "Action": ""
        },
        {
          "X": 2084.93237,
          "Y": 1743.77844,
          "Z": 77.32085,
          "Type": "None",
          "Action": ""
        },
        {
          "X": 2085.88184,
          "Y": 1752.1803,
          "Z": 77.748436,
          "Type": "None",
          "Action": ""
        },
        {
          "X": 2087.61377,
          "Y": 1758.96265,
          "Z": 78.29164,
          "Type": "None",
          "Action": ""
        },
        {
          "X": 2089.57959,
          "Y": 1765.68079,
          "Z": 79.46689,
          "Type": "None",
          "Action": ""
        },
        {
          "X": 2091.69116,
          "Y": 1772.64746,
          "Z": 78.48268,
          "Type": "None",
          "Action": ""
        },
        {
          "X": 2093.68872,
          "Y": 1779.3562,
          "Z": 77.0083,
          "Type": "None",
          "Action": ""
        },
        {
          "X": 2095.98145,
          "Y": 1786.28394,
          "Z": 75.2965,
          "Type": "None",
          "Action": ""
        },
        {
          "X": 2098.2146,
          "Y": 1792.89978,
          "Z": 74.4497147,
          "Type": "None",
          "Action": ""
        },
        {
          "X": 2100.45337,
          "Y": 1799.5321,
          "Z": 74.20167,
          "Type": "None",
          "Action": ""
        },
        {
          "X": 2102.711,
          "Y": 1806.47144,
          "Z": 74.38623,
          "Type": "None",
          "Action": ""
        },
        {
          "X": 2104.82227,
          "Y": 1813.14539,
          "Z": 77.2544,
          "Type": "None",
          "Action": ""
        },
        {
          "X": 2107.16113,
          "Y": 1820.053,
          "Z": 79.45084,
          "Type": "None",
          "Action": ""
        },
        {
          "X": 2109.50366,
          "Y": 1827.56921,
          "Z": 80.3094,
          "Type": "None",
          "Action": ""
        },
        {
          "X": 2110.3938,
          "Y": 1834.50659,
          "Z": 78.08538,
          "Type": "None",
          "Action": ""
        },
        {
          "X": 2110.88745,
          "Y": 1841.76917,
          "Z": 76.1293,
          "Type": "None",
          "Action": ""
        },
        {
          "X": 2111.25684,
          "Y": 1849.05725,
          "Z": 74.5285645,
          "Type": "None",
          "Action": ""
        },
        {
          "X": 2111.61133,
          "Y": 1856.04834,
          "Z": 73.53424,
          "Type": "None",
          "Action": ""
        },
        {
          "X": 2111.914,
          "Y": 1863.04163,
          "Z": 73.1161652,
          "Type": "None",
          "Action": ""
        },
        {
          "X": 2112.24634,
          "Y": 1870.31384,
          "Z": 73.21679,
          "Type": "None",
          "Action": ""
        },
        {
          "X": 2112.65552,
          "Y": 1877.30188,
          "Z": 72.61506,
          "Type": "None",
          "Action": ""
        },
        {
          "X": 2113.32642,
          "Y": 1884.28235,
          "Z": 71.84521,
          "Type": "None",
          "Action": ""
        },
        {
          "X": 2114.497,
          "Y": 1889.37964,
          "Z": 72.1051941,
          "Type": "None",
          "Action": ""
        },
        {
          "X": 2116.55981,
          "Y": 1895.721,
          "Z": 72.195015,
          "Type": "None",
          "Action": ""
        },
        {
          "X": 2115.28955,
          "Y": 1900.60022,
          "Z": 71.09026,
          "Type": "None",
          "Action": ""
        },
        {
          "X": 2108.89063,
          "Y": 1904.05078,
          "Z": 70.25875,
          "Type": "None",
          "Action": ""
        },
        {
          "X": 2102.39038,
          "Y": 1906.69275,
          "Z": 70.25795,
          "Type": "None",
          "Action": ""
        },
        {
          "X": 2097.24829,
          "Y": 1909.37219,
          "Z": 70.65368,
          "Type": "None",
          "Action": ""
        },
        {
          "X": 2093.07886,
          "Y": 1913.35364,
          "Z": 69.00493,
          "Type": "None",
          "Action": ""
        },
        {
          "X": 2087.7998,
          "Y": 1917.51184,
          "Z": 67.21225,
          "Type": "None",
          "Action": ""
        },
        {
          "X": 2083.95947,
          "Y": 1920.742,
          "Z": 65.29077,
          "Type": "None",
          "Action": ""
        },
        {
          "X": 2080.66675,
          "Y": 1925.12854,
          "Z": 65.44272,
          "Type": "None",
          "Action": ""
        },
        {
          "X": 2080.00562,
          "Y": 1930.35437,
          "Z": 65.1490555,
          "Type": "None",
          "Action": ""
        },
        {
          "X": 2079.743,
          "Y": 1936.17078,
          "Z": 66.16395,
          "Type": "None",
          "Action": ""
        },
        {
          "X": 2080.12085,
          "Y": 1941.38135,
          "Z": 65.18249,
          "Type": "None",
          "Action": ""
        },
        {
          "X": 2081.27075,
          "Y": 1948.28638,
          "Z": 62.9597931,
          "Type": "None",
          "Action": ""
        },
        {
          "X": 2083.12622,
          "Y": 1955.34216,
          "Z": 64.09281,
          "Type": "None",
          "Action": ""
        },
        {
          "X": 2086.0144,
          "Y": 1961.67639,
          "Z": 64.7932053,
          "Type": "None",
          "Action": ""
        },
        {
          "X": 2087.92188,
          "Y": 1968.4126,
          "Z": 65.2527,
          "Type": "None",
          "Action": ""
        },
        {
          "X": 2086.25586,
          "Y": 1975.29578,
          "Z": 64.8167,
          "Type": "None",
          "Action": ""
        },
        {
          "X": 2081.65723,
          "Y": 1980.55151,
          "Z": 63.7693634,
          "Type": "None",
          "Action": ""
        },
        {
          "X": 2076.72217,
          "Y": 1985.9231,
          "Z": 62.98929,
          "Type": "None",
          "Action": ""
        },
        {
          "X": 2073.59619,
          "Y": 1992.15942,
          "Z": 63.3060455,
          "Type": "None",
          "Action": ""
        },
        {
          "X": 2070.85645,
          "Y": 1998.60034,
          "Z": 64.4149,
          "Type": "None",
          "Action": ""
        },
        {
          "X": 2069.70728,
          "Y": 2005.73816,
          "Z": 63.4234924,
          "Type": "None",
          "Action": ""
        },
        {
          "X": 2071.77661,
          "Y": 2011.09155,
          "Z": 63.1380463,
          "Type": "None",
          "Action": ""
        },
        {
          "X": 2065.92383,
          "Y": 2014.76868,
          "Z": 63.79558,
          "Type": "None",
          "Action": ""
        },
        {
          "X": 2058.64136,
          "Y": 2017.32971,
          "Z": 63.29175,
          "Type": "None",
          "Action": ""
        },
        {
          "X": 2051.65454,
          "Y": 2017.58923,
          "Z": 61.4519463,
          "Type": "None",
          "Action": ""
        },
        {
          "X": 2044.84949,
          "Y": 2018.80566,
          "Z": 59.7261353,
          "Type": "None",
          "Action": ""
        },
        {
          "X": 2038.41077,
          "Y": 2020.09619,
          "Z": 59.7430229,
          "Type": "None",
          "Action": ""
        },
        {
          "X": 2032.6543,
          "Y": 2016.85437,
          "Z": 59.70083,
          "Type": "None",
          "Action": ""
        },
        {
          "X": 2027.062,
          "Y": 2013.13208,
          "Z": 59.664875,
          "Type": "None",
          "Action": ""
        },
        {
          "X": 2022.88342,
          "Y": 2007.51611,
          "Z": 59.7752762,
          "Type": "None",
          "Action": ""
        },
        {
          "X": 2017.60461,
          "Y": 2003.26355,
          "Z": 61.68885,
          "Type": "None",
          "Action": ""
        },
        {
          "X": 2012.805,
          "Y": 1998.27332,
          "Z": 61.682682,
          "Type": "None",
          "Action": ""
        },
        {
          "X": 2008.01868,
          "Y": 1993.16553,
          "Z": 62.978363,
          "Type": "None",
          "Action": ""
        },
        {
          "X": 2003.21265,
          "Y": 1987.69971,
          "Z": 64.01101,
          "Type": "None",
          "Action": ""
        },
        {
          "X": 1998.9209,
          "Y": 1982.16968,
          "Z": 63.99533,
          "Type": "None",
          "Action": ""
        }
      ],
      "Name": "Boss 5",
      "Order": 4,
      "CompleteCondition": null
    },
    {
      "$type": "WholesomeDungeonCrawler.Models.MoveAlongPathModel, WholesomeDungeonCrawler",
      "Path": [
        {
          "X": 2002.60291,
          "Y": 1987.02808,
          "Z": 64.10038,
          "Type": "None",
          "Action": ""
        },
        {
          "X": 2007.63477,
          "Y": 1992.74036,
          "Z": 63.153492,
          "Type": "None",
          "Action": ""
        },
        {
          "X": 2012.23865,
          "Y": 1997.9668,
          "Z": 61.6806755,
          "Type": "None",
          "Action": ""
        },
        {
          "X": 2016.88855,
          "Y": 2003.19885,
          "Z": 61.68434,
          "Type": "None",
          "Action": ""
        },
        {
          "X": 2021.97375,
          "Y": 2008.4325,
          "Z": 59.82435,
          "Type": "None",
          "Action": ""
        },
        {
          "X": 2027.9895,
          "Y": 2011.87134,
          "Z": 59.59967,
          "Type": "None",
          "Action": ""
        },
        {
          "X": 2033.95435,
          "Y": 2015.498,
          "Z": 59.644783,
          "Type": "None",
          "Action": ""
        },
        {
          "X": 2040.94788,
          "Y": 2015.26624,
          "Z": 59.58032,
          "Type": "None",
          "Action": ""
        },
        {
          "X": 2047.94763,
          "Y": 2015.261,
          "Z": 60.2004547,
          "Type": "None",
          "Action": ""
        },
        {
          "X": 2054.864,
          "Y": 2016.988,
          "Z": 62.42244,
          "Type": "None",
          "Action": ""
        },
        {
          "X": 2061.02856,
          "Y": 2015.07483,
          "Z": 63.50256,
          "Type": "None",
          "Action": ""
        },
        {
          "X": 2068.48047,
          "Y": 2013.96375,
          "Z": 63.9121323,
          "Type": "None",
          "Action": ""
        },
        {
          "X": 2075.02344,
          "Y": 2010.747,
          "Z": 62.54295,
          "Type": "None",
          "Action": ""
        },
        {
          "X": 2081.441,
          "Y": 2007.99524,
          "Z": 62.45561,
          "Type": "None",
          "Action": ""
        },
        {
          "X": 2088.38574,
          "Y": 2005.8335,
          "Z": 63.49952,
          "Type": "None",
          "Action": ""
        },
        {
          "X": 2094.496,
          "Y": 2005.44849,
          "Z": 63.80017,
          "Type": "None",
          "Action": ""
        },
        {
          "X": 2101.79053,
          "Y": 2005.23633,
          "Z": 65.3265152,
          "Type": "None",
          "Action": ""
        },
        {
          "X": 2107.88354,
          "Y": 2005.747,
          "Z": 65.24278,
          "Type": "None",
          "Action": ""
        },
        {
          "X": 2114.81958,
          "Y": 2004.87659,
          "Z": 64.87049,
          "Type": "None",
          "Action": ""
        },
        {
          "X": 2121.922,
          "Y": 2003.25879,
          "Z": 64.87049,
          "Type": "None",
          "Action": ""
        },
        {
          "X": 2124.521,
          "Y": 1996.91724,
          "Z": 64.36031,
          "Type": "None",
          "Action": ""
        },
        {
          "X": 2125.80737,
          "Y": 1990.02954,
          "Z": 63.8078766,
          "Type": "None",
          "Action": ""
        },
        {
          "X": 2129.48047,
          "Y": 1984.13892,
          "Z": 61.5149231,
          "Type": "None",
          "Action": ""
        },
        {
          "X": 2135.187,
          "Y": 1979.75452,
          "Z": 60.12753,
          "Type": "None",
          "Action": ""
        },
        {
          "X": 2140.871,
          "Y": 1980.99841,
          "Z": 59.409832,
          "Type": "None",
          "Action": ""
        },
        {
          "X": 2146.9834,
          "Y": 1984.40747,
          "Z": 59.4942169,
          "Type": "None",
          "Action": ""
        },
        {
          "X": 2153.47119,
          "Y": 1985.16089,
          "Z": 60.6279335,
          "Type": "None",
          "Action": ""
        },
        {
          "X": 2157.164,
          "Y": 1978.21777,
          "Z": 61.4940224,
          "Type": "None",
          "Action": ""
        },
        {
          "X": 2162.68921,
          "Y": 1978.28772,
          "Z": 60.94749,
          "Type": "None",
          "Action": ""
        },
        {
          "X": 2163.85522,
          "Y": 1972.42737,
          "Z": 60.93482,
          "Type": "None",
          "Action": ""
        },
        {
          "X": 2162.54272,
          "Y": 1965.55835,
          "Z": 59.29784,
          "Type": "None",
          "Action": ""
        },
        {
          "X": 2165.08057,
          "Y": 1959.5498,
          "Z": 58.18918,
          "Type": "None",
          "Action": ""
        },
        {
          "X": 2171.45776,
          "Y": 1957.65442,
          "Z": 57.8143463,
          "Type": "None",
          "Action": ""
        },
        {
          "X": 2176.555,
          "Y": 1963.257,
          "Z": 56.95933,
          "Type": "None",
          "Action": ""
        },
        {
          "X": 2182.00854,
          "Y": 1967.6394,
          "Z": 56.11273,
          "Type": "None",
          "Action": ""
        },
        {
          "X": 2187.60938,
          "Y": 1972.18542,
          "Z": 55.77257,
          "Type": "None",
          "Action": ""
        },
        {
          "X": 2193.102,
          "Y": 1976.40918,
          "Z": 55.7940636,
          "Type": "None",
          "Action": ""
        }
      ],
      "Name": "Boss 6",
      "Order": 5,
      "CompleteCondition": null
    },
    {
      "$type": "WholesomeDungeonCrawler.Models.MoveAlongPathModel, WholesomeDungeonCrawler",
      "Path": [
        {
          "X": 2183.0603,
          "Y": 1970.37085,
          "Z": 55.8998146,
          "Type": "None",
          "Action": ""
        },
        {
          "X": 2176.55786,
          "Y": 1967.8407,
          "Z": 56.5337029,
          "Type": "None",
          "Action": ""
        },
        {
          "X": 2171.107,
          "Y": 1963.54565,
          "Z": 57.27892,
          "Type": "None",
          "Action": ""
        },
        {
          "X": 2167.436,
          "Y": 1957.645,
          "Z": 57.7443275,
          "Type": "None",
          "Action": ""
        },
        {
          "X": 2169.97778,
          "Y": 1951.54431,
          "Z": 59.2164078,
          "Type": "None",
          "Action": ""
        },
        {
          "X": 2172.87256,
          "Y": 1945.45862,
          "Z": 59.70505,
          "Type": "None",
          "Action": ""
        },
        {
          "X": 2169.60229,
          "Y": 1939.01257,
          "Z": 61.93803,
          "Type": "None",
          "Action": ""
        },
        {
          "X": 2164.67578,
          "Y": 1934.0769,
          "Z": 64.74814,
          "Type": "None",
          "Action": ""
        },
        {
          "X": 2157.774,
          "Y": 1930.36047,
          "Z": 66.00097,
          "Type": "None",
          "Action": ""
        },
        {
          "X": 2152.38818,
          "Y": 1926.29407,
          "Z": 66.5993,
          "Type": "None",
          "Action": ""
        },
        {
          "X": 2156.71,
          "Y": 1922.3302,
          "Z": 66.5993,
          "Type": "None",
          "Action": ""
        },
        {
          "X": 2163.13037,
          "Y": 1918.89893,
          "Z": 66.94892,
          "Type": "None",
          "Action": ""
        },
        {
          "X": 2169.322,
          "Y": 1915.63428,
          "Z": 69.06891,
          "Type": "None",
          "Action": ""
        },
        {
          "X": 2175.774,
          "Y": 1912.92432,
          "Z": 69.7532043,
          "Type": "None",
          "Action": ""
        },
        {
          "X": 2182.62061,
          "Y": 1910.41553,
          "Z": 70.2976,
          "Type": "None",
          "Action": ""
        },
        {
          "X": 2188.21045,
          "Y": 1908.91406,
          "Z": 70.5671158,
          "Type": "None",
          "Action": ""
        },
        {
          "X": 2194.35181,
          "Y": 1904.7655,
          "Z": 70.88913,
          "Type": "None",
          "Action": ""
        },
        {
          "X": 2196.868,
          "Y": 1898.253,
          "Z": 71.4611359,
          "Type": "None",
          "Action": ""
        },
        {
          "X": 2197.28,
          "Y": 1891.1095,
          "Z": 72.08181,
          "Type": "None",
          "Action": ""
        },
        {
          "X": 2197.20068,
          "Y": 1884.58777,
          "Z": 72.55724,
          "Type": "None",
          "Action": ""
        },
        {
          "X": 2194.82837,
          "Y": 1878.00684,
          "Z": 74.35988,
          "Type": "None",
          "Action": ""
        },
        {
          "X": 2192.52637,
          "Y": 1871.104,
          "Z": 77.1996155,
          "Type": "None",
          "Action": ""
        }
      ],
      "Name": "Boss 7",
      "Order": 6,
      "CompleteCondition": null
    }
  ],
  "MapId": 47,
  "Name": "RFK",
  "Faction": 2,
  "DeathRunPath": [    
  ],
  "OffMeshConnections": [    
  ]
}