{
  "StepModels": [
    {
      "$type": "WholesomeDungeonCrawler.Models.MoveAlongPathModel, WholesomeDungeonCrawler",
      "Path": [
        {
          "X": 55.6232262,
          "Y": -160.093521,
          "Z": -2.71439,
          "Type": "None",
          "Action": ""
        },
        {
          "X": 56.0621223,
          "Y": -168.193161,
          "Z": -2.71439,
          "Type": "None",
          "Action": ""
        },
        {
          "X": 54.57528,
          "Y": -176.476471,
          "Z": -2.71439,
          "Type": "None",
          "Action": ""
        },
        {
          "X": 49.9804955,
          "Y": -183.681747,
          "Z": -4.01528263,
          "Type": "None",
          "Action": ""
        },
        {
          "X": 43.6932259,
          "Y": -189.331,
          "Z": -4.105532,
          "Type": "None",
          "Action": ""
        },
        {
          "X": 37.20151,
          "Y": -194.840881,
          "Z": -4.14598751,
          "Type": "None",
          "Action": ""
        },
        {
          "X": 29.3082676,
          "Y": -196.973267,
          "Z": -4.145974,
          "Type": "None",
          "Action": ""
        },
        {
          "X": 20.723793,
          "Y": -195.6043,
          "Z": -4.14736938,
          "Type": "None",
          "Action": ""
        },
        {
          "X": 12.4661131,
          "Y": -193.755112,
          "Z": -4.14736938,
          "Type": "None",
          "Action": ""
        },
        {
          "X": 5.671155,
          "Y": -189.037491,
          "Z": -4.10673237,
          "Type": "None",
          "Action": ""
        },
        {
          "X": -1.296525,
          "Y": -184.31662,
          "Z": -4.0357995,
          "Type": "None",
          "Action": ""
        },
        {
          "X": -9.571761, 
          "Y": -191.9617, 
          "Z": -4.152665,
          "Type": "None",
          "Action": ""
        },
        {
          "X": -23.20005, 
          "Y": -195.3451, 
          "Z": -4.153899,
          "Type": "None",
          "Action": ""
        },
        {
          "X": -40.72693, 
          "Y": -197.754,
          "Z":  -4.145269,
          "Type": "None",
          "Action": ""
        },
        {
          "X": -51.08553,
          "Y": -195.300262,
          "Z": -4.147691,
          "Type": "None",
          "Action": ""
        },
        {
          "X": -59.4278259,
          "Y": -196.200455,
          "Z": -4.147691,
          "Type": "None",
          "Action": ""
        },
        {
          "X": -67.82448,
          "Y": -195.031418,
          "Z": -4.147691,
          "Type": "None",
          "Action": ""
        },
        {
          "X": -76.1317749,
          "Y": -193.347153,
          "Z": -4.147691,
          "Type": "None",
          "Action": ""
        },
        {
          "X": -83.9816055,
          "Y": -190.46312,
          "Z": -4.123527,
          "Type": "None",
          "Action": ""
        },
        {
          "X": -91.9206848,
          "Y": -192.217,
          "Z": -4.14598131,
          "Type": "None",
          "Action": ""
        },
        {
          "X": -99.48107,
          "Y": -196.021591,
          "Z": -4.14598131,
          "Type": "None",
          "Action": ""
        },
        {
          "X": -107.839272,
          "Y": -196.716461,
          "Z": -4.14598131,
          "Type": "None",
          "Action": ""
        },
        {
          "X": -116.163353,
          "Y": -195.116425,
          "Z": -4.14598131,
          "Type": "None",
          "Action": ""
        },
        {
          "X": -124.334679,
          "Y": -193.258057,
          "Z": -4.14598131,
          "Type": "None",
          "Action": ""
        },
        {
          "X": -132.599686,
          "Y": -191.478149,
          "Z": -4.14737034,
          "Type": "None",
          "Action": ""
        },
        {
          "X": -141.060669,
          "Y": -191.180481,
          "Z": -4.150178,
          "Type": "None",
          "Action": ""
        },
        {
          "X": -149.070724,
          "Y": -193.405334,
          "Z": -4.15157461,
          "Type": "None",
          "Action": ""
        },
        {
          "X": -156.904587,
          "Y": -196.567474,
          "Z": -4.15297031,
          "Type": "None",
          "Action": ""
        },
        {
          "X": -163.807648,
          "Y": -202.079575,
          "Z": -4.15297031,
          "Type": "None",
          "Action": ""
        },
        {
          "X": -166.903824,
          "Y": -210.357834,
          "Z": -4.151738,
          "Type": "None",
          "Action": ""
        },
        {
          "X": -166.494965,
          "Y": -219.266861,
          "Z": -4.150124,
          "Type": "None",
          "Action": ""
        },
        {
          "X": -165.31282,
          "Y": -227.1903,
          "Z": -4.14868355,
          "Type": "None",
          "Action": ""
        },
        {
          "X": -163.939178,
          "Y": -236.001862,
          "Z": -4.148092,
          "Type": "None",
          "Action": ""
        },
        {
          "X": -162.889862,
          "Y": -244.884583,
          "Z": -4.147944,
          "Type": "None",
          "Action": ""
        },
        {
          "X": -161.669037,
          "Y": -253.773117,
          "Z": -4.147944,
          "Type": "None",
          "Action": ""
        },
        {
          "X": -160.240936,
          "Y": -262.5951,
          "Z": -4.147944,
          "Type": "None",
          "Action": ""
        },
        {
          "X": -159.675247,
          "Y": -271.575958,
          "Z": -4.147944,
          "Type": "None",
          "Action": ""
        },
        {
          "X": -159.6651,
          "Y": -280.192627,
          "Z": -4.147944,
          "Type": "None",
          "Action": ""
        },
        {
          "X": -159.664719,
          "Y": -290.2376,
          "Z": -4.147944,
          "Type": "None",
          "Action": ""
        },
        {
          "X": -159.791565,
          "Y": -300.03598,
          "Z": -4.147944,
          "Type": "None",
          "Action": ""
        },
        {
          "X": -160.105911,
          "Y": -310.051544,
          "Z": -4.147944,
          "Type": "None",
          "Action": ""
        },
        {
          "X": -160.420273,
          "Y": -320.0671,
          "Z": -4.147944,
          "Type": "None",
          "Action": ""
        },
        {
          "X": -160.728867,
          "Y": -329.899017,
          "Z": -4.147944,
          "Type": "None",
          "Action": ""
        },
        {
          "X": -161.025635,
          "Y": -338.614838,
          "Z": -4.14934,
          "Type": "None",
          "Action": ""
        },
        {
          "X": -155.566483,
          "Y": -344.792084,
          "Z": -4.15073824,
          "Type": "None",
          "Action": ""
        },
        {
          "X": -147.811386,
          "Y": -349.366333,
          "Z": -4.15073824,
          "Type": "None",
          "Action": ""
        },
        {
          "X": -139.719864,
          "Y": -353.056854,
          "Z": -4.100567,
          "Type": "None",
          "Action": ""
        },
        {
          "X": -130.940216,
          "Y": -354.69693,
          "Z": -4.11185455,
          "Type": "None",
          "Action": ""
        },
        {
          "X": -122.021263,
          "Y": -355.575378,
          "Z": -4.118915,
          "Type": "None",
          "Action": ""
        },
        {
          "X": -113.129654,
          "Y": -356.518433,
          "Z": -4.12597275,
          "Type": "None",
          "Action": ""
        },
        {
          "X": -105.262985,
          "Y": -358.043823,
          "Z": -4.137363,
          "Type": "None",
          "Action": ""
        },
        {
          "X": -96.77259,
          "Y": -360.800018,
          "Z": -4.14746332,
          "Type": "None",
          "Action": ""
        },
        {
          "X": -88.18186,
          "Y": -363.1907,
          "Z": -4.14746332,
          "Type": "None",
          "Action": ""
        },
        {
          "X": -80.69128,
          "Y": -366.2333,
          "Z": -4.12216854,
          "Type": "None",
          "Action": ""
        },
        {
          "X": -72.242836,
          "Y": -366.188965,
          "Z": -4.12081957,
          "Type": "None",
          "Action": ""
        },
        {
          "X": -64.05782,
          "Y": -363.834473,
          "Z": -4.14647055,
          "Type": "None",
          "Action": ""
        },
        {
          "X": -55.92617,
          "Y": -361.318481,
          "Z": -4.14647055,
          "Type": "None",
          "Action": ""
        },
        {
          "X": -47.5906677,
          "Y": -359.616333,
          "Z": -4.14647055,
          "Type": "None",
          "Action": ""
        },
        {
          "X": -39.16629,
          "Y": -359.895264,
          "Z": -4.14647055,
          "Type": "None",
          "Action": ""
        },
        {
          "X": -30.7148933,
          "Y": -361.121735,
          "Z": -4.14647055,
          "Type": "None",
          "Action": ""
        },
        {
          "X": -22.2859764,
          "Y": -362.9068,
          "Z": -4.14647055,
          "Type": "None",
          "Action": ""
        },
        {
          "X": -13.9907169,
          "Y": -362.500854,
          "Z": -4.14647055,
          "Type": "None",
          "Action": ""
        },
        {
          "X": -7.4539094,
          "Y": -357.151,
          "Z": -4.132595,
          "Type": "None",
          "Action": ""
        },
        {
          "X": 0.05075131,
          "Y": -353.5606,
          "Z": -4.105131,
          "Type": "None",
          "Action": ""
        },
        {
          "X": 8.14084148,
          "Y": -356.205872,
          "Z": -4.125412,
          "Type": "None",
          "Action": ""
        },
        {
          "X": 16.3411961,
          "Y": -358.39856,
          "Z": -4.14289761,
          "Type": "None",
          "Action": ""
        },
        {
          "X": 24.8157177,
          "Y": -358.3199,
          "Z": -4.143143,
          "Type": "None",
          "Action": ""
        },
        {
          "X": 32.92478,
          "Y": -356.456146,
          "Z": -4.12753,
          "Type": "None",
          "Action": ""
        },
        {
          "X": 41.14746,
          "Y": -354.864532,
          "Z": -4.11410952,
          "Type": "None",
          "Action": ""
        },
        {
          "X": 49.1446075,
          "Y": -354.211761,
          "Z": -4.10833025,
          "Type": "None",
          "Action": ""
        },
        {
          "X": 57.8795853,
          "Y": -352.699921,
          "Z": -4.09553957,
          "Type": "None",
          "Action": ""
        },
        {
          "X": 66.83232,
          "Y": -353.6135,
          "Z": -4.10198545,
          "Type": "None",
          "Action": ""
        },
        {
          "X": 75.6726761,
          "Y": -354.7098,
          "Z": -4.11038733,
          "Type": "None",
          "Action": ""
        },
        {
          "X": 84.5488739,
          "Y": -355.796356,
          "Z": -4.118871,
          "Type": "None",
          "Action": ""
        },
        {
          "X": 93.2899,
          "Y": -357.8263,
          "Z": -4.136031,
          "Type": "None",
          "Action": ""
        },
        {
          "X": 100.464462,
          "Y": -362.991821,
          "Z": -4.14763546,
          "Type": "None",
          "Action": ""
        },
        {
          "X": 106.131317,
          "Y": -369.966431,
          "Z": -4.10368156,
          "Type": "None",
          "Action": ""
        },
        {
          "X": 110.946114,
          "Y": -377.426056,
          "Z": -2.71513867,
          "Type": "None",
          "Action": ""
        },
        {
          "X": 111.999985,
          "Y": -386.262573,
          "Z": -3.273511,
          "Type": "None",
          "Action": ""
        },
        {
          "X": 112.175896,
          "Y": -395.188629,
          "Z": -3.273511,
          "Type": "None",
          "Action": ""
        },
        {
          "X": 112.243851,
          "Y": -403.203552,
          "Z": -3.273511,
          "Type": "None",
          "Action": ""
        },
        {
          "X": 112.134529,
          "Y": -412.130432,
          "Z": -3.273511,
          "Type": "None",
          "Action": ""
        },
        {
          "X": 112.099884,
          "Y": -421.116974,
          "Z": -3.273511,
          "Type": "None",
          "Action": ""
        },
        {
          "X": 112.121117,
          "Y": -430.064331,
          "Z": -3.273511,
          "Type": "None",
          "Action": ""
        },
        {
          "X": 112.156792,
          "Y": -438.987152,
          "Z": -3.273511,
          "Type": "None",
          "Action": ""
        },
        {
          "X": 112.188858,
          "Y": -447.0084,
          "Z": -3.273511,
          "Type": "None",
          "Action": ""
        },
        {
          "X": 104.240173,
          "Y": -449.052551,
          "Z": -2.71612215,
          "Type": "None",
          "Action": ""
        },
        {
          "X": 95.28578,
          "Y": -449.737671,
          "Z": -2.71865845,
          "Type": "None",
          "Action": ""
        },
        {
          "X": 86.35608,
          "Y": -450.300171,
          "Z": -2.72293782,
          "Type": "None",
          "Action": ""
        },
        {
          "X": 78.49341,
          "Y": -451.215576,
          "Z": -4.04953527,
          "Type": "None",
          "Action": ""
        },
        {
          "X": 70.6240845,
          "Y": -452.7419,
          "Z": -4.19508839,
          "Type": "None",
          "Action": ""
        },
        {
          "X": 61.8435822,
          "Y": -454.297272,
          "Z": -4.20491743,
          "Type": "None",
          "Action": ""
        },
        {
          "X": 52.8826675,
          "Y": -454.9179,
          "Z": -4.21485853,
          "Type": "None",
          "Action": ""
        },
        {
          "X": 43.9506721,
          "Y": -455.2344,
          "Z": -4.221906,
          "Type": "None",
          "Action": ""
        },
        {
          "X": 35.09111,
          "Y": -456.672668,
          "Z": -4.2303915,
          "Type": "None",
          "Action": ""
        },
        {
          "X": 26.2466221,
          "Y": -457.6968,
          "Z": -4.23886776,
          "Type": "None",
          "Action": ""
        },
        {
          "X": 17.2894611,
          "Y": -457.2129,
          "Z": -4.24308729,
          "Type": "None",
          "Action": ""
        },
        {
          "X": 8.499036,
          "Y": -455.57132,
          "Z": -4.24128866,
          "Type": "None",
          "Action": ""
        },
        {
          "X": -0.35242188,
          "Y": -454.4225,
          "Z": -4.23579836,
          "Type": "None",
          "Action": ""
        },
        {
          "X": -9.34065151,
          "Y": -454.530029,
          "Z": -4.231464,
          "Type": "None",
          "Action": ""
        },
        {
          "X": -17.3416615,
          "Y": -454.603058,
          "Z": -4.22757,
          "Type": "None",
          "Action": ""
        },
        {
          "X": -26.3329678,
          "Y": -454.639984,
          "Z": -4.223556,
          "Type": "None",
          "Action": ""
        },
        {
          "X": -35.29573,
          "Y": -454.819733,
          "Z": -4.223556,
          "Type": "None",
          "Action": ""
        },
        {
          "X": -43.7065,
          "Y": -455.928375,
          "Z": -4.223556,
          "Type": "None",
          "Action": ""
        },
        {
          "X": -52.0401535,
          "Y": -457.451019,
          "Z": -4.223556,
          "Type": "None",
          "Action": ""
        },
        {
          "X": -60.799324,
          "Y": -458.945862,
          "Z": -4.22344446,
          "Type": "None",
          "Action": ""
        },
        {
          "X": -69.18136,
          "Y": -460.1732,
          "Z": -4.223225,
          "Type": "None",
          "Action": ""
        },
        {
          "X": -77.57501,
          "Y": -461.375366,
          "Z": -4.22309542,
          "Type": "None",
          "Action": ""
        },
        {
          "X": -86.05486,
          "Y": -462.014954,
          "Z": -4.22309542,
          "Type": "None",
          "Action": ""
        },
        {
          "X": -94.3848343,
          "Y": -461.9616,
          "Z": -4.22308826,
          "Type": "None",
          "Action": ""
        },
        {
          "X": -102.721771,
          "Y": -460.386,
          "Z": -4.22288227,
          "Type": "None",
          "Action": ""
        },
        {
          "X": -106.252357,
          "Y": -452.078339,
          "Z": -4.22307634,
          "Type": "None",
          "Action": ""
        },
        {
          "X": -98.63064,
          "Y": -449.590942,
          "Z": -3.177396,
          "Type": "None",
          "Action": ""
        },
        {
          "X": -90.15483,
          "Y": -449.8344,
          "Z": 0.588778,
          "Type": "None",
          "Action": ""
        },
        {
          "X": -82.12799,
          "Y": -450.075317,
          "Z": 4.155466,
          "Type": "None",
          "Action": ""
        },
        {
          "X": -74.19051,
          "Y": -450.166,
          "Z": 7.68243837,
          "Type": "None",
          "Action": ""
        },
        {
          "X": -66.24295,
          "Y": -450.2278,
          "Z": 11.213891,
          "Type": "None",
          "Action": ""
        },
        {
          "X": -58.2286339,
          "Y": -450.07843,
          "Z": 14.7750368,
          "Type": "None",
          "Action": ""
        },
        {
          "X": -50.3068428,
          "Y": -449.9239,
          "Z": 16.4110641,
          "Type": "None",
          "Action": ""
        },
        {
          "X": -42.3162727,
          "Y": -449.506439,
          "Z": 16.4034119,
          "Type": "None",
          "Action": ""
        },
        {
          "X": -33.392746,
          "Y": -449.317078,
          "Z": 16.404026,
          "Type": "None",
          "Action": ""
        },
        {
          "X": -24.4824352,
          "Y": -449.858521,
          "Z": 16.404026,
          "Type": "None",
          "Action": ""
        },
        {
          "X": -16.5216045,
          "Y": -450.7564,
          "Z": 16.404026,
          "Type": "None",
          "Action": ""
        }
      ],
      "Name": "Boss - Lethtendris",
      "Order": 0,
      "CompleteCondition": {
        "HasCompleteCondition": true,
        "ConditionType": 4,
        "GameObjectId": 0,
        "InitialFlags": 0,
        "ItemId": 0,
        "CSharpCondition": null,
        "DeadMobId": 14327,
        "MobPositionId": 0,
        "MobId": 0,
        "MobPositionVector": null,
        "LOSPositionVector": null,
        "WaitTime": 0
      }
    },
    {
      "$type": "WholesomeDungeonCrawler.Models.MoveAlongPathModel, WholesomeDungeonCrawler",
      "Path": [
        {
          "X": -17.3696728,
          "Y": -458.820618,
          "Z": 16.3995113,
          "Type": "None",
          "Action": ""
        },
        {
          "X": -25.8438587,
          "Y": -456.928375,
          "Z": 16.3996639,
          "Type": "None",
          "Action": ""
        },
        {
          "X": -34.1187439,
          "Y": -454.84552,
          "Z": 16.39967,
          "Type": "None",
          "Action": ""
        },
        {
          "X": -42.4779167,
          "Y": -452.936676,
          "Z": 16.39967,
          "Type": "None",
          "Action": ""
        },
        {
          "X": -50.8174934,
          "Y": -451.233765,
          "Z": 16.4118843,
          "Type": "None",
          "Action": ""
        },
        {
          "X": -58.844883,
          "Y": -450.638184,
          "Z": 14.501255,
          "Type": "None",
          "Action": ""
        },
        {
          "X": -68.38182,
          "Y": -450.285034,
          "Z": 10.2635374,
          "Type": "None",
          "Action": ""
        },
        {
          "X": -75.7327042,
          "Y": -450.065643,
          "Z": 6.997184,
          "Type": "None",
          "Action": ""
        },
        {
          "X": -85.28787,
          "Y": -449.9762,
          "Z": 2.75144386,
          "Type": "None",
          "Action": ""
        },
        {
          "X": -92.65315,
          "Y": -450.078033,
          "Z": -0.5213004,
          "Type": "None",
          "Action": ""
        },
        {
          "X": -102.001122,
          "Y": -451.8018,
          "Z": -4.22674561,
          "Type": "None",
          "Action": ""
        },
        {
          "X": -104.701866,
          "Y": -459.38855,
          "Z": -4.22162771,
          "Type": "None",
          "Action": ""
        },
        {
          "X": -97.63553,
          "Y": -465.960144,
          "Z": -4.216119,
          "Type": "None",
          "Action": ""
        },
        {
          "X": -91.22614,
          "Y": -472.944458,
          "Z": -4.18517828,
          "Type": "None",
          "Action": ""
        },
        {
          "X": -89.69332,
          "Y": -482.373718,
          "Z": -7.02458429,
          "Type": "None",
          "Action": ""
        },
        {
          "X": -92.9573059,
          "Y": -491.325256,
          "Z": -10.8045645,
          "Type": "None",
          "Action": ""
        },
        {
          "X": -99.33083,
          "Y": -498.5946,
          "Z": -14.558651,
          "Type": "None",
          "Action": ""
        },
        {
          "X": -107.74118,
          "Y": -503.0807,
          "Z": -18.306778,
          "Type": "None",
          "Action": ""
        },
        {
          "X": -117.313171,
          "Y": -504.6089,
          "Z": -22.2535858,
          "Type": "None",
          "Action": ""
        },
        {
          "X": -126.984756,
          "Y": -503.740326,
          "Z": -26.3026333,
          "Type": "None",
          "Action": ""
        },
        {
          "X": -135.644287,
          "Y": -499.959534,
          "Z": -30.1586475,
          "Type": "None",
          "Action": ""
        },
        {
          "X": -142.186386,
          "Y": -492.774,
          "Z": -34.0998154,
          "Type": "None",
          "Action": ""
        },
        {
          "X": -145.465332,
          "Y": -483.8247,
          "Z": -38.0181465,
          "Type": "None",
          "Action": ""
        },
        {
          "X": -146.203491,
          "Y": -474.107422,
          "Z": -42.17068,
          "Type": "None",
          "Action": ""
        },
        {
          "X": -143.976257,
          "Y": -465.743561,
          "Z": -45.937397,
          "Type": "None",
          "Action": ""
        },
        {
          "X": -140.3824,
          "Y": -459.437622,
          "Z": -49.58327,
          "Type": "None",
          "Action": ""
        },
        {
          "X": -134.0513,
          "Y": -453.903656,
          "Z": -53.8323364,
          "Type": "None",
          "Action": ""
        },
        {
          "X": -127.54818,
          "Y": -450.960022,
          "Z": -57.4573479,
          "Type": "None",
          "Action": ""
        },
        {
          "X": -119.124458,
          "Y": -450.252136,
          "Z": -58.5306,
          "Type": "None",
          "Action": ""
        },
        {
          "X": -110.796936,
          "Y": -451.6241,
          "Z": -58.6083565,
          "Type": "None",
          "Action": ""
        },
        {
          "X": -102.522507,
          "Y": -453.818481,
          "Z": -58.60975,
          "Type": "None",
          "Action": ""
        },
        {
          "X": -94.18545,
          "Y": -455.567169,
          "Z": -58.60975,
          "Type": "None",
          "Action": ""
        },
        {
          "X": -86.11125,
          "Y": -457.5277,
          "Z": -58.61114,
          "Type": "None",
          "Action": ""
        },
        {
          "X": -77.0746,
          "Y": -457.0135,
          "Z": -58.61114,
          "Type": "None",
          "Action": ""
        },
        {
          "X": -68.69771,
          "Y": -455.893066,
          "Z": -58.6125336,
          "Type": "None",
          "Action": ""
        },
        {
          "X": -60.1654243,
          "Y": -455.296875,
          "Z": -58.6139336,
          "Type": "None",
          "Action": ""
        },
        {
          "X": -51.65501,
          "Y": -455.372,
          "Z": -58.6139336,
          "Type": "None",
          "Action": ""
        },
        {
          "X": -42.28364,
          "Y": -455.54306,
          "Z": -58.6139336,
          "Type": "None",
          "Action": ""
        },
        {
          "X": -33.80936,
          "Y": -456.2581,
          "Z": -58.6153221,
          "Type": "None",
          "Action": ""
        },
        {
          "X": -25.85713,
          "Y": -458.909943,
          "Z": -58.6181068,
          "Type": "None",
          "Action": ""
        },
        {
          "X": -25.0444736,
          "Y": -449.958,
          "Z": -58.6181068,
          "Type": "None",
          "Action": ""
        },
        {
          "X": -26.186821,
          "Y": -441.562958,
          "Z": -59.0366478,
          "Type": "None",
          "Action": ""
        },
        {
          "X": -25,
          "Y": -434,
          "Z": -59.95,
          "Type": "None",
          "Action": ""
        },
        {
          "X": -15.88977, 
          "Y": -433.9902, 
          "Z": -59.95031,
          "Type": "None",
          "Action": ""
        }
      ],
      "Name": "Boss - Hydraspawn",
      "Order": 1,
      "CompleteCondition": {
        "HasCompleteCondition": true,
        "ConditionType": 4,
        "GameObjectId": 0,
        "InitialFlags": 0,
        "ItemId": 0,
        "CSharpCondition": null,
        "DeadMobId": 13280,
        "MobPositionId": 0,
        "MobId": 0,
        "MobPositionVector": null,
        "LOSPositionVector": null,
        "WaitTime": 0
      }
    },
    {
      "$type": "WholesomeDungeonCrawler.Models.MoveAlongPathModel, WholesomeDungeonCrawler",
      "Path": [        
        {
          "X": -15.88977, 
          "Y": -433.9902, 
          "Z": -59.95031,
          "Type": "None",
          "Action": ""
        },  
        {
          "X": -25,
          "Y": -434,
          "Z": -59.95,
          "Type": "None",
          "Action": ""
        },
        {
          "X": -25.61976,
          "Y":  -434,
          "Z": -58.63037,
          "Type": "None",
          "Action": ""
        },                 
        {
          "X": -26.30925,
          "Y":  -443.0524,
          "Z":  -58.61702,
          "Type": "None",
          "Action": ""
        },        
        {
          "X":  -25.37958,
          "Y": -453.6144,
          "Z": -58.61841,
          "Type": "None",
          "Action": ""
        },         
        {
          "X": -11.93269,
          "Y":  -461.5997,
          "Z":  -58.62691,
          "Type": "None",
          "Action": ""
        },        
        {
          "X": 9.14932,
          "Y":  -462.0111,
          "Z": -58.6399,
          "Type": "None",
          "Action": ""
        },                 
        {
          "X": 17.4005222,
          "Y": -451.271942,
          "Z": -58.6331673,
          "Type": "None",
          "Action": ""
        },
        {
          "X": 25.7322273,
          "Y": -450.967651,
          "Z": -58.63092,
          "Type": "None",
          "Action": ""
        },
        {
          "X": 34.2514648,
          "Y": -450.7693,
          "Z": -58.6226768,
          "Type": "None",
          "Action": ""
        },
        {
          "X": 42.67951,
          "Y": -450.59198,
          "Z": -58.6142235,
          "Type": "None",
          "Action": ""
        },
        {
          "X": 51.18358,
          "Y": -450.471252,
          "Z": -58.6057053,
          "Type": "None",
          "Action": ""
        },
        {
          "X": 59.5712852,
          "Y": -450.388336,
          "Z": -58.59742,
          "Type": "None",
          "Action": ""
        },
        {
          "X": 68.35459,
          "Y": -450.4016,
          "Z": -58.58937,
          "Type": "None",
          "Action": ""
        },
        {
          "X": 76.8261948,
          "Y": -450.414459,
          "Z": -58.5785179,
          "Type": "None",
          "Action": ""
        },
        {
          "X": 85.2215347,
          "Y": -450.5298,
          "Z": -57.2609863,
          "Type": "None",
          "Action": ""
        },
        {
          "X": 93.7282,
          "Y": -452.092224,
          "Z": -56.8298531,
          "Type": "None",
          "Action": ""
        },
        {
          "X": 101.65007,
          "Y": -455.045959,
          "Z": -54.7650146,
          "Type": "None",
          "Action": ""
        },
        {
          "X": 108.102638,
          "Y": -460.250183,
          "Z": -53.344944,
          "Type": "None",
          "Action": ""
        },
        {
          "X": 110.655869,
          "Y": -468.089447,
          "Z": -51.4823875,
          "Type": "None",
          "Action": ""
        },
        {
          "X": 110.677734,
          "Y": -476.526031,
          "Z": -49.9113045,
          "Type": "None",
          "Action": ""
        },
        {
          "X": 106.864059,
          "Y": -484.0431,
          "Z": -48.1207657,
          "Type": "None",
          "Action": ""
        },
        {
          "X": 101.003624,
          "Y": -489.428253,
          "Z": -46.54905,
          "Type": "None",
          "Action": ""
        },
        {
          "X": 93.42065,
          "Y": -491.744934,
          "Z": -45.0260735,
          "Type": "None",
          "Action": ""
        },
        {
          "X": 85.40744,
          "Y": -492.666168,
          "Z": -44.076107,
          "Type": "None",
          "Action": ""
        },
        {
          "X": 77.4754944,
          "Y": -492.7946,
          "Z": -42.8716736,
          "Type": "None",
          "Action": ""
        },
        {
          "X": 69.52851,
          "Y": -492.908173,
          "Z": -41.8323822,
          "Type": "None",
          "Action": ""
        },
        {
          "X": 61.5423241,
          "Y": -493.022339,
          "Z": -40.7498436,
          "Type": "None",
          "Action": ""
        },
        {
          "X": 53.565937,
          "Y": -493.136353,
          "Z": -39.5387726,
          "Type": "None",
          "Action": ""
        },
        {
          "X": 44.65375,
          "Y": -493.263733,
          "Z": -38.5475159,
          "Type": "None",
          "Action": ""
        },
        {
          "X": 35.648468,
          "Y": -493.392456,
          "Z": -37.4893,
          "Type": "None",
          "Action": ""
        },
        {
          "X": 26.7361565,
          "Y": -493.388245,
          "Z": -36.44152,
          "Type": "None",
          "Action": ""
        },
        {
          "X": 17.75034,
          "Y": -493.269684,
          "Z": -36.4121437,
          "Type": "None",
          "Action": ""
        },
        {
          "X": 8.831548,
          "Y": -492.8824,
          "Z": -36.4121437,
          "Type": "None",
          "Action": ""
        },
        {
          "X": 0.170582533,
          "Y": -490.8549,
          "Z": -36.4121437,
          "Type": "None",
          "Action": ""
        },
        {
          "X": -2.17767262,
          "Y": -482.533478,
          "Z": -36.4121437,
          "Type": "None",
          "Action": ""
        },
        {
          "X": -1.95518887,
          "Y": -473.628052,
          "Z": -36.4121437,
          "Type": "None",
          "Action": ""
        },
        {
          "X": -0.408341646,
          "Y": -465.856873,
          "Z": -37.9583778,
          "Type": "None",
          "Action": ""
        },
        {
          "X": 3.310546,
          "Y": -457.783051,
          "Z": -37.9583778,
          "Type": "None",
          "Action": ""
        },
        {
          "X": 2.532276,
          "Y": -449.444458,
          "Z": -37.95977,
          "Type": "None",
          "Action": ""
        },
        {
          "X": -4.748065,
          "Y": -444.341248,
          "Z": -37.95977,
          "Type": "None",
          "Action": ""
        },
        {
          "X": -13.61898,
          "Y": -444.135254,
          "Z": -37.95977,
          "Type": "None",
          "Action": ""
        },
        {
          "X": -18.248,
          "Y": -437.068573,
          "Z": -37.96116,
          "Type": "None",
          "Action": ""
        },
        {
          "X": -26.28835,
          "Y": -434.088165,
          "Z": -37.96116,
          "Type": "None",
          "Action": ""
        },
        {
          "X": -34.5873566,
          "Y": -437.162231,
          "Z": -37.96116,
          "Type": "None",
          "Action": ""
        }
      ],
      "Name": "Boss - Zevrim Thornhoof",
      "Order": 2,
      "CompleteCondition": {
        "HasCompleteCondition": true,
        "ConditionType": 4,
        "GameObjectId": 0,
        "InitialFlags": 0,
        "ItemId": 0,
        "CSharpCondition": null,
        "DeadMobId": 11490,
        "MobPositionId": 0,
        "MobId": 0,
        "MobPositionVector": null,
        "LOSPositionVector": null,
        "WaitTime": 0
      }
    },
    {
      "$type": "WholesomeDungeonCrawler.Models.MoveAlongPathModel, WholesomeDungeonCrawler",
      "Path": [
        {
          "X": -37.8667679,
          "Y": -444.574738,
          "Z": -37.96116,
          "Type": "None",
          "Action": ""
        },
        {
          "X": -37.16717,
          "Y": -453.3193,
          "Z": -37.96116,
          "Type": "None",
          "Action": ""
        },
        {
          "X": -33.2085762,
          "Y": -460.872559,
          "Z": -37.96116,
          "Type": "None",
          "Action": ""
        },
        {
          "X": -24.5579338,
          "Y": -462.199554,
          "Z": -37.9607353,
          "Type": "None",
          "Action": ""
        },
        {
          "X": -15.6155891,
          "Y": -462.2182,
          "Z": -37.9607,
          "Type": "None",
          "Action": ""
        },
        {
          "X": -6.87034559,
          "Y": -463.937073,
          "Z": -37.960537,
          "Type": "None",
          "Action": ""
        },
        {
          "X": -2.17051673,
          "Y": -470.96167,
          "Z": -36.71874,
          "Type": "None",
          "Action": ""
        },
        {
          "X": -1.80735135,
          "Y": -479.947571,
          "Z": -36.41245,
          "Type": "None",
          "Action": ""
        },
        {
          "X": -0.8023688,
          "Y": -488.77832,
          "Z": -36.41245,
          "Type": "None",
          "Action": ""
        },
        {
          "X": 6.32062435,
          "Y": -493.213043,
          "Z": -36.41245,
          "Type": "None",
          "Action": ""
        },
        {
          "X": 15.5229187,
          "Y": -493.176575,
          "Z": -36.41245,
          "Type": "None",
          "Action": ""
        },
        {
          "X": 25.4077129,
          "Y": -493.215729,
          "Z": -36.41245,
          "Type": "None",
          "Action": ""
        },
        {
          "X": 35.3654976,
          "Y": -493.3866,
          "Z": -37.45512,
          "Type": "None",
          "Action": ""
        },
        {
          "X": 45.24975,
          "Y": -493.558533,
          "Z": -38.6169052,
          "Type": "None",
          "Action": ""
        },
        {
          "X": 55.2795944,
          "Y": -493.775238,
          "Z": -39.7970161,
          "Type": "None",
          "Action": ""
        },
        {
          "X": 65.28781,
          "Y": -493.750458,
          "Z": -41.31714,
          "Type": "None",
          "Action": ""
        },
        {
          "X": 73.9944153,
          "Y": -493.66217,
          "Z": -42.342556,
          "Type": "None",
          "Action": ""
        },
        {
          "X": 81.95224,
          "Y": -493.399048,
          "Z": -43.55128,
          "Type": "None",
          "Action": ""
        },
        {
          "X": 89.86486,
          "Y": -492.8577,
          "Z": -44.7530746,
          "Type": "None",
          "Action": ""
        },
        {
          "X": 98.53778,
          "Y": -490.6243,
          "Z": -46.0075645,
          "Type": "None",
          "Action": ""
        },
        {
          "X": 105.424141,
          "Y": -486.782745,
          "Z": -47.9207878,
          "Type": "None",
          "Action": ""
        },
        {
          "X": 110.423256,
          "Y": -479.537323,
          "Z": -49.21417,
          "Type": "None",
          "Action": ""
        },
        {
          "X": 112.227913,
          "Y": -471.7528,
          "Z": -50.9964333,
          "Type": "None",
          "Action": ""
        },
        {
          "X": 110.411507,
          "Y": -463.099182,
          "Z": -52.4404144,
          "Type": "None",
          "Action": ""
        },
        {
          "X": 106.002861,
          "Y": -456.576965,
          "Z": -54.05323,
          "Type": "None",
          "Action": ""
        },
        {
          "X": 99.0004044,
          "Y": -452.7825,
          "Z": -55.4320564,
          "Type": "None",
          "Action": ""
        },
        {
          "X": 91.4272842,
          "Y": -450.456573,
          "Z": -57.10875,
          "Type": "None",
          "Action": ""
        },
        {
          "X": 82.98079,
          "Y": -447.7127,
          "Z": -57.8454361,
          "Type": "None",
          "Action": ""
        },
        {
          "X": 76.47443,
          "Y": -443.028778,
          "Z": -58.5796471,
          "Type": "None",
          "Action": ""
        },
        {
          "X": 69.4654846,
          "Y": -437.530548,
          "Z": -58.59536,
          "Type": "None",
          "Action": ""
        },
        {
          "X": 63.8176651,
          "Y": -430.572418,
          "Z": -58.6010971,
          "Type": "None",
          "Action": ""
        },
        {
          "X": 58.9106674,
          "Y": -423.11676,
          "Z": -58.6024857,
          "Type": "None",
          "Action": ""
        },
        {
          "X": 52.70215,
          "Y": -416.656,
          "Z": -58.60528,
          "Type": "None",
          "Action": ""
        },
        {
          "X": 46.2215462,
          "Y": -411.110535,
          "Z": -58.606678,
          "Type": "None",
          "Action": ""
        },
        {
          "X": 39.2426529,
          "Y": -406.282623,
          "Z": -58.60951,
          "Type": "None",
          "Action": ""
        },
        {
          "X": 31.50509,
          "Y": -402.504944,
          "Z": -58.61091,
          "Type": "None",
          "Action": ""
        },
        {
          "X": 23.4684734,
          "Y": -400.317047,
          "Z": -58.61371,
          "Type": "None",
          "Action": ""
        },
        {
          "X": 15.0287857,
          "Y": -399.42746,
          "Z": -58.61371,
          "Type": "None",
          "Action": ""
        },
        {
          "X": 6.56139326,
          "Y": -398.724121,
          "Z": -58.61371,
          "Type": "None",
          "Action": ""
        },
        {
          "X": -1.92193317,
          "Y": -398.444916,
          "Z": -58.61371,
          "Type": "None",
          "Action": ""
        },
        {
          "X": -10.3873568,
          "Y": -397.978027,
          "Z": -58.61371,
          "Type": "None",
          "Action": ""
        },
        {
          "X": -18.7313938,
          "Y": -397.7856,
          "Z": -58.61371,
          "Type": "None",
          "Action": ""
        },
        {
          "X": -27.1769981,
          "Y": -398.650452,
          "Z": -58.61371,
          "Type": "None",
          "Action": ""
        },
        {
          "X": -35.5514679,
          "Y": -399.929321,
          "Z": -58.61371,
          "Type": "None",
          "Action": ""
        },
        {
          "X": -43.99561,
          "Y": -400.5902,
          "Z": -58.61371,
          "Type": "None",
          "Action": ""
        },
        {
          "X": -52.4746742,
          "Y": -400.712067,
          "Z": -58.61371,
          "Type": "None",
          "Action": ""
        },
        {
          "X": -61.0148239,
          "Y": -401.03717,
          "Z": -58.61339,
          "Type": "None",
          "Action": ""
        },
        {
          "X": -69.50413,
          "Y": -401.389069,
          "Z": -58.6119347,
          "Type": "None",
          "Action": ""
        },
        {
          "X": -78.35581,
          "Y": -400.4772,
          "Z": -58.61088,
          "Type": "None",
          "Action": ""
        },
        {
          "X": -87.0738449,
          "Y": -398.424561,
          "Z": -58.5574379,
          "Type": "None",
          "Action": ""
        },
        {
          "X": -95.99266,
          "Y": -398.03302,
          "Z": -58.53082,
          "Type": "None",
          "Action": ""
        },
        {
          "X": -104.869209,
          "Y": -399.154877,
          "Z": -58.5113373,
          "Type": "None",
          "Action": ""
        },
        {
          "X": -112.810165,
          "Y": -400.17804,
          "Z": -58.49389,
          "Type": "None",
          "Action": ""
        },
        {
          "X": -120.700935,
          "Y": -400.977966,
          "Z": -57.0277977,
          "Type": "None",
          "Action": ""
        },
        {
          "X": -129.641144,
          "Y": -401.0406,
          "Z": -57.02077,
          "Type": "None",
          "Action": ""
        },
        {
          "X": -138.473083,
          "Y": -399.704559,
          "Z": -57.5754967,
          "Type": "None",
          "Action": ""
        },
        {
          "X": -142.7831,
          "Y": -392.4186,
          "Z": -57.5754967,
          "Type": "None",
          "Action": ""
        },
        {
          "X": -142.793,
          "Y": -383.420563,
          "Z": -57.5754967,
          "Type": "None",
          "Action": ""
        },
        {
          "X": -142.299789,
          "Y": -374.562927,
          "Z": -57.0163345,
          "Type": "None",
          "Action": ""
        },
        {
          "X": -140.421844,
          "Y": -365.877045,
          "Z": -56.32707,
          "Type": "None",
          "Action": ""
        },
        {
          "X": -135.553513,
          "Y": -358.382782,
          "Z": -56.27798,
          "Type": "None",
          "Action": ""
        },
        {
          "X": -130.111053,
          "Y": -351.3304,
          "Z": -56.237812,
          "Type": "None",
          "Action": ""
        },
        {
          "X": -125.219429,
          "Y": -344.991852,
          "Z": -56.23769,
          "Type": "None",
          "Action": ""
        },
        {
          "X": -119.753441,
          "Y": -337.920624,
          "Z": -56.2636032,
          "Type": "None",
          "Action": ""
        },
        {
          "X": -114.477226,
          "Y": -331.905182,
          "Z": -56.30792,
          "Type": "None",
          "Action": ""
        },
        {
          "X": -108.666046,
          "Y": -325.121124,
          "Z": -56.39878,
          "Type": "None",
          "Action": ""
        },
        {
          "X": -102.819809,
          "Y": -318.296143,
          "Z": -56.68374,
          "Type": "None",
          "Action": ""
        },
        {
          "X": -97.04467,
          "Y": -311.5072,
          "Z": -57.0026245,
          "Type": "None",
          "Action": ""
        },
        {
          "X": -91.2458954,
          "Y": -304.629028,
          "Z": -57.32479,
          "Type": "None",
          "Action": ""
        },
        {
          "X": -85.2293549,
          "Y": -298.02002,
          "Z": -57.2522049,
          "Type": "None",
          "Action": ""
        },
        {
          "X": -78.9925842,
          "Y": -291.599182,
          "Z": -57.8348732,
          "Type": "None",
          "Action": ""
        },
        {
          "X": -73.3868942,
          "Y": -285.889282,
          "Z": -57.90056,
          "Type": "None",
          "Action": ""
        },
        {
          "X": -66.9421,
          "Y": -279.728668,
          "Z": -58.1157341,
          "Type": "None",
          "Action": ""
        },
        {
          "X": -60.32815,
          "Y": -273.631317,
          "Z": -58.2036,
          "Type": "None",
          "Action": ""
        }
      ],
      "Name": "Path to Old Ironbark",
      "Order": 3,
      "CompleteCondition": {
        "HasCompleteCondition": false,
        "ConditionType": 0,
        "GameObjectId": 0,
        "InitialFlags": 0,
        "ItemId": 0,
        "CSharpCondition": null,
        "DeadMobId": 0,
        "MobPositionId": 0,
        "MobId": 0,
        "MobPositionVector": null,
        "LOSPositionVector": null,
        "WaitTime": 0
      }
    },
    {
      "$type": "WholesomeDungeonCrawler.Models.MoveToUnitModel, WholesomeDungeonCrawler",
      "ExpectedPosition": {
        "X": -56.59,
        "Y": -269.12,
        "Z": -58.0476532,
        "Type": "None",
        "Action": ""
      },
      "FindClosest": false,
      "SkipIfNotFound": true,
      "UnitId": 14241,
      "Interactwithunit": false,
      "GossipIndex": 1,
      "Name": "Interact with Old Ironbark",
      "Order": 4,
      "CompleteCondition": {
        "HasCompleteCondition": true,
        "ConditionType": 7,
        "GameObjectId": 0,
        "InitialFlags": 0,
        "ItemId": 0,
        "CSharpCondition": null,
        "DeadMobId": 0,
        "MobPositionId": 0,
        "MobId": 14241,
        "MobPositionVector": null,
        "LOSPositionVector": null,
        "WaitTime": 0
      }
    },
    {
      "$type": "WholesomeDungeonCrawler.Models.MoveAlongPathModel, WholesomeDungeonCrawler",
      "Path": [
        {
          "X": -53.1696053,
          "Y": -273.9137,
          "Z": -57.79235,
          "Type": "None",
          "Action": ""
        },
        {
          "X": -44.9770737,
          "Y": -275.117828,
          "Z": -57.31232,
          "Type": "None",
          "Action": ""
        },
        {
          "X": -36.24077,
          "Y": -276.474365,
          "Z": -56.42692,
          "Type": "None",
          "Action": ""
        },
        {
          "X": -27.5631428,
          "Y": -277.967957,
          "Z": -55.46193,
          "Type": "None",
          "Action": ""
        },
        {
          "X": -19.0228,
          "Y": -279.4328,
          "Z": -54.508873,
          "Type": "None",
          "Action": ""
        },
        {
          "X": -10.5247917,
          "Y": -279.28067,
          "Z": -53.663,
          "Type": "None",
          "Action": ""
        },
        {
          "X": -1.88768661,
          "Y": -278.620483,
          "Z": -53.0616875,
          "Type": "None",
          "Action": ""
        },
        {
          "X": 6.38895464,
          "Y": -276.698975,
          "Z": -53.58328,
          "Type": "None",
          "Action": ""
        },
        {
          "X": 14.8898458,
          "Y": -274.7477,
          "Z": -52.9047,
          "Type": "None",
          "Action": ""
        },
        {
          "X": 23.5306721,
          "Y": -273.342133,
          "Z": -53.0617027,
          "Type": "None",
          "Action": ""
        },
        {
          "X": 31.972168,
          "Y": -273.1494,
          "Z": -52.4474335,
          "Type": "None",
          "Action": ""
        },
        {
          "X": 40.6295853,
          "Y": -273.044647,
          "Z": -52.6976166,
          "Type": "None",
          "Action": ""
        },
        {
          "X": 49.21711,
          "Y": -273.13443,
          "Z": -53.1049423,
          "Type": "None",
          "Action": ""
        },
        {
          "X": 57.86033,
          "Y": -273.761658,
          "Z": -53.77608,
          "Type": "None",
          "Action": ""
        },
        {
          "X": 66.36138,
          "Y": -274.3142,
          "Z": -54.3578033,
          "Type": "None",
          "Action": ""
        },
        {
          "X": 75.0656738,
          "Y": -274.8697,
          "Z": -54.9388657,
          "Type": "None",
          "Action": ""
        },
        {
          "X": 83.63025,
          "Y": -275.41626,
          "Z": -55.47754,
          "Type": "None",
          "Action": ""
        },
        {
          "X": 92.299614,
          "Y": -275.9695,
          "Z": -55.9921837,
          "Type": "None",
          "Action": ""
        },
        {
          "X": 100.72448,
          "Y": -276.507172,
          "Z": -55.9234047,
          "Type": "None",
          "Action": ""
        },
        {
          "X": 109.310013,
          "Y": -277.055084,
          "Z": -55.93276,
          "Type": "None",
          "Action": ""
        },
        {
          "X": 118.06321,
          "Y": -277.613678,
          "Z": -55.8421135,
          "Type": "None",
          "Action": ""
        },
        {
          "X": 126.523613,
          "Y": -277.996826,
          "Z": -55.8802567,
          "Type": "None",
          "Action": ""
        },
        {
          "X": 135.325012,
          "Y": -278.281342,
          "Z": -56.5698433,
          "Type": "None",
          "Action": ""
        },
        {
          "X": 143.881546,
          "Y": -278.557983,
          "Z": -56.5698433,
          "Type": "None",
          "Action": ""
        },
        {
          "X": 152.319138,
          "Y": -278.83075,
          "Z": -56.5698433,
          "Type": "None",
          "Action": ""
        },
        {
          "X": 160.932785,
          "Y": -279.0437,
          "Z": -56.5698433,
          "Type": "None",
          "Action": ""
        },
        {
          "X": 169.402588,
          "Y": -278.984833,
          "Z": -56.5698433,
          "Type": "None",
          "Action": ""
        },
        {
          "X": 178.096375,
          "Y": -278.9244,
          "Z": -56.5698433,
          "Type": "None",
          "Action": ""
        },
        {
          "X": 186.622177,
          "Y": -278.865143,
          "Z": -56.57267,
          "Type": "None",
          "Action": ""
        },
        {
          "X": 195.070969,
          "Y": -278.8064,
          "Z": -56.58252,
          "Type": "None",
          "Action": ""
        },
        {
          "X": 203.63176,
          "Y": -278.746918,
          "Z": -56.5923424,
          "Type": "None",
          "Action": ""
        },
        {
          "X": 212.150558,
          "Y": -278.687683,
          "Z": -56.5965729,
          "Type": "None",
          "Action": ""
        },
        {
          "X": 220.718262,
          "Y": -278.62207,
          "Z": -56.5965729,
          "Type": "None",
          "Action": ""
        },
        {
          "X": 229.23938,
          "Y": -279.0351,
          "Z": -56.5965729,
          "Type": "None",
          "Action": ""
        },
        {
          "X": 237.737839,
          "Y": -279.870941,
          "Z": -56.5965729,
          "Type": "None",
          "Action": ""
        },
        {
          "X": 246.101959,
          "Y": -281.267151,
          "Z": -56.59473,
          "Type": "None",
          "Action": ""
        },
        {
          "X": 253.2168,
          "Y": -285.7177,
          "Z": -56.5920448,
          "Type": "None",
          "Action": ""
        },
        {
          "X": 256.9156,
          "Y": -293.355347,
          "Z": -56.5745163,
          "Type": "None",
          "Action": ""
        },
        {
          "X": 260.088959,
          "Y": -301.29892,
          "Z": -56.5546074,
          "Type": "None",
          "Action": ""
        },
        {
          "X": 261.906952,
          "Y": -309.557251,
          "Z": -56.5463028,
          "Type": "None",
          "Action": ""
        },
        {
          "X": 262.158264,
          "Y": -318.027344,
          "Z": -56.5505142,
          "Type": "None",
          "Action": ""
        },
        {
          "X": 262.179718,
          "Y": -326.581055,
          "Z": -56.5561371,
          "Type": "None",
          "Action": ""
        },
        {
          "X": 262.13205,
          "Y": -335.125854,
          "Z": -57.71746,
          "Type": "None",
          "Action": ""
        },
        {
          "X": 262.067139,
          "Y": -343.651428,
          "Z": -61.4043846,
          "Type": "None",
          "Action": ""
        },
        {
          "X": 262.0585,
          "Y": -351.820435,
          "Z": -64.9371,
          "Type": "None",
          "Action": ""
        },
        {
          "X": 257.3526,
          "Y": -359.13623,
          "Z": -67.52589,
          "Type": "None",
          "Action": ""
        },
        {
          "X": 251.30217,
          "Y": -365.010132,
          "Z": -67.52589,
          "Type": "None",
          "Action": ""
        },
        {
          "X": 243.2691,
          "Y": -367.6924,
          "Z": -67.52589,
          "Type": "None",
          "Action": ""
        },
        {
          "X": 235.5057,
          "Y": -371.004517,
          "Z": -67.52589,
          "Type": "None",
          "Action": ""
        },
        {
          "X": 228.232,
          "Y": -375.532623,
          "Z": -67.52589,
          "Type": "None",
          "Action": ""
        },
        {
          "X": 220.940979,
          "Y": -380.058838,
          "Z": -67.52589,
          "Type": "None",
          "Action": ""
        },
        {
          "X": 214.500565,
          "Y": -385.1676,
          "Z": -68.33416,
          "Type": "None",
          "Action": ""
        },
        {
          "X": 209.3572,
          "Y": -391.966766,
          "Z": -69.5641,
          "Type": "None",
          "Action": ""
        },
        {
          "X": 204.491928,
          "Y": -398.9939,
          "Z": -71.60519,
          "Type": "None",
          "Action": ""
        },
        {
          "X": 199.705322,
          "Y": -406.034882,
          "Z": -74.147,
          "Type": "None",
          "Action": ""
        },
        {
          "X": 196.86026,
          "Y": -414.085052,
          "Z": -75.92226,
          "Type": "None",
          "Action": ""
        },
        {
          "X": 193.585663,
          "Y": -421.9723,
          "Z": -78.49122,
          "Type": "None",
          "Action": ""
        },
        {
          "X": 190.316452,
          "Y": -429.846619,
          "Z": -81.82474,
          "Type": "None",
          "Action": ""
        },
        {
          "X": 188.362091,
          "Y": -438.0783,
          "Z": -84.4165,
          "Type": "None",
          "Action": ""
        },
        {
          "X": 187.92041,
          "Y": -446.585846,
          "Z": -86.95173,
          "Type": "None",
          "Action": ""
        },
        {
          "X": 188.752,
          "Y": -455.001617,
          "Z": -90.58541,
          "Type": "None",
          "Action": ""
        },
        {
          "X": 189.7283,
          "Y": -463.485046,
          "Z": -94.05898,
          "Type": "None",
          "Action": ""
        },
        {
          "X": 191.6935,
          "Y": -471.7459,
          "Z": -97.0880051,
          "Type": "None",
          "Action": ""
        },
        {
          "X": 195.124344,
          "Y": -479.464,
          "Z": -99.6669846,
          "Type": "None",
          "Action": ""
        },
        {
          "X": 195.118149,
          "Y": -487.918518,
          "Z": -102.51368,
          "Type": "None",
          "Action": ""
        },
        {
          "X": 194.169144,
          "Y": -496.412,
          "Z": -104.87616,
          "Type": "None",
          "Action": ""
        },
        {
          "X": 193.698654,
          "Y": -504.812744,
          "Z": -106.197807,
          "Type": "None",
          "Action": ""
        },
        {
          "X": 196.297653,
          "Y": -512.967651,
          "Z": -107.826866,
          "Type": "None",
          "Action": ""
        },
        {
          "X": 200.709427,
          "Y": -520.1152,
          "Z": -109.5577,
          "Type": "None",
          "Action": ""
        },
        {
          "X": 207.193558,
          "Y": -525.6602,
          "Z": -110.842049,
          "Type": "None",
          "Action": ""
        },
        {
          "X": 213.876434,
          "Y": -530.9547,
          "Z": -111.781425,
          "Type": "None",
          "Action": ""
        },
        {
          "X": 220.572632,
          "Y": -536.299255,
          "Z": -111.974976,
          "Type": "None",
          "Action": ""
        },
        {
          "X": 227.355743,
          "Y": -541.475952,
          "Z": -111.974976,
          "Type": "None",
          "Action": ""
        },
        {
          "X": 234.69957,
          "Y": -545.822266,
          "Z": -111.974976,
          "Type": "None",
          "Action": ""
        },
        {
          "X": 242.427887,
          "Y": -549.3026,
          "Z": -111.974976,
          "Type": "None",
          "Action": ""
        },
        {
          "X": 250.518631,
          "Y": -548.7144,
          "Z": -111.974976,
          "Type": "None",
          "Action": ""
        },
        {
          "X": 256.386017,
          "Y": -542.835938,
          "Z": -111.974976,
          "Type": "None",
          "Action": ""
        },
        {
          "X": 258.6045,
          "Y": -534.6534,
          "Z": -111.974976,
          "Type": "None",
          "Action": ""
        },
        {
          "X": 259.442841,
          "Y": -526.1594,
          "Z": -112.37809,
          "Type": "None",
          "Action": ""
        },
        {
          "X": 259.88678,
          "Y": -517.616943,
          "Z": -116.460159,
          "Type": "None",
          "Action": ""
        },
        {
          "X": 260.347748,
          "Y": -509.082458,
          "Z": -119.119164,
          "Type": "None",
          "Action": ""
        },
        {
          "X": 260.926941,
          "Y": -500.520325,
          "Z": -119.119164,
          "Type": "None",
          "Action": ""
        },
        {
          "X": 262.054932,
          "Y": -492.0488,
          "Z": -119.119164,
          "Type": "None",
          "Action": ""
        },
        {
          "X": 263.401428,
          "Y": -483.595,
          "Z": -119.961807,
          "Type": "None",
          "Action": ""
        },
        {
          "X": 264.888153,
          "Y": -475.186127,
          "Z": -119.961807,
          "Type": "None",
          "Action": ""
        },
        {
          "X": 262.4751,
          "Y": -451.9456,
          "Z": -119.9618,
          "Type": "None",
          "Action": ""
        }  ,
        {
          "X":269.0152,
          "Y": -435.6516,
          "Z": -119.9618,
          "Type": "None",
          "Action": ""
        }  
      ],
      "Name": "Boss - Alzzin the Wildshaper",
      "Order": 5,
      "CompleteCondition": {
        "HasCompleteCondition": true,
        "ConditionType": 4,
        "GameObjectId": 0,
        "InitialFlags": 0,
        "ItemId": 0,
        "CSharpCondition": null,
        "DeadMobId": 11492,
        "MobPositionId": 0,
        "MobId": 0,
        "MobPositionVector": null,
        "LOSPositionVector": null,
        "WaitTime": 0
      }
    }
  ],
  "MapId": 429,
  "Name": "Dire Maul East (Alliance)",
  "Faction": 2,
  "DeathRunPath": [
    {
      "X": -4590.40869,
      "Y": 1632.08069,
      "Z": 93.97383,
      "Type": "None",
      "Action": ""
    },
    {
      "X": -4583.65,
      "Y": 1626.21948,
      "Z": 94.04712,
      "Type": "None",
      "Action": ""
    },
    {
      "X": -4577.25146,
      "Y": 1620.21558,
      "Z": 94.8357544,
      "Type": "None",
      "Action": ""
    },
    {
      "X": -4572.09033,
      "Y": 1613.56592,
      "Z": 96.36282,
      "Type": "None",
      "Action": ""
    },
    {
      "X": -4567.32031,
      "Y": 1606.294,
      "Z": 97.8837357,
      "Type": "None",
      "Action": ""
    },
    {
      "X": -4563.49268,
      "Y": 1598.52783,
      "Z": 99.22027,
      "Type": "None",
      "Action": ""
    },
    {
      "X": -4560.245,
      "Y": 1590.59924,
      "Z": 101.108315,
      "Type": "None",
      "Action": ""
    },
    {
      "X": -4556.973,
      "Y": 1582.61243,
      "Z": 102.137184,
      "Type": "None",
      "Action": ""
    },
    {
      "X": -4553.78125,
      "Y": 1574.81982,
      "Z": 102.873161,
      "Type": "None",
      "Action": ""
    },
    {
      "X": -4550.91846,
      "Y": 1566.86255,
      "Z": 102.9551,
      "Type": "None",
      "Action": ""
    },
    {
      "X": -4549.148,
      "Y": 1558.64661,
      "Z": 102.92263,
      "Type": "None",
      "Action": ""
    },
    {
      "X": -4547.87744,
      "Y": 1550.2583,
      "Z": 103.023026,
      "Type": "None",
      "Action": ""
    },
    {
      "X": -4546.8125,
      "Y": 1541.57043,
      "Z": 102.225708,
      "Type": "None",
      "Action": ""
    },
    {
      "X": -4546.07227,
      "Y": 1533.024,
      "Z": 100.5454,
      "Type": "None",
      "Action": ""
    },
    {
      "X": -4545.44434,
      "Y": 1524.606,
      "Z": 100.302582,
      "Type": "None",
      "Action": ""
    },
    {
      "X": -4545.542,
      "Y": 1515.99512,
      "Z": 100.471336,
      "Type": "None",
      "Action": ""
    },
    {
      "X": -4545.70752,
      "Y": 1507.577,
      "Z": 100.089989,
      "Type": "None",
      "Action": ""
    },
    {
      "X": -4546.328,
      "Y": 1499.04761,
      "Z": 100.730476,
      "Type": "None",
      "Action": ""
    },
    {
      "X": -4547.452,
      "Y": 1490.51208,
      "Z": 101.575325,
      "Type": "None",
      "Action": ""
    },
    {
      "X": -4549.076,
      "Y": 1482.261,
      "Z": 100.455109,
      "Type": "None",
      "Action": ""
    },
    {
      "X": -4551.00049,
      "Y": 1473.67615,
      "Z": 101.117622,
      "Type": "None",
      "Action": ""
    },
    {
      "X": -4553.038,
      "Y": 1465.33228,
      "Z": 102.16938,
      "Type": "None",
      "Action": ""
    },
    {
      "X": -4555.036,
      "Y": 1457.14856,
      "Z": 102.433884,
      "Type": "None",
      "Action": ""
    },
    {
      "X": -4556.61865,
      "Y": 1448.88184,
      "Z": 103.178543,
      "Type": "None",
      "Action": ""
    },
    {
      "X": -4557.15332,
      "Y": 1440.48474,
      "Z": 103.8836,
      "Type": "None",
      "Action": ""
    },
    {
      "X": -4551.913,
      "Y": 1434.0575,
      "Z": 105.173645,
      "Type": "None",
      "Action": ""
    },
    {
      "X": -4544.653,
      "Y": 1429.53,
      "Z": 107.773338,
      "Type": "None",
      "Action": ""
    },
    {
      "X": -4537.092,
      "Y": 1425.52,
      "Z": 112.040771,
      "Type": "None",
      "Action": ""
    },
    {
      "X": -4529.68164,
      "Y": 1421.13831,
      "Z": 116.523865,
      "Type": "None",
      "Action": ""
    },
    {
      "X": -4524.54932,
      "Y": 1417.43,
      "Z": 122.813461,
      "Type": "None",
      "Action": ""
    },
    {
      "X": -4518.293,
      "Y": 1411.21375,
      "Z": 126.640892,
      "Type": "None",
      "Action": ""
    },
    {
      "X": -4512.07568,
      "Y": 1405.51917,
      "Z": 126.88028,
      "Type": "None",
      "Action": ""
    },
    {
      "X": -4505.628,
      "Y": 1399.76514,
      "Z": 125.8941,
      "Type": "None",
      "Action": ""
    },
    {
      "X": -4499.13,
      "Y": 1394.14026,
      "Z": 126.453827,
      "Type": "None",
      "Action": ""
    },
    {
      "X": -4492.42139,
      "Y": 1388.81238,
      "Z": 127.39325,
      "Type": "None",
      "Action": ""
    },
    {
      "X": -4487.1123,
      "Y": 1381.65918,
      "Z": 126.687866,
      "Type": "None",
      "Action": ""
    },
    {
      "X": -4482.68359,
      "Y": 1374.274,
      "Z": 125.925095,
      "Type": "None",
      "Action": ""
    },
    {
      "X": -4478.66943,
      "Y": 1366.69287,
      "Z": 125.135506,
      "Type": "None",
      "Action": ""
    },
    {
      "X": -4474.736,
      "Y": 1359.26392,
      "Z": 125.040253,
      "Type": "None",
      "Action": ""
    },
    {
      "X": -4470.6875,
      "Y": 1351.65491,
      "Z": 125.178856,
      "Type": "None",
      "Action": ""
    },
    {
      "X": -4466.18848,
      "Y": 1344.50769,
      "Z": 124.850273,
      "Type": "None",
      "Action": ""
    },
    {
      "X": -4459.41943,
      "Y": 1339.251,
      "Z": 125.590927,
      "Type": "None",
      "Action": ""
    },
    {
      "X": -4451.217,
      "Y": 1336.71558,
      "Z": 126.002396,
      "Type": "None",
      "Action": ""
    },
    {
      "X": -4442.726,
      "Y": 1335.65039,
      "Z": 126.002396,
      "Type": "None",
      "Action": ""
    },
    {
      "X": -4434.265,
      "Y": 1335.00366,
      "Z": 126.360123,
      "Type": "None",
      "Action": ""
    },
    {
      "X": -4425.683,
      "Y": 1334.722,
      "Z": 130.3279,
      "Type": "None",
      "Action": ""
    },
    {
      "X": -4417.263,
      "Y": 1334.58972,
      "Z": 134.218811,
      "Type": "None",
      "Action": ""
    },
    {
      "X": -4408.69629,
      "Y": 1334.45508,
      "Z": 138.1792,
      "Type": "None",
      "Action": ""
    },
    {
      "X": -4400.06641,
      "Y": 1334.31958,
      "Z": 142.2292,
      "Type": "None",
      "Action": ""
    },
    {
      "X": -4391.67773,
      "Y": 1334.18774,
      "Z": 146.1846,
      "Type": "None",
      "Action": ""
    },
    {
      "X": -4383.109,
      "Y": 1333.49438,
      "Z": 150.226151,
      "Type": "None",
      "Action": ""
    },
    {
      "X": -4374.55,
      "Y": 1333.10022,
      "Z": 154.2623,
      "Type": "None",
      "Action": ""
    },
    {
      "X": -4366.103,
      "Y": 1332.82031,
      "Z": 158.244339,
      "Type": "None",
      "Action": ""
    },
    {
      "X": -4357.504,
      "Y": 1332.23132,
      "Z": 159.233154,
      "Type": "None",
      "Action": ""
    },
    {
      "X": -4348.871,
      "Y": 1331.5177,
      "Z": 159.233154,
      "Type": "None",
      "Action": ""
    },
    {
      "X": -4340.42627,
      "Y": 1330.8197,
      "Z": 159.233154,
      "Type": "None",
      "Action": ""
    },
    {
      "X": -4331.86328,
      "Y": 1330.33838,
      "Z": 159.233154,
      "Type": "None",
      "Action": ""
    },
    {
      "X": -4323.288,
      "Y": 1330.10254,
      "Z": 159.233154,
      "Type": "None",
      "Action": ""
    },
    {
      "X": -4314.849,
      "Y": 1329.893,
      "Z": 159.233154,
      "Type": "None",
      "Action": ""
    },
    {
      "X": -4306.304,
      "Y": 1329.69153,
      "Z": 159.233154,
      "Type": "None",
      "Action": ""
    },
    {
      "X": -4297.686,
      "Y": 1329.4884,
      "Z": 159.233154,
      "Type": "None",
      "Action": ""
    },
    {
      "X": -4289.273,
      "Y": 1329.26892,
      "Z": 161.213989,
      "Type": "None",
      "Action": ""
    },
    {
      "X": -4280.66064,
      "Y": 1328.89661,
      "Z": 161.213989,
      "Type": "None",
      "Action": ""
    },
    {
      "X": -4272.111,
      "Y": 1328.527,
      "Z": 161.213989,
      "Type": "None",
      "Action": ""
    },
    {
      "X": -4263.6665,
      "Y": 1328.162,
      "Z": 161.213989,
      "Type": "None",
      "Action": ""
    },
    {
      "X": -4255.097,
      "Y": 1327.7583,
      "Z": 161.213989,
      "Type": "None",
      "Action": ""
    },
    {
      "X": -4246.438,
      "Y": 1327.11853,
      "Z": 161.213989,
      "Type": "None",
      "Action": ""
    },
    {
      "X": -4237.946,
      "Y": 1325.98914,
      "Z": 161.213989,
      "Type": "None",
      "Action": ""
    },
    {
      "X": -4229.683,
      "Y": 1324.32849,
      "Z": 161.213989,
      "Type": "None",
      "Action": ""
    },
    {
      "X": -4221.548,
      "Y": 1321.55066,
      "Z": 161.213989,
      "Type": "None",
      "Action": ""
    },
    {
      "X": -4213.66455,
      "Y": 1318.1145,
      "Z": 161.213989,
      "Type": "None",
      "Action": ""
    },
    {
      "X": -4206.105,
      "Y": 1313.19312,
      "Z": 161.213989,
      "Type": "None",
      "Action": ""
    },
    {
      "X": -4200.19336,
      "Y": 1307.12708,
      "Z": 161.213989,
      "Type": "None",
      "Action": ""
    },
    {
      "X": -4195.03857,
      "Y": 1300.34924,
      "Z": 161.213989,
      "Type": "None",
      "Action": ""
    },
    {
      "X": -4190.899,
      "Y": 1292.7937,
      "Z": 161.213989,
      "Type": "None",
      "Action": ""
    },
    {
      "X": -4187.49268,
      "Y": 1285.10156,
      "Z": 161.213989,
      "Type": "None",
      "Action": ""
    },
    {
      "X": -4185.653,
      "Y": 1276.721,
      "Z": 161.213989,
      "Type": "None",
      "Action": ""
    },
    {
      "X": -4184.975,
      "Y": 1268.14819,
      "Z": 161.213989,
      "Type": "None",
      "Action": ""
    },
    {
      "X": -4184.352,
      "Y": 1259.73987,
      "Z": 161.213989,
      "Type": "None",
      "Action": ""
    },
    {
      "X": -4183.745,
      "Y": 1251.17236,
      "Z": 161.213989,
      "Type": "None",
      "Action": ""
    },
    {
      "X": -4183.149,
      "Y": 1242.762,
      "Z": 161.213989,
      "Type": "None",
      "Action": ""
    },
    {
      "X": -4182.54248,
      "Y": 1234.205,
      "Z": 161.213989,
      "Type": "None",
      "Action": ""
    },
    {
      "X": -4181.936,
      "Y": 1225.64783,
      "Z": 161.213989,
      "Type": "None",
      "Action": ""
    },
    {
      "X": -4181.33838,
      "Y": 1217.21655,
      "Z": 161.213989,
      "Type": "None",
      "Action": ""
    },
    {
      "X": -4180.7334,
      "Y": 1208.68042,
      "Z": 161.213989,
      "Type": "None",
      "Action": ""
    },
    {
      "X": -4180.114,
      "Y": 1200.10327,
      "Z": 161.213989,
      "Type": "None",
      "Action": ""
    },
    {
      "X": -4179.48535,
      "Y": 1191.70581,
      "Z": 161.213989,
      "Type": "None",
      "Action": ""
    },
    {
      "X": -4178.80273,
      "Y": 1183.15491,
      "Z": 161.213989,
      "Type": "None",
      "Action": ""
    },
    {
      "X": -4177.258,
      "Y": 1174.71289,
      "Z": 161.213989,
      "Type": "None",
      "Action": ""
    },
    {
      "X": -4174.62,
      "Y": 1166.681,
      "Z": 161.213989,
      "Type": "None",
      "Action": ""
    },
    {
      "X": -4171.11963,
      "Y": 1158.84949,
      "Z": 161.213989,
      "Type": "None",
      "Action": ""
    },
    {
      "X": -4167.519,
      "Y": 1151.06323,
      "Z": 161.213989,
      "Type": "None",
      "Action": ""
    },
    {
      "X": -4163.018,
      "Y": 1143.96484,
      "Z": 161.213989,
      "Type": "None",
      "Action": ""
    },
    {
      "X": -4156.523,
      "Y": 1138.40833,
      "Z": 161.213989,
      "Type": "None",
      "Action": ""
    },
    {
      "X": -4148.46631,
      "Y": 1135.57983,
      "Z": 161.213989,
      "Type": "None",
      "Action": ""
    },
    {
      "X": -4140.069,
      "Y": 1135.21033,
      "Z": 161.213989,
      "Type": "None",
      "Action": ""
    },
    {
      "X": -4131.476,
      "Y": 1135.54785,
      "Z": 161.213989,
      "Type": "None",
      "Action": ""
    },
    {
      "X": -4123.03955,
      "Y": 1135.86658,
      "Z": 161.213989,
      "Type": "None",
      "Action": ""
    },
    {
      "X": -4114.45557,
      "Y": 1136.15637,
      "Z": 161.213989,
      "Type": "None",
      "Action": ""
    },
    {
      "X": -4105.847,
      "Y": 1136.30786,
      "Z": 161.213989,
      "Type": "None",
      "Action": ""
    },
    {
      "X": -4097.40625,
      "Y": 1136.44031,
      "Z": 161.213989,
      "Type": "None",
      "Action": ""
    },
    {
      "X": -4088.82886,
      "Y": 1136.575,
      "Z": 161.213989,
      "Type": "None",
      "Action": ""
    },
    {
      "X": -4080.388,
      "Y": 1136.69983,
      "Z": 161.213989,
      "Type": "None",
      "Action": ""
    },
    {
      "X": -4071.2688,
      "Y": 1136.84631,
      "Z": 161.213989,
      "Type": "None",
      "Action": ""
    },
    {
      "X": -4063.77466,
      "Y": 1140.64661,
      "Z": 161.213989,
      "Type": "None",
      "Action": ""
    },
    {
      "X": -4057.41064,
      "Y": 1146.41,
      "Z": 161.213989,
      "Type": "None",
      "Action": ""
    },
    {
      "X": -4051.20313,
      "Y": 1152.14648,
      "Z": 160.697937,
      "Type": "None",
      "Action": ""
    },
    {
      "X": -4045.62622,
      "Y": 1157.86768,
      "Z": 159.7689,
      "Type": "None",
      "Action": ""
    },
    {
      "X": -4041.29639,
      "Y": 1165.1012,
      "Z": 159.754059,
      "Type": "None",
      "Action": ""
    },
    {
      "X": -4037.527,
      "Y": 1172.82874,
      "Z": 159.739014,
      "Type": "None",
      "Action": ""
    },
    {
      "X": -4033.93555,
      "Y": 1180.61926,
      "Z": 159.723434,
      "Type": "None",
      "Action": ""
    },
    {
      "X": -4031.09326,
      "Y": 1188.51379,
      "Z": 159.711411,
      "Type": "None",
      "Action": ""
    },
    {
      "X": -4029.91357,
      "Y": 1196.92542,
      "Z": 159.704773,
      "Type": "None",
      "Action": ""
    },
    {
      "X": -4022.18433,
      "Y": 1199.96912,
      "Z": 159.671234,
      "Type": "None",
      "Action": ""
    },
    {
      "X": -4013.74756,
      "Y": 1199.72058,
      "Z": 161.090775,
      "Type": "None",
      "Action": ""
    },
    {
      "X": -4005.16943,
      "Y": 1199.68018,
      "Z": 161.090775,
      "Type": "None",
      "Action": ""
    },
    {
      "X": -3996.742,
      "Y": 1199.25146,
      "Z": 161.07222,
      "Type": "None",
      "Action": ""
    },
    {
      "X": -3988.4624,
      "Y": 1197.07141,
      "Z": 161.050583,
      "Type": "None",
      "Action": ""
    },
    {
      "X": -3982.52783,
      "Y": 1191.1571,
      "Z": 161.046066,
      "Type": "None",
      "Action": ""
    },
    {
      "X": -3981.46729,
      "Y": 1182.835,
      "Z": 161.04303,
      "Type": "None",
      "Action": ""
    },
    {
      "X": -3982.09351,
      "Y": 1174.259,
      "Z": 161.0354,
      "Type": "None",
      "Action": ""
    },
    {
      "X": -3982.827,
      "Y": 1165.712,
      "Z": 161.027756,
      "Type": "None",
      "Action": ""
    },
    {
      "X": -3982.749,
      "Y": 1157.26465,
      "Z": 161.027756,
      "Type": "None",
      "Action": ""
    },
    {
      "X": -3981.82153,
      "Y": 1148.72266,
      "Z": 161.005692,
      "Type": "None",
      "Action": ""
    },
    {
      "X": -3978.34546,
      "Y": 1141.192,
      "Z": 161.014542,
      "Type": "None",
      "Action": ""
    },
    {
      "X": -3972.253,
      "Y": 1135.13342,
      "Z": 161.014969,
      "Type": "None",
      "Action": ""
    },
    {
      "X": -3965.72925,
      "Y": 1129.58765,
      "Z": 161.039185,
      "Type": "None",
      "Action": ""
    },
    {
      "X": -3958.43115,
      "Y": 1125.28394,
      "Z": 160.797852,
      "Type": "None",
      "Action": ""
    },
    {
      "X": -3951.02856,
      "Y": 1120.99109,
      "Z": 157.089157,
      "Type": "None",
      "Action": ""
    },
    {
      "X": -3943.60059,
      "Y": 1116.377,
      "Z": 153.366684,
      "Type": "None",
      "Action": ""
    },
    {
      "X": -3936.82251,
      "Y": 1111.39868,
      "Z": 149.9669,
      "Type": "None",
      "Action": ""
    },
    {
      "X": -3931.97241,
      "Y": 1104.35962,
      "Z": 148.963089,
      "Type": "None",
      "Action": ""
    },
    {
      "X": -3928.026,
      "Y": 1096.68372,
      "Z": 148.9294,
      "Type": "None",
      "Action": ""
    },
    {
      "X": -3924.21875,
      "Y": 1089.14893,
      "Z": 148.90596,
      "Type": "None",
      "Action": ""
    },
    {
      "X": -3920.35645,
      "Y": 1081.5127,
      "Z": 150.424942,
      "Type": "None",
      "Action": ""
    },
    {
      "X": -3916.311,
      "Y": 1073.92664,
      "Z": 149.607056,
      "Type": "None",
      "Action": ""
    },
    {
      "X": -3910.93945,
      "Y": 1067.41479,
      "Z": 149.349655,
      "Type": "None",
      "Action": ""
    },
    {
      "X": -3904.51929,
      "Y": 1061.808,
      "Z": 149.64093,
      "Type": "None",
      "Action": ""
    },
    {
      "X": -3897.936,
      "Y": 1056.50732,
      "Z": 151.157318,
      "Type": "None",
      "Action": ""
    },
    {
      "X": -3891.00659,
      "Y": 1051.455,
      "Z": 152.752975,
      "Type": "None",
      "Action": ""
    },
    {
      "X": -3882.7627,
      "Y": 1049.397,
      "Z": 154.6433,
      "Type": "None",
      "Action": ""
    },
    {
      "X": -3874.223,
      "Y": 1047.483,
      "Z": 154.788345,
      "Type": "None",
      "Action": ""
    },
    {
      "X": -3866.1084,
      "Y": 1045.27075,
      "Z": 154.788345,
      "Type": "None",
      "Action": ""
    },
    {
      "X": -3858.08081,
      "Y": 1042.28491,
      "Z": 154.788345,
      "Type": "None",
      "Action": ""
    },
    {
      "X": -3850.588,
      "Y": 1038.37708,
      "Z": 154.788345,
      "Type": "None",
      "Action": ""
    },
    {
      "X": -3845.069,
      "Y": 1031.883,
      "Z": 154.383377,
      "Type": "None",
      "Action": ""
    },
    {
      "X": -3840.27124,
      "Y": 1024.759,
      "Z": 152.763229,
      "Type": "None",
      "Action": ""
    },
    {
      "X": -3835.546,
      "Y": 1017.75055,
      "Z": 151.168732,
      "Type": "None",
      "Action": ""
    },
    {
      "X": -3829.84082,
      "Y": 1011.36829,
      "Z": 149.719666,
      "Type": "None",
      "Action": ""
    },
    {
      "X": -3823.98364,
      "Y": 1005.30371,
      "Z": 149.654572,
      "Type": "None",
      "Action": ""
    },
    {
      "X": -3818.291,
      "Y": 998.8589,
      "Z": 149.773361,
      "Type": "None",
      "Action": ""
    },
    {
      "X": -3812.74634,
      "Y": 992.3133,
      "Z": 149.638412,
      "Type": "None",
      "Action": ""
    },
    {
      "X": -3807.21265,
      "Y": 985.7445,
      "Z": 149.638412,
      "Type": "None",
      "Action": ""
    },
    {
      "X": -3801.787,
      "Y": 979.276733,
      "Z": 150.628632,
      "Type": "None",
      "Action": ""
    },
    {
      "X": -3796.94946,
      "Y": 972.1986,
      "Z": 153.9683,
      "Type": "None",
      "Action": ""
    },
    {
      "X": -3793.234,
      "Y": 964.6135,
      "Z": 157.554184,
      "Type": "None",
      "Action": ""
    },
    {
      "X": -3789.77441,
      "Y": 956.7406,
      "Z": 161.027649,
      "Type": "None",
      "Action": ""
    },
    {
      "X": -3786.35522,
      "Y": 948.9187,
      "Z": 161.026245,
      "Type": "None",
      "Action": ""
    },
    {
      "X": -3781.271,
      "Y": 942.324463,
      "Z": 161.026245,
      "Type": "None",
      "Action": ""
    },
    {
      "X": -3773.81421,
      "Y": 938.169434,
      "Z": 161.026245,
      "Type": "None",
      "Action": ""
    },
    {
      "X": -3765.59375,
      "Y": 936.2948,
      "Z": 161.026245,
      "Type": "None",
      "Action": ""
    },
    {
      "X": -3757.03027,
      "Y": 935.794556,
      "Z": 161.024719,
      "Type": "None",
      "Action": ""
    },
    {
      "X": -3748.469,
      "Y": 935.4528,
      "Z": 161.020447,
      "Type": "None",
      "Action": ""
    },
    {
      "X": -3740.008,
      "Y": 935.318237,
      "Z": 161.01593,
      "Type": "None",
      "Action": ""
    },
    {
      "X": -3732, 
      "Y": 935.18237,
      "Z": 161.01593,
      "Type": "None",
      "Action": ""
    }
  ],
  "OffMeshConnections": []
}