{
  "StepModels": [
    {
      "$type": "WholesomeDungeonCrawler.Models.MoveAlongPathModel, WholesomeDungeonCrawler",
      "Path": [
        {
          "X": 55.0296555,
          "Y": -157.195236,
          "Z": -2.71439,
          "Type": "None",
          "Action": ""
        },
        {
          "X": 55.1879463,
          "Y": -165.290375,
          "Z": -2.71439,
          "Type": "None",
          "Action": ""
        },
        {
          "X": 54.9849434,
          "Y": -173.834976,
          "Z": -2.71439,
          "Type": "None",
          "Action": ""
        },
        {
          "X": 53.6174431,
          "Y": -182.8819,
          "Z": -3.50982237,
          "Type": "None",
          "Action": ""
        },
        {
          "X": 48.10617,
          "Y": -189.34285,
          "Z": -4.10630846,
          "Type": "None",
          "Action": ""
        },
        {
          "X": 41.3476028,
          "Y": -194.545853,
          "Z": -4.14501238,
          "Type": "None",
          "Action": ""
        },
        {
          "X": 33.48287,
          "Y": -197.699371,
          "Z": -4.14095163,
          "Type": "None",
          "Action": ""
        },
        {
          "X": 24.9160919,
          "Y": -198.26944,
          "Z": -4.137612,
          "Type": "None",
          "Action": ""
        },
        {
          "X": 16.372366,
          "Y": -198.032883,
          "Z": -4.1404233,
          "Type": "None",
          "Action": ""
        },
        {
          "X": 7.00285149,
          "Y": -197.610962,
          "Z": -4.14522,
          "Type": "None",
          "Action": ""
        },
        {
          "X": -1.39606678,
          "Y": -197.273468,
          "Z": -4.149476,
          "Type": "None",
          "Action": ""
        },
        {
          "X": -9.862361,
          "Y": -198.280609,
          "Z": -4.14341,
          "Type": "None",
          "Action": ""
        },
        {
          "X": -16.6269951,
          "Y": -192.088867,
          "Z": -4.15398455,
          "Type": "None",
          "Action": ""
        },
        {
          "X": -23.85452,
          "Y": -188.183517,
          "Z": -4.0886,
          "Type": "None",
          "Action": ""
        },
        {
          "X": -31.8512535,
          "Y": -191.1659,
          "Z": -4.1372633,
          "Type": "None",
          "Action": ""
        },
        {
          "X": -40.108284,
          "Y": -193.298416,
          "Z": -4.149015,
          "Type": "None",
          "Action": ""
        },
        {
          "X": -48.1378136,
          "Y": -196.123047,
          "Z": -4.149015,
          "Type": "None",
          "Action": ""
        },
        {
          "X": -56.3141479,
          "Y": -198.6277,
          "Z": -4.134459,
          "Type": "None",
          "Action": ""
        },
        {
          "X": -64.70332,
          "Y": -199.695038,
          "Z": -4.12467,
          "Type": "None",
          "Action": ""
        },
        {
          "X": -73.1161652,
          "Y": -199.337845,
          "Z": -4.1258,
          "Type": "None",
          "Action": ""
        },
        {
          "X": -80.10145,
          "Y": -194.511429,
          "Z": -4.14537573,
          "Type": "None",
          "Action": ""
        },
        {
          "X": -89.1154861,
          "Y": -197.095978,
          "Z": -4.14537573,
          "Type": "None",
          "Action": ""
        },
        {
          "X": -97.2183,
          "Y": -199.246109,
          "Z": -4.12785244,
          "Type": "None",
          "Action": ""
        },
        {
          "X": -105.770676,
          "Y": -199.934448,
          "Z": -4.1220417,
          "Type": "None",
          "Action": ""
        },
        {
          "X": -114.487778,
          "Y": -200.171829,
          "Z": -3.12399888,
          "Type": "None",
          "Action": ""
        },
        {
          "X": -122.765976,
          "Y": -199.614853,
          "Z": -4.12479258,
          "Type": "None",
          "Action": ""
        },
        {
          "X": -131.282745,
          "Y": -199.0936,
          "Z": -4.131877,
          "Type": "None",
          "Action": ""
        },
        {
          "X": -139.768692,
          "Y": -198.642075,
          "Z": -4.137554,
          "Type": "None",
          "Action": ""
        },
        {
          "X": -148.304657,
          "Y": -199.067215,
          "Z": -4.152507,
          "Type": "None",
          "Action": ""
        },
        {
          "X": -156.345779,
          "Y": -201.66861,
          "Z": -4.152507,
          "Type": "None",
          "Action": ""
        },
        {
          "X": -160.834671,
          "Y": -208.877884,
          "Z": -4.152214,
          "Type": "None",
          "Action": ""
        },
        {
          "X": -161.069275,
          "Y": -217.372635,
          "Z": -4.150649,
          "Type": "None",
          "Action": ""
        },
        {
          "X": -160.092163,
          "Y": -225.835526,
          "Z": -4.14948,
          "Type": "None",
          "Action": ""
        },
        {
          "X": -158.172379,
          "Y": -234.185669,
          "Z": -4.148769,
          "Type": "None",
          "Action": ""
        },
        {
          "X": -156.247375,
          "Y": -242.498688,
          "Z": -4.14799356,
          "Type": "None",
          "Action": ""
        },
        {
          "X": -159.667648,
          "Y": -249.897766,
          "Z": -4.14799356,
          "Type": "None",
          "Action": ""
        },
        {
          "X": -164.071259,
          "Y": -257.171478,
          "Z": -4.14799356,
          "Type": "None",
          "Action": ""
        },
        {
          "X": -167.526077,
          "Y": -265.1327,
          "Z": -4.138091,
          "Type": "None",
          "Action": ""
        },
        {
          "X": -163.398041,
          "Y": -272.614166,
          "Z": -4.14539051,
          "Type": "None",
          "Action": ""
        },
        {
          "X": -155.247238,
          "Y": -275.015625,
          "Z": -4.14539051,
          "Type": "None",
          "Action": ""
        },
        {
          "X": -148.482025,
          "Y": -279.5389,
          "Z": -4.14539051,
          "Type": "None",
          "Action": ""
        },
        {
          "X": -147.375656,
          "Y": -287.9151,
          "Z": -4.14392376,
          "Type": "None",
          "Action": ""
        },
        {
          "X": -145.658234,
          "Y": -295.8451,
          "Z": -4.1308217,
          "Type": "None",
          "Action": ""
        },
        {
          "X": -143.651215,
          "Y": -304.160248,
          "Z": -4.116983,
          "Type": "None",
          "Action": ""
        },
        {
          "X": -141.6595,
          "Y": -312.464752,
          "Z": -4.101822,
          "Type": "None",
          "Action": ""
        },
        {
          "X": -139.862473,
          "Y": -320.78775,
          "Z": -4.088089,
          "Type": "None",
          "Action": ""
        },
        {
          "X": -138.562057,
          "Y": -329.100952,
          "Z": -4.078408,
          "Type": "None",
          "Action": ""
        },
        {
          "X": -135.894531,
          "Y": -337.196655,
          "Z": -4.05858135,
          "Type": "None",
          "Action": ""
        },
        {
          "X": -132.55899,
          "Y": -345.088348,
          "Z": -4.03384924,
          "Type": "None",
          "Action": ""
        },
        {
          "X": -126.9572,
          "Y": -351.187744,
          "Z": -4.082302,
          "Type": "None",
          "Action": ""
        },
        {
          "X": -118.597961,
          "Y": -352.559265,
          "Z": -4.09233332,
          "Type": "None",
          "Action": ""
        },
        {
          "X": -110.071915,
          "Y": -353.241272,
          "Z": -4.09805536,
          "Type": "None",
          "Action": ""
        },
        {
          "X": -101.859688,
          "Y": -354.9904,
          "Z": -4.11268854,
          "Type": "None",
          "Action": ""
        },
        {
          "X": -93.7893448,
          "Y": -358.18103,
          "Z": -4.13945055,
          "Type": "None",
          "Action": ""
        },
        {
          "X": -87.06372,
          "Y": -353.496429,
          "Z": -4.10093975,
          "Type": "None",
          "Action": ""
        },
        {
          "X": -79.5815048,
          "Y": -349.490021,
          "Z": -4.06796265,
          "Type": "None",
          "Action": ""
        },
        {
          "X": -71.17822,
          "Y": -349.5543,
          "Z": -4.068219,
          "Type": "None",
          "Action": ""
        },
        {
          "X": -62.5124,
          "Y": -350.4788,
          "Z": -4.07533836,
          "Type": "None",
          "Action": ""
        },
        {
          "X": -54.05155,
          "Y": -351.410522,
          "Z": -4.08239126,
          "Type": "None",
          "Action": ""
        },
        {
          "X": -44.8447342,
          "Y": -353.0201,
          "Z": -4.095273,
          "Type": "None",
          "Action": ""
        },
        {
          "X": -36.9665375,
          "Y": -356.356781,
          "Z": -4.12342,
          "Type": "None",
          "Action": ""
        },
        {
          "X": -29.4955368,
          "Y": -360.3176,
          "Z": -4.14748335,
          "Type": "None",
          "Action": ""
        },
        {
          "X": -21.5013351,
          "Y": -362.88623,
          "Z": -4.14748335,
          "Type": "None",
          "Action": ""
        },
        {
          "X": -14.0863771,
          "Y": -358.788055,
          "Z": -4.14556932,
          "Type": "None",
          "Action": ""
        },
        {
          "X": -6.35922337,
          "Y": -355.053619,
          "Z": -4.115521,
          "Type": "None",
          "Action": ""
        },
        {
          "X": 1.8744818,
          "Y": -352.9345,
          "Z": -4.09996653,
          "Type": "None",
          "Action": ""
        },
        {
          "X": 10.42143,
          "Y": -353.48587,
          "Z": -4.10329437,
          "Type": "None",
          "Action": ""
        },
        {
          "X": 18.9420662,
          "Y": -353.7654,
          "Z": -4.104707,
          "Type": "None",
          "Action": ""
        },
        {
          "X": 27.48557,
          "Y": -353.406067,
          "Z": -4.103244,
          "Type": "None",
          "Action": ""
        },
        {
          "X": 36.7194557,
          "Y": -352.724243,
          "Z": -4.09840631,
          "Type": "None",
          "Action": ""
        },
        {
          "X": 45.2451553,
          "Y": -352.121277,
          "Z": -4.09298468,
          "Type": "None",
          "Action": ""
        },
        {
          "X": 53.72208,
          "Y": -351.523163,
          "Z": -4.08760452,
          "Type": "None",
          "Action": ""
        },
        {
          "X": 62.3900757,
          "Y": -351.829773,
          "Z": -4.088054,
          "Type": "None",
          "Action": ""
        },
        {
          "X": 70.88131,
          "Y": -352.740082,
          "Z": -4.093749,
          "Type": "None",
          "Action": ""
        },
        {
          "X": 80.18194,
          "Y": -353.37854,
          "Z": -4.099362,
          "Type": "None",
          "Action": ""
        },
        {
          "X": 88.71071,
          "Y": -353.8164,
          "Z": -4.10216761,
          "Type": "None",
          "Action": ""
        },
        {
          "X": 97.2534561,
          "Y": -354.255,
          "Z": -4.107802,
          "Type": "None",
          "Action": ""
        },
        {
          "X": 104.252808,
          "Y": -359.6637,
          "Z": -4.15019751,
          "Type": "None",
          "Action": ""
        },
        {
          "X": 106.706963,
          "Y": -367.835358,
          "Z": -4.135822,
          "Type": "None",
          "Action": ""
        },
        {
          "X": 109.038933,
          "Y": -375.939178,
          "Z": -2.91067338,
          "Type": "None",
          "Action": ""
        },
        {
          "X": 110.716972,
          "Y": -384.34024,
          "Z": -3.27355862,
          "Type": "None",
          "Action": ""
        },
        {
          "X": 111.413689,
          "Y": -392.729156,
          "Z": -3.27355862,
          "Type": "None",
          "Action": ""
        },
        {
          "X": 111.499756,
          "Y": -401.28064,
          "Z": -3.27355862,
          "Type": "None",
          "Action": ""
        },
        {
          "X": 111.397408,
          "Y": -409.820038,
          "Z": -3.27355862,
          "Type": "None",
          "Action": ""
        },
        {
          "X": 111.295227,
          "Y": -418.345428,
          "Z": -3.27355862,
          "Type": "None",
          "Action": ""
        },
        {
          "X": 111.192879,
          "Y": -426.884827,
          "Z": -3.27355862,
          "Type": "None",
          "Action": ""
        },
        {
          "X": 113.499252,
          "Y": -443.715729,
          "Z": -3.27354026,
          "Type": "None",
          "Action": ""
        },
        {
          "X": 105.958588,
          "Y": -448.682251,
          "Z": -3.27354026,
          "Type": "None",
          "Action": ""
        },
        {
          "X": 97.53819,
          "Y": -449.731934,
          "Z": -2.71728468,
          "Type": "None",
          "Action": ""
        },
        {
          "X": 89.06505,
          "Y": -449.960968,
          "Z": -2.72295284,
          "Type": "None",
          "Action": ""
        },
        {
          "X": 80.5545,
          "Y": -450.1182,
          "Z": -3.50948071,
          "Type": "None",
          "Action": ""
        },
        {
          "X": 71.99496,
          "Y": -450.2763,
          "Z": -4.19319344,
          "Type": "None",
          "Action": ""
        },
        {
          "X": 63.7081833,
          "Y": -450.056061,
          "Z": -4.201692,
          "Type": "None",
          "Action": ""
        },
        {
          "X": 54.52335,
          "Y": -451.203,
          "Z": -4.210135,
          "Type": "None",
          "Action": ""
        },
        {
          "X": 45.9308777,
          "Y": -452.248962,
          "Z": -4.218642,
          "Type": "None",
          "Action": ""
        },
        {
          "X": 37.46901,
          "Y": -452.499146,
          "Z": -4.224298,
          "Type": "None",
          "Action": ""
        },
        {
          "X": 28.92227,
          "Y": -452.432343,
          "Z": -4.231369,
          "Type": "None",
          "Action": ""
        },
        {
          "X": 20.4059429,
          "Y": -453.0836,
          "Z": -4.238404,
          "Type": "None",
          "Action": ""
        },
        {
          "X": 11.8655338,
          "Y": -453.914948,
          "Z": -4.2397933,
          "Type": "None",
          "Action": ""
        },
        {
          "X": 3.41375065,
          "Y": -454.982971,
          "Z": -4.23707962,
          "Type": "None",
          "Action": ""
        },
        {
          "X": -5.081168,
          "Y": -455.7489,
          "Z": -4.233626,
          "Type": "None",
          "Action": ""
        },
        {
          "X": -13.6057177,
          "Y": -456.1075,
          "Z": -4.229755,
          "Type": "None",
          "Action": ""
        },
        {
          "X": -22.15002,
          "Y": -456.321655,
          "Z": -4.22570753,
          "Type": "None",
          "Action": ""
        },
        {
          "X": -30.6898441,
          "Y": -456.551819,
          "Z": -4.22355127,
          "Type": "None",
          "Action": ""
        },
        {
          "X": -39.1155434,
          "Y": -457.1788,
          "Z": -4.22355127,
          "Type": "None",
          "Action": ""
        },
        {
          "X": -47.6317558,
          "Y": -457.815765,
          "Z": -4.22355127,
          "Type": "None",
          "Action": ""
        },
        {
          "X": -56.1689148,
          "Y": -458.454254,
          "Z": -4.22355127,
          "Type": "None",
          "Action": ""
        },
        {
          "X": -64.45794,
          "Y": -460.196655,
          "Z": -4.22334051,
          "Type": "None",
          "Action": ""
        },
        {
          "X": -72.7736359,
          "Y": -462.0922,
          "Z": -4.223217,
          "Type": "None",
          "Action": ""
        },
        {
          "X": -81.04976,
          "Y": -463.246735,
          "Z": -4.223217,
          "Type": "None",
          "Action": ""
        },
        {
          "X": -89.07489,
          "Y": -462.72644,
          "Z": -4.223202,
          "Type": "None",
          "Action": ""
        },
        {
          "X": -97.37017,
          "Y": -461.1791,
          "Z": -4.22301245,
          "Type": "None",
          "Action": ""
        },
        {
          "X": -104.116219,
          "Y": -456.44693,
          "Z": -4.222443,
          "Type": "None",
          "Action": ""
        },
        {
          "X": -97.88191,
          "Y": -450.4811,
          "Z": -2.84470272,
          "Type": "None",
          "Action": ""
        },
        {
          "X": -89.50237,
          "Y": -451.2854,
          "Z": 0.8786893,
          "Type": "None",
          "Action": ""
        },
        {
          "X": -80.9846954,
          "Y": -451.3918,
          "Z": 4.663484,
          "Type": "None",
          "Action": ""
        },
        {
          "X": -72.4447556,
          "Y": -451.425049,
          "Z": 8.458158,
          "Type": "None",
          "Action": ""
        },
        {
          "X": -63.8908234,
          "Y": -451.458374,
          "Z": 12.2590828,
          "Type": "None",
          "Action": ""
        },
        {
          "X": -55.3508835,
          "Y": -451.4916,
          "Z": 16.0537548,
          "Type": "None",
          "Action": ""
        },
        {
          "X": -46.81758,
          "Y": -451.246338,
          "Z": 16.4011879,
          "Type": "None",
          "Action": ""
        },
        {
          "X": -38.3199959,
          "Y": -450.6837,
          "Z": 16.4033146,
          "Type": "None",
          "Action": ""
        },
        {
          "X": -29.81071,
          "Y": -449.744141,
          "Z": 16.4038277,
          "Type": "None",
          "Action": ""
        },
        {
          "X": -21.393816,
          "Y": -448.3267,
          "Z": 16.4046745,
          "Type": "None",
          "Action": ""
        },
        {
          "X": -13.0896082,
          "Y": -446.696625,
          "Z": 16.40568,
          "Type": "None",
          "Action": ""
        },
        {
          "X": -4.78882456,
          "Y": -445.228821,
          "Z": 16.40787,
          "Type": "None",
          "Action": ""
        },
        {
          "X": 2.09602046,
          "Y": -449.609772,
          "Z": 16.4064789,
          "Type": "None",
          "Action": ""
        }
      ],
      "Name": "Boss - Lethtendris",
      "Order": 0,
      "CompleteCondition": {
        "HasCompleteCondition": true,
        "ConditionType": 4,
        "GameObjectId": 0,
        "InitialFlags": 0,
        "ItemId": 0,
        "CSharpCondition": null,
        "DeadMobId": 14327,
        "MobPositionId": 0,
        "MobId": 0,
        "MobPositionVector": null,
        "LOSPositionVector": null,
        "WaitTime": 0
      }
    },
    {
      "$type": "WholesomeDungeonCrawler.Models.MoveAlongPathModel, WholesomeDungeonCrawler",
      "Path": [
        {
          "X": 3.078295,
          "Y": -451.425964,
          "Z": 16.4064789,
          "Type": "None",
          "Action": ""
        },
        {
          "X": -0.630547643,
          "Y": -459.555969,
          "Z": 16.4023,
          "Type": "None",
          "Action": ""
        },
        {
          "X": -8.989097,
          "Y": -460.3501,
          "Z": 16.3995113,
          "Type": "None",
          "Action": ""
        },
        {
          "X": -17.3696728,
          "Y": -458.820618,
          "Z": 16.3995113,
          "Type": "None",
          "Action": ""
        },
        {
          "X": -25.8438587,
          "Y": -456.928375,
          "Z": 16.3996639,
          "Type": "None",
          "Action": ""
        },
        {
          "X": -34.1187439,
          "Y": -454.84552,
          "Z": 16.39967,
          "Type": "None",
          "Action": ""
        },
        {
          "X": -42.4779167,
          "Y": -452.936676,
          "Z": 16.39967,
          "Type": "None",
          "Action": ""
        },
        {
          "X": -50.8174934,
          "Y": -451.233765,
          "Z": 16.4118843,
          "Type": "None",
          "Action": ""
        },
        {
          "X": -58.844883,
          "Y": -450.638184,
          "Z": 14.501255,
          "Type": "None",
          "Action": ""
        },
        {
          "X": -68.38182,
          "Y": -450.285034,
          "Z": 10.2635374,
          "Type": "None",
          "Action": ""
        },
        {
          "X": -75.7327042,
          "Y": -450.065643,
          "Z": 6.997184,
          "Type": "None",
          "Action": ""
        },
        {
          "X": -85.28787,
          "Y": -449.9762,
          "Z": 2.75144386,
          "Type": "None",
          "Action": ""
        },
        {
          "X": -92.65315,
          "Y": -450.078033,
          "Z": -0.5213004,
          "Type": "None",
          "Action": ""
        },
        {
          "X": -102.001122,
          "Y": -451.8018,
          "Z": -4.22674561,
          "Type": "None",
          "Action": ""
        },
        {
          "X": -104.701866,
          "Y": -459.38855,
          "Z": -4.22162771,
          "Type": "None",
          "Action": ""
        },
        {
          "X": -97.63553,
          "Y": -465.960144,
          "Z": -4.216119,
          "Type": "None",
          "Action": ""
        },
        {
          "X": -91.22614,
          "Y": -472.944458,
          "Z": -4.18517828,
          "Type": "None",
          "Action": ""
        },
        {
          "X": -89.69332,
          "Y": -482.373718,
          "Z": -7.02458429,
          "Type": "None",
          "Action": ""
        },
        {
          "X": -92.9573059,
          "Y": -491.325256,
          "Z": -10.8045645,
          "Type": "None",
          "Action": ""
        },
        {
          "X": -99.33083,
          "Y": -498.5946,
          "Z": -14.558651,
          "Type": "None",
          "Action": ""
        },
        {
          "X": -107.74118,
          "Y": -503.0807,
          "Z": -18.306778,
          "Type": "None",
          "Action": ""
        },
        {
          "X": -117.313171,
          "Y": -504.6089,
          "Z": -22.2535858,
          "Type": "None",
          "Action": ""
        },
        {
          "X": -126.984756,
          "Y": -503.740326,
          "Z": -26.3026333,
          "Type": "None",
          "Action": ""
        },
        {
          "X": -135.644287,
          "Y": -499.959534,
          "Z": -30.1586475,
          "Type": "None",
          "Action": ""
        },
        {
          "X": -142.186386,
          "Y": -492.774,
          "Z": -34.0998154,
          "Type": "None",
          "Action": ""
        },
        {
          "X": -145.465332,
          "Y": -483.8247,
          "Z": -38.0181465,
          "Type": "None",
          "Action": ""
        },
        {
          "X": -146.203491,
          "Y": -474.107422,
          "Z": -42.17068,
          "Type": "None",
          "Action": ""
        },
        {
          "X": -143.976257,
          "Y": -465.743561,
          "Z": -45.937397,
          "Type": "None",
          "Action": ""
        },
        {
          "X": -140.3824,
          "Y": -459.437622,
          "Z": -49.58327,
          "Type": "None",
          "Action": ""
        },
        {
          "X": -134.0513,
          "Y": -453.903656,
          "Z": -53.8323364,
          "Type": "None",
          "Action": ""
        },
        {
          "X": -127.54818,
          "Y": -450.960022,
          "Z": -57.4573479,
          "Type": "None",
          "Action": ""
        },
        {
          "X": -119.124458,
          "Y": -450.252136,
          "Z": -58.5306,
          "Type": "None",
          "Action": ""
        },
        {
          "X": -110.796936,
          "Y": -451.6241,
          "Z": -58.6083565,
          "Type": "None",
          "Action": ""
        },
        {
          "X": -102.522507,
          "Y": -453.818481,
          "Z": -58.60975,
          "Type": "None",
          "Action": ""
        },
        {
          "X": -94.18545,
          "Y": -455.567169,
          "Z": -58.60975,
          "Type": "None",
          "Action": ""
        },
        {
          "X": -86.11125,
          "Y": -457.5277,
          "Z": -58.61114,
          "Type": "None",
          "Action": ""
        },
        {
          "X": -77.0746,
          "Y": -457.0135,
          "Z": -58.61114,
          "Type": "None",
          "Action": ""
        },
        {
          "X": -68.69771,
          "Y": -455.893066,
          "Z": -58.6125336,
          "Type": "None",
          "Action": ""
        },
        {
          "X": -60.1654243,
          "Y": -455.296875,
          "Z": -58.6139336,
          "Type": "None",
          "Action": ""
        },
        {
          "X": -51.65501,
          "Y": -455.372,
          "Z": -58.6139336,
          "Type": "None",
          "Action": ""
        },
        {
          "X": -42.28364,
          "Y": -455.54306,
          "Z": -58.6139336,
          "Type": "None",
          "Action": ""
        },
        {
          "X": -33.80936,
          "Y": -456.2581,
          "Z": -58.6153221,
          "Type": "None",
          "Action": ""
        },
        {
          "X": -25.85713,
          "Y": -458.909943,
          "Z": -58.6181068,
          "Type": "None",
          "Action": ""
        },
        {
          "X": -25.0444736,
          "Y": -449.958,
          "Z": -58.6181068,
          "Type": "None",
          "Action": ""
        },
        {
          "X": -26.186821,
          "Y": -441.562958,
          "Z": -59.0366478,
          "Type": "None",
          "Action": ""
        },
        {
          "X": -22.30601,
          "Y": -434.320343,
          "Z": -59.9503059,
          "Type": "None",
          "Action": ""
        }
      ],
      "Name": "Boss - Hydraspawn",
      "Order": 1,
      "CompleteCondition": {
        "HasCompleteCondition": true,
        "ConditionType": 4,
        "GameObjectId": 0,
        "InitialFlags": 0,
        "ItemId": 0,
        "CSharpCondition": null,
        "DeadMobId": 13280,
        "MobPositionId": 0,
        "MobId": 0,
        "MobPositionVector": null,
        "LOSPositionVector": null,
        "WaitTime": 0
      }
    },
    {
      "$type": "WholesomeDungeonCrawler.Models.MoveAlongPathModel, WholesomeDungeonCrawler",
      "Path": [
        {
          "X": -19.4351368,
          "Y": -432.472717,
          "Z": -59.9506836,
          "Type": "None",
          "Action": ""
        },
        {
          "X": -14.0296316,
          "Y": -425.593048,
          "Z": -59.9506836,
          "Type": "None",
          "Action": ""
        },
        {
          "X": -5.992526,
          "Y": -424.6345,
          "Z": -59.9506836,
          "Type": "None",
          "Action": ""
        },
        {
          "X": -2.09838,
          "Y": -432.242767,
          "Z": -59.9506836,
          "Type": "None",
          "Action": ""
        },
        {
          "X": 2.07567716,
          "Y": -439.677979,
          "Z": -59.954895,
          "Type": "None",
          "Action": ""
        },
        {
          "X": 8.13933,
          "Y": -445.8412,
          "Z": -58.62718,
          "Type": "None",
          "Action": ""
        },
        {
          "X": 16.05149,
          "Y": -448.1516,
          "Z": -58.6299934,
          "Type": "None",
          "Action": ""
        },
        {
          "X": 24.5967274,
          "Y": -448.891144,
          "Z": -58.6289635,
          "Type": "None",
          "Action": ""
        },
        {
          "X": 33.6254044,
          "Y": -448.9018,
          "Z": -58.62163,
          "Type": "None",
          "Action": ""
        },
        {
          "X": 41.9593239,
          "Y": -450.651428,
          "Z": -58.61523,
          "Type": "None",
          "Action": ""
        },
        {
          "X": 49.9520226,
          "Y": -453.597656,
          "Z": -58.61051,
          "Type": "None",
          "Action": ""
        },
        {
          "X": 58.17638,
          "Y": -455.9684,
          "Z": -58.60261,
          "Type": "None",
          "Action": ""
        },
        {
          "X": 66.54094,
          "Y": -455.930084,
          "Z": -58.5917435,
          "Type": "None",
          "Action": ""
        },
        {
          "X": 74.8787,
          "Y": -454.087128,
          "Z": -58.58081,
          "Type": "None",
          "Action": ""
        },
        {
          "X": 83.2035751,
          "Y": -452.3584,
          "Z": -57.78955,
          "Type": "None",
          "Action": ""
        },
        {
          "X": 92.69134,
          "Y": -451.067749,
          "Z": -57.10992,
          "Type": "None",
          "Action": ""
        },
        {
          "X": 101.916031,
          "Y": -453.66806,
          "Z": -54.9160728,
          "Type": "None",
          "Action": ""
        },
        {
          "X": 109.542946,
          "Y": -459.653442,
          "Z": -53.18119,
          "Type": "None",
          "Action": ""
        },
        {
          "X": 112.987747,
          "Y": -468.5272,
          "Z": -51.3982849,
          "Type": "None",
          "Action": ""
        },
        {
          "X": 111.2595,
          "Y": -477.945374,
          "Z": -49.54383,
          "Type": "None",
          "Action": ""
        },
        {
          "X": 105.057007,
          "Y": -485.152435,
          "Z": -47.94269,
          "Type": "None",
          "Action": ""
        },
        {
          "X": 97.19766,
          "Y": -490.814636,
          "Z": -45.7503128,
          "Type": "None",
          "Action": ""
        },
        {
          "X": 88.06415,
          "Y": -493.390472,
          "Z": -44.4796829,
          "Type": "None",
          "Action": ""
        },
        {
          "X": 78.34135,
          "Y": -493.573242,
          "Z": -43.0029221,
          "Type": "None",
          "Action": ""
        },
        {
          "X": 68.71627,
          "Y": -493.422974,
          "Z": -41.83021,
          "Type": "None",
          "Action": ""
        },
        {
          "X": 58.9939651,
          "Y": -493.425323,
          "Z": -40.36131,
          "Type": "None",
          "Action": ""
        },
        {
          "X": 49.4144669,
          "Y": -493.427673,
          "Z": -38.9064522,
          "Type": "None",
          "Action": ""
        },
        {
          "X": 39.63737,
          "Y": -493.430023,
          "Z": -37.95718,
          "Type": "None",
          "Action": ""
        },
        {
          "X": 29.9388714,
          "Y": -493.4324,
          "Z": -36.81737,
          "Type": "None",
          "Action": ""
        },
        {
          "X": 20.35937,
          "Y": -493.434723,
          "Z": -36.4117432,
          "Type": "None",
          "Action": ""
        },
        {
          "X": 10.6489716,
          "Y": -493.437073,
          "Z": -36.4117432,
          "Type": "None",
          "Action": ""
        },
        {
          "X": 1.18843114,
          "Y": -492.017975,
          "Z": -36.4117432,
          "Type": "None",
          "Action": ""
        },
        {
          "X": -2.33343887,
          "Y": -484.3629,
          "Z": -36.4117432,
          "Type": "None",
          "Action": ""
        },
        {
          "X": -2.034959,
          "Y": -475.8506,
          "Z": -36.4117432,
          "Type": "None",
          "Action": ""
        },
        {
          "X": -0.93022,
          "Y": -466.532135,
          "Z": -37.9377861,
          "Type": "None",
          "Action": ""
        },
        {
          "X": 0.944469035,
          "Y": -458.215027,
          "Z": -37.9584427,
          "Type": "None",
          "Action": ""
        },
        {
          "X": 2.66109061,
          "Y": -449.868225,
          "Z": -37.9598351,
          "Type": "None",
          "Action": ""
        },
        {
          "X": 1.09925234,
          "Y": -441.483551,
          "Z": -37.9598351,
          "Type": "None",
          "Action": ""
        },
        {
          "X": -5.99563265,
          "Y": -437.343018,
          "Z": -37.961235,
          "Type": "None",
          "Action": ""
        },
        {
          "X": -14.364439,
          "Y": -435.721649,
          "Z": -37.961235,
          "Type": "None",
          "Action": ""
        },
        {
          "X": -22.9031162,
          "Y": -435.193146,
          "Z": -37.961235,
          "Type": "None",
          "Action": ""
        },
        {
          "X": -31.2794685,
          "Y": -436.3293,
          "Z": -37.961235,
          "Type": "None",
          "Action": ""
        },
        {
          "X": -37.3792534,
          "Y": -441.8013,
          "Z": -37.961235,
          "Type": "None",
          "Action": ""
        }
      ],
      "Name": "Boss - Zevrim Thornhoof",
      "Order": 2,
      "CompleteCondition": {
        "HasCompleteCondition": true,
        "ConditionType": 4,
        "GameObjectId": 0,
        "InitialFlags": 0,
        "ItemId": 0,
        "CSharpCondition": null,
        "DeadMobId": 11490,
        "MobPositionId": 0,
        "MobId": 0,
        "MobPositionVector": null,
        "LOSPositionVector": null,
        "WaitTime": 0
      }
    },
    {
      "$type": "WholesomeDungeonCrawler.Models.MoveAlongPathModel, WholesomeDungeonCrawler",
      "Path": [
        {
          "X": -37.55434,
          "Y": -445.054474,
          "Z": -37.961235,
          "Type": "None",
          "Action": ""
        },
        {
          "X": -32.5156975,
          "Y": -451.983765,
          "Z": -37.961834,
          "Type": "None",
          "Action": ""
        },
        {
          "X": -24.8391476,
          "Y": -455.40094,
          "Z": -37.9611969,
          "Type": "None",
          "Action": ""
        },
        {
          "X": -16.5050812,
          "Y": -457.542145,
          "Z": -37.9601631,
          "Type": "None",
          "Action": ""
        },
        {
          "X": -8.426286,
          "Y": -460.163574,
          "Z": -37.9601631,
          "Type": "None",
          "Action": ""
        },
        {
          "X": -2.40838742,
          "Y": -468.223145,
          "Z": -37.47294,
          "Type": "None",
          "Action": ""
        },
        {
          "X": -1.98620808,
          "Y": -477.782,
          "Z": -36.41195,
          "Type": "None",
          "Action": ""
        },
        {
          "X": -1.24840093,
          "Y": -487.465179,
          "Z": -36.41195,
          "Type": "None",
          "Action": ""
        },
        {
          "X": 4.953515,
          "Y": -494.388519,
          "Z": -36.41195,
          "Type": "None",
          "Action": ""
        },
        {
          "X": 14.5618181,
          "Y": -494.968628,
          "Z": -36.41195,
          "Type": "None",
          "Action": ""
        },
        {
          "X": 24.15079,
          "Y": -494.477936,
          "Z": -36.41195,
          "Type": "None",
          "Action": ""
        },
        {
          "X": 33.89451,
          "Y": -494.273834,
          "Z": -37.2822456,
          "Type": "None",
          "Action": ""
        },
        {
          "X": 43.6019135,
          "Y": -494.033234,
          "Z": -38.42321,
          "Type": "None",
          "Action": ""
        },
        {
          "X": 53.1682472,
          "Y": -493.8919,
          "Z": -39.47631,
          "Type": "None",
          "Action": ""
        },
        {
          "X": 62.9142532,
          "Y": -493.930573,
          "Z": -40.95662,
          "Type": "None",
          "Action": ""
        },
        {
          "X": 72.4814453,
          "Y": -494.018738,
          "Z": -42.1127625,
          "Type": "None",
          "Action": ""
        },
        {
          "X": 82.24472,
          "Y": -494.366882,
          "Z": -43.5957031,
          "Type": "None",
          "Action": ""
        },
        {
          "X": 91.71182,
          "Y": -493.1657,
          "Z": -44.8863068,
          "Type": "None",
          "Action": ""
        },
        {
          "X": 100.813271,
          "Y": -489.800537,
          "Z": -46.4444923,
          "Type": "None",
          "Action": ""
        },
        {
          "X": 108.634865,
          "Y": -484.397278,
          "Z": -48.31163,
          "Type": "None",
          "Action": ""
        },
        {
          "X": 112.843918,
          "Y": -475.709442,
          "Z": -50.1354828,
          "Type": "None",
          "Action": ""
        },
        {
          "X": 112.962,
          "Y": -466.034454,
          "Z": -51.87686,
          "Type": "None",
          "Action": ""
        },
        {
          "X": 107.857346,
          "Y": -459.520264,
          "Z": -53.53425,
          "Type": "None",
          "Action": ""
        },
        {
          "X": 101.45211,
          "Y": -454.656525,
          "Z": -54.8448753,
          "Type": "None",
          "Action": ""
        },
        {
          "X": 93.3365555,
          "Y": -452.0435,
          "Z": -56.9372749,
          "Type": "None",
          "Action": ""
        },
        {
          "X": 84.9659,
          "Y": -450.228027,
          "Z": -57.3264771,
          "Type": "None",
          "Action": ""
        },
        {
          "X": 76.45955,
          "Y": -449.702545,
          "Z": -58.5770378,
          "Type": "None",
          "Action": ""
        },
        {
          "X": 68.04672,
          "Y": -450.154877,
          "Z": -58.58706,
          "Type": "None",
          "Action": ""
        },
        {
          "X": 59.70875,
          "Y": -452.096283,
          "Z": -58.597023,
          "Type": "None",
          "Action": ""
        },
        {
          "X": 51.0741043,
          "Y": -452.1733,
          "Z": -58.6056023,
          "Type": "None",
          "Action": ""
        },
        {
          "X": 42.804142,
          "Y": -450.5324,
          "Z": -58.6126671,
          "Type": "None",
          "Action": ""
        },
        {
          "X": 34.2749939,
          "Y": -449.64682,
          "Z": -58.61985,
          "Type": "None",
          "Action": ""
        },
        {
          "X": 25.6591549,
          "Y": -448.860321,
          "Z": -58.6269035,
          "Type": "None",
          "Action": ""
        },
        {
          "X": 17.0305214,
          "Y": -448.0083,
          "Z": -58.62971,
          "Type": "None",
          "Action": ""
        },
        {
          "X": 8.917143,
          "Y": -445.518829,
          "Z": -58.62971,
          "Type": "None",
          "Action": ""
        },
        {
          "X": 2.096143,
          "Y": -440.439453,
          "Z": -59.9563332,
          "Type": "None",
          "Action": ""
        },
        {
          "X": -4.188718,
          "Y": -434.782349,
          "Z": -59.9536552,
          "Type": "None",
          "Action": ""
        },
        {
          "X": -11.3288975,
          "Y": -429.8504,
          "Z": -59.952713,
          "Type": "None",
          "Action": ""
        },
        {
          "X": -18.6858711,
          "Y": -425.541016,
          "Z": -59.9520531,
          "Type": "None",
          "Action": ""
        },
        {
          "X": -25.8418446,
          "Y": -421.058441,
          "Z": -59.9502335,
          "Type": "None",
          "Action": ""
        },
        {
          "X": -33.1713142,
          "Y": -416.690155,
          "Z": -59.9502335,
          "Type": "None",
          "Action": ""
        },
        {
          "X": -40.8225822,
          "Y": -412.835419,
          "Z": -59.9502335,
          "Type": "None",
          "Action": ""
        },
        {
          "X": -49.1706924,
          "Y": -409.8533,
          "Z": -58.61416,
          "Type": "None",
          "Action": ""
        },
        {
          "X": -57.5756073,
          "Y": -407.573547,
          "Z": -58.61416,
          "Type": "None",
          "Action": ""
        },
        {
          "X": -65.89155,
          "Y": -405.5996,
          "Z": -58.61273,
          "Type": "None",
          "Action": ""
        },
        {
          "X": -74.8900757,
          "Y": -404.4111,
          "Z": -58.61112,
          "Type": "None",
          "Action": ""
        },
        {
          "X": -83.0320053,
          "Y": -401.888763,
          "Z": -58.6103859,
          "Type": "None",
          "Action": ""
        },
        {
          "X": -91.20654,
          "Y": -399.4466,
          "Z": -58.54365,
          "Type": "None",
          "Action": ""
        },
        {
          "X": -100.424828,
          "Y": -400.003418,
          "Z": -58.52098,
          "Type": "None",
          "Action": ""
        },
        {
          "X": -108.9489,
          "Y": -400.629,
          "Z": -58.50235,
          "Type": "None",
          "Action": ""
        },
        {
          "X": -117.470665,
          "Y": -401.283875,
          "Z": -57.5313377,
          "Type": "None",
          "Action": ""
        },
        {
          "X": -125.962349,
          "Y": -401.901062,
          "Z": -57.02322,
          "Type": "None",
          "Action": ""
        },
        {
          "X": -134.488586,
          "Y": -402.385559,
          "Z": -57.01782,
          "Type": "None",
          "Action": ""
        },
        {
          "X": -143.322891,
          "Y": -402.263519,
          "Z": -57.57542,
          "Type": "None",
          "Action": ""
        },
        {
          "X": -144.955551,
          "Y": -394.239624,
          "Z": -57.57542,
          "Type": "None",
          "Action": ""
        },
        {
          "X": -144.291336,
          "Y": -385.747253,
          "Z": -57.57542,
          "Type": "None",
          "Action": ""
        },
        {
          "X": -143.135468,
          "Y": -377.3021,
          "Z": -57.016346,
          "Type": "None",
          "Action": ""
        },
        {
          "X": -142.003738,
          "Y": -368.852173,
          "Z": -56.3465347,
          "Type": "None",
          "Action": ""
        },
        {
          "X": -139.472519,
          "Y": -360.7426,
          "Z": -56.2934647,
          "Type": "None",
          "Action": ""
        },
        {
          "X": -134.248413,
          "Y": -354.124359,
          "Z": -56.2501144,
          "Type": "None",
          "Action": ""
        },
        {
          "X": -128.769882,
          "Y": -347.583282,
          "Z": -56.2378235,
          "Type": "None",
          "Action": ""
        },
        {
          "X": -122.9202,
          "Y": -340.278351,
          "Z": -56.2376137,
          "Type": "None",
          "Action": ""
        },
        {
          "X": -117.457535,
          "Y": -333.669434,
          "Z": -56.2955322,
          "Type": "None",
          "Action": ""
        },
        {
          "X": -111.878662,
          "Y": -327.262238,
          "Z": -56.340126,
          "Type": "None",
          "Action": ""
        },
        {
          "X": -106.0494,
          "Y": -320.973328,
          "Z": -56.55031,
          "Type": "None",
          "Action": ""
        },
        {
          "X": -99.71247,
          "Y": -315.246429,
          "Z": -56.834713,
          "Type": "None",
          "Action": ""
        },
        {
          "X": -92.9695358,
          "Y": -309.9946,
          "Z": -57.1481438,
          "Type": "None",
          "Action": ""
        },
        {
          "X": -86.4449158,
          "Y": -304.528717,
          "Z": -57.2024269,
          "Type": "None",
          "Action": ""
        },
        {
          "X": -79.90704,
          "Y": -299.0457,
          "Z": -57.254158,
          "Type": "None",
          "Action": ""
        },
        {
          "X": -73.105835,
          "Y": -293.789063,
          "Z": -57.75663,
          "Type": "None",
          "Action": ""
        },
        {
          "X": -66.2963,
          "Y": -288.6014,
          "Z": -58.206192,
          "Type": "None",
          "Action": ""
        },
        {
          "X": -65.71617,
          "Y": -276.181824,
          "Z": -58.1170349,
          "Type": "None",
          "Action": ""
        }
      ],
      "Name": "Path to Old Ironbark",
      "Order": 3,
      "CompleteCondition": {
        "HasCompleteCondition": false,
        "ConditionType": 0,
        "GameObjectId": 0,
        "InitialFlags": 0,
        "ItemId": 0,
        "CSharpCondition": null,
        "DeadMobId": 0,
        "MobPositionId": 0,
        "MobId": 0,
        "MobPositionVector": null,
        "LOSPositionVector": null,
        "WaitTime": 0
      }
    },
    {
      "$type": "WholesomeDungeonCrawler.Models.MoveToUnitModel, WholesomeDungeonCrawler",
      "ExpectedPosition": {
        "X": -56.59,
        "Y": -269.12,
        "Z": -58.0476532,
        "Type": "None",
        "Action": ""
      },
      "FindClosest": false,
      "SkipIfNotFound": false,
      "UnitId": 11491,
      "Interactwithunit": false,
      "GossipIndex": 1,
      "Name": "Interact with Old Ironbark",
      "Order": 4,
      "CompleteCondition": {
        "HasCompleteCondition": false,
        "ConditionType": 0,
        "GameObjectId": 0,
        "InitialFlags": 0,
        "ItemId": 0,
        "CSharpCondition": null,
        "DeadMobId": 0,
        "MobPositionId": 0,
        "MobId": 0,
        "MobPositionVector": null,
        "LOSPositionVector": null,
        "WaitTime": 0
      }
    },
    {
      "$type": "WholesomeDungeonCrawler.Models.MoveAlongPathModel, WholesomeDungeonCrawler",
      "Path": [
        {
          "X": -53.1696053,
          "Y": -273.9137,
          "Z": -57.79235,
          "Type": "None",
          "Action": ""
        },
        {
          "X": -44.9770737,
          "Y": -275.117828,
          "Z": -57.31232,
          "Type": "None",
          "Action": ""
        },
        {
          "X": -36.24077,
          "Y": -276.474365,
          "Z": -56.42692,
          "Type": "None",
          "Action": ""
        },
        {
          "X": -27.5631428,
          "Y": -277.967957,
          "Z": -55.46193,
          "Type": "None",
          "Action": ""
        },
        {
          "X": -19.0228,
          "Y": -279.4328,
          "Z": -54.508873,
          "Type": "None",
          "Action": ""
        },
        {
          "X": -10.5247917,
          "Y": -279.28067,
          "Z": -53.663,
          "Type": "None",
          "Action": ""
        },
        {
          "X": -1.88768661,
          "Y": -278.620483,
          "Z": -53.0616875,
          "Type": "None",
          "Action": ""
        },
        {
          "X": 6.38895464,
          "Y": -276.698975,
          "Z": -53.58328,
          "Type": "None",
          "Action": ""
        },
        {
          "X": 14.8898458,
          "Y": -274.7477,
          "Z": -52.9047,
          "Type": "None",
          "Action": ""
        },
        {
          "X": 23.5306721,
          "Y": -273.342133,
          "Z": -53.0617027,
          "Type": "None",
          "Action": ""
        },
        {
          "X": 31.972168,
          "Y": -273.1494,
          "Z": -52.4474335,
          "Type": "None",
          "Action": ""
        },
        {
          "X": 40.6295853,
          "Y": -273.044647,
          "Z": -52.6976166,
          "Type": "None",
          "Action": ""
        },
        {
          "X": 49.21711,
          "Y": -273.13443,
          "Z": -53.1049423,
          "Type": "None",
          "Action": ""
        },
        {
          "X": 57.86033,
          "Y": -273.761658,
          "Z": -53.77608,
          "Type": "None",
          "Action": ""
        },
        {
          "X": 66.36138,
          "Y": -274.3142,
          "Z": -54.3578033,
          "Type": "None",
          "Action": ""
        },
        {
          "X": 75.0656738,
          "Y": -274.8697,
          "Z": -54.9388657,
          "Type": "None",
          "Action": ""
        },
        {
          "X": 83.63025,
          "Y": -275.41626,
          "Z": -55.47754,
          "Type": "None",
          "Action": ""
        },
        {
          "X": 92.299614,
          "Y": -275.9695,
          "Z": -55.9921837,
          "Type": "None",
          "Action": ""
        },
        {
          "X": 100.72448,
          "Y": -276.507172,
          "Z": -55.9234047,
          "Type": "None",
          "Action": ""
        },
        {
          "X": 109.310013,
          "Y": -277.055084,
          "Z": -55.93276,
          "Type": "None",
          "Action": ""
        },
        {
          "X": 118.06321,
          "Y": -277.613678,
          "Z": -55.8421135,
          "Type": "None",
          "Action": ""
        },
        {
          "X": 126.523613,
          "Y": -277.996826,
          "Z": -55.8802567,
          "Type": "None",
          "Action": ""
        },
        {
          "X": 135.325012,
          "Y": -278.281342,
          "Z": -56.5698433,
          "Type": "None",
          "Action": ""
        },
        {
          "X": 143.881546,
          "Y": -278.557983,
          "Z": -56.5698433,
          "Type": "None",
          "Action": ""
        },
        {
          "X": 152.319138,
          "Y": -278.83075,
          "Z": -56.5698433,
          "Type": "None",
          "Action": ""
        },
        {
          "X": 160.932785,
          "Y": -279.0437,
          "Z": -56.5698433,
          "Type": "None",
          "Action": ""
        },
        {
          "X": 169.402588,
          "Y": -278.984833,
          "Z": -56.5698433,
          "Type": "None",
          "Action": ""
        },
        {
          "X": 178.096375,
          "Y": -278.9244,
          "Z": -56.5698433,
          "Type": "None",
          "Action": ""
        },
        {
          "X": 186.622177,
          "Y": -278.865143,
          "Z": -56.57267,
          "Type": "None",
          "Action": ""
        },
        {
          "X": 195.070969,
          "Y": -278.8064,
          "Z": -56.58252,
          "Type": "None",
          "Action": ""
        },
        {
          "X": 203.63176,
          "Y": -278.746918,
          "Z": -56.5923424,
          "Type": "None",
          "Action": ""
        },
        {
          "X": 212.150558,
          "Y": -278.687683,
          "Z": -56.5965729,
          "Type": "None",
          "Action": ""
        },
        {
          "X": 220.718262,
          "Y": -278.62207,
          "Z": -56.5965729,
          "Type": "None",
          "Action": ""
        },
        {
          "X": 229.23938,
          "Y": -279.0351,
          "Z": -56.5965729,
          "Type": "None",
          "Action": ""
        },
        {
          "X": 237.737839,
          "Y": -279.870941,
          "Z": -56.5965729,
          "Type": "None",
          "Action": ""
        },
        {
          "X": 246.101959,
          "Y": -281.267151,
          "Z": -56.59473,
          "Type": "None",
          "Action": ""
        },
        {
          "X": 253.2168,
          "Y": -285.7177,
          "Z": -56.5920448,
          "Type": "None",
          "Action": ""
        },
        {
          "X": 256.9156,
          "Y": -293.355347,
          "Z": -56.5745163,
          "Type": "None",
          "Action": ""
        },
        {
          "X": 260.088959,
          "Y": -301.29892,
          "Z": -56.5546074,
          "Type": "None",
          "Action": ""
        },
        {
          "X": 261.906952,
          "Y": -309.557251,
          "Z": -56.5463028,
          "Type": "None",
          "Action": ""
        },
        {
          "X": 262.158264,
          "Y": -318.027344,
          "Z": -56.5505142,
          "Type": "None",
          "Action": ""
        },
        {
          "X": 262.179718,
          "Y": -326.581055,
          "Z": -56.5561371,
          "Type": "None",
          "Action": ""
        },
        {
          "X": 262.13205,
          "Y": -335.125854,
          "Z": -57.71746,
          "Type": "None",
          "Action": ""
        },
        {
          "X": 262.067139,
          "Y": -343.651428,
          "Z": -61.4043846,
          "Type": "None",
          "Action": ""
        },
        {
          "X": 262.0585,
          "Y": -351.820435,
          "Z": -64.9371,
          "Type": "None",
          "Action": ""
        },
        {
          "X": 257.3526,
          "Y": -359.13623,
          "Z": -67.52589,
          "Type": "None",
          "Action": ""
        },
        {
          "X": 251.30217,
          "Y": -365.010132,
          "Z": -67.52589,
          "Type": "None",
          "Action": ""
        },
        {
          "X": 243.2691,
          "Y": -367.6924,
          "Z": -67.52589,
          "Type": "None",
          "Action": ""
        },
        {
          "X": 235.5057,
          "Y": -371.004517,
          "Z": -67.52589,
          "Type": "None",
          "Action": ""
        },
        {
          "X": 228.232,
          "Y": -375.532623,
          "Z": -67.52589,
          "Type": "None",
          "Action": ""
        },
        {
          "X": 220.940979,
          "Y": -380.058838,
          "Z": -67.52589,
          "Type": "None",
          "Action": ""
        },
        {
          "X": 214.500565,
          "Y": -385.1676,
          "Z": -68.33416,
          "Type": "None",
          "Action": ""
        },
        {
          "X": 209.3572,
          "Y": -391.966766,
          "Z": -69.5641,
          "Type": "None",
          "Action": ""
        },
        {
          "X": 204.491928,
          "Y": -398.9939,
          "Z": -71.60519,
          "Type": "None",
          "Action": ""
        },
        {
          "X": 199.705322,
          "Y": -406.034882,
          "Z": -74.147,
          "Type": "None",
          "Action": ""
        },
        {
          "X": 196.86026,
          "Y": -414.085052,
          "Z": -75.92226,
          "Type": "None",
          "Action": ""
        },
        {
          "X": 193.585663,
          "Y": -421.9723,
          "Z": -78.49122,
          "Type": "None",
          "Action": ""
        },
        {
          "X": 190.316452,
          "Y": -429.846619,
          "Z": -81.82474,
          "Type": "None",
          "Action": ""
        },
        {
          "X": 188.362091,
          "Y": -438.0783,
          "Z": -84.4165,
          "Type": "None",
          "Action": ""
        },
        {
          "X": 187.92041,
          "Y": -446.585846,
          "Z": -86.95173,
          "Type": "None",
          "Action": ""
        },
        {
          "X": 188.752,
          "Y": -455.001617,
          "Z": -90.58541,
          "Type": "None",
          "Action": ""
        },
        {
          "X": 189.7283,
          "Y": -463.485046,
          "Z": -94.05898,
          "Type": "None",
          "Action": ""
        },
        {
          "X": 191.6935,
          "Y": -471.7459,
          "Z": -97.0880051,
          "Type": "None",
          "Action": ""
        },
        {
          "X": 195.124344,
          "Y": -479.464,
          "Z": -99.6669846,
          "Type": "None",
          "Action": ""
        },
        {
          "X": 195.118149,
          "Y": -487.918518,
          "Z": -102.51368,
          "Type": "None",
          "Action": ""
        },
        {
          "X": 194.169144,
          "Y": -496.412,
          "Z": -104.87616,
          "Type": "None",
          "Action": ""
        },
        {
          "X": 193.698654,
          "Y": -504.812744,
          "Z": -106.197807,
          "Type": "None",
          "Action": ""
        },
        {
          "X": 196.297653,
          "Y": -512.967651,
          "Z": -107.826866,
          "Type": "None",
          "Action": ""
        },
        {
          "X": 200.709427,
          "Y": -520.1152,
          "Z": -109.5577,
          "Type": "None",
          "Action": ""
        },
        {
          "X": 207.193558,
          "Y": -525.6602,
          "Z": -110.842049,
          "Type": "None",
          "Action": ""
        },
        {
          "X": 213.876434,
          "Y": -530.9547,
          "Z": -111.781425,
          "Type": "None",
          "Action": ""
        },
        {
          "X": 220.572632,
          "Y": -536.299255,
          "Z": -111.974976,
          "Type": "None",
          "Action": ""
        },
        {
          "X": 227.355743,
          "Y": -541.475952,
          "Z": -111.974976,
          "Type": "None",
          "Action": ""
        },
        {
          "X": 234.69957,
          "Y": -545.822266,
          "Z": -111.974976,
          "Type": "None",
          "Action": ""
        },
        {
          "X": 242.427887,
          "Y": -549.3026,
          "Z": -111.974976,
          "Type": "None",
          "Action": ""
        },
        {
          "X": 250.518631,
          "Y": -548.7144,
          "Z": -111.974976,
          "Type": "None",
          "Action": ""
        },
        {
          "X": 256.386017,
          "Y": -542.835938,
          "Z": -111.974976,
          "Type": "None",
          "Action": ""
        },
        {
          "X": 258.6045,
          "Y": -534.6534,
          "Z": -111.974976,
          "Type": "None",
          "Action": ""
        },
        {
          "X": 259.442841,
          "Y": -526.1594,
          "Z": -112.37809,
          "Type": "None",
          "Action": ""
        },
        {
          "X": 259.88678,
          "Y": -517.616943,
          "Z": -116.460159,
          "Type": "None",
          "Action": ""
        },
        {
          "X": 260.347748,
          "Y": -509.082458,
          "Z": -119.119164,
          "Type": "None",
          "Action": ""
        },
        {
          "X": 260.926941,
          "Y": -500.520325,
          "Z": -119.119164,
          "Type": "None",
          "Action": ""
        },
        {
          "X": 262.054932,
          "Y": -492.0488,
          "Z": -119.119164,
          "Type": "None",
          "Action": ""
        },
        {
          "X": 263.401428,
          "Y": -483.595,
          "Z": -119.961807,
          "Type": "None",
          "Action": ""
        },
        {
          "X": 264.888153,
          "Y": -475.186127,
          "Z": -119.961807,
          "Type": "None",
          "Action": ""
        }
      ],
      "Name": "Boss - Alzzin the Wildshaper",
      "Order": 5,
      "CompleteCondition": {
        "HasCompleteCondition": true,
        "ConditionType": 4,
        "GameObjectId": 0,
        "InitialFlags": 0,
        "ItemId": 0,
        "CSharpCondition": null,
        "DeadMobId": 11492,
        "MobPositionId": 0,
        "MobId": 0,
        "MobPositionVector": null,
        "LOSPositionVector": null,
        "WaitTime": 0
      }
    }
  ],
  "MapId": 429,
  "Name": "Dire Maul East",
  "Faction": 0,
  "DeathRunPath": [
    {
      "X": -4590.40869,
      "Y": 1632.08069,
      "Z": 93.97383,
      "Type": "None",
      "Action": ""
    },
    {
      "X": -4583.65,
      "Y": 1626.21948,
      "Z": 94.04712,
      "Type": "None",
      "Action": ""
    },
    {
      "X": -4577.25146,
      "Y": 1620.21558,
      "Z": 94.8357544,
      "Type": "None",
      "Action": ""
    },
    {
      "X": -4572.09033,
      "Y": 1613.56592,
      "Z": 96.36282,
      "Type": "None",
      "Action": ""
    },
    {
      "X": -4567.32031,
      "Y": 1606.294,
      "Z": 97.8837357,
      "Type": "None",
      "Action": ""
    },
    {
      "X": -4563.49268,
      "Y": 1598.52783,
      "Z": 99.22027,
      "Type": "None",
      "Action": ""
    },
    {
      "X": -4560.245,
      "Y": 1590.59924,
      "Z": 101.108315,
      "Type": "None",
      "Action": ""
    },
    {
      "X": -4556.973,
      "Y": 1582.61243,
      "Z": 102.137184,
      "Type": "None",
      "Action": ""
    },
    {
      "X": -4553.78125,
      "Y": 1574.81982,
      "Z": 102.873161,
      "Type": "None",
      "Action": ""
    },
    {
      "X": -4550.91846,
      "Y": 1566.86255,
      "Z": 102.9551,
      "Type": "None",
      "Action": ""
    },
    {
      "X": -4549.148,
      "Y": 1558.64661,
      "Z": 102.92263,
      "Type": "None",
      "Action": ""
    },
    {
      "X": -4547.87744,
      "Y": 1550.2583,
      "Z": 103.023026,
      "Type": "None",
      "Action": ""
    },
    {
      "X": -4546.8125,
      "Y": 1541.57043,
      "Z": 102.225708,
      "Type": "None",
      "Action": ""
    },
    {
      "X": -4546.07227,
      "Y": 1533.024,
      "Z": 100.5454,
      "Type": "None",
      "Action": ""
    },
    {
      "X": -4545.44434,
      "Y": 1524.606,
      "Z": 100.302582,
      "Type": "None",
      "Action": ""
    },
    {
      "X": -4545.542,
      "Y": 1515.99512,
      "Z": 100.471336,
      "Type": "None",
      "Action": ""
    },
    {
      "X": -4545.70752,
      "Y": 1507.577,
      "Z": 100.089989,
      "Type": "None",
      "Action": ""
    },
    {
      "X": -4546.328,
      "Y": 1499.04761,
      "Z": 100.730476,
      "Type": "None",
      "Action": ""
    },
    {
      "X": -4547.452,
      "Y": 1490.51208,
      "Z": 101.575325,
      "Type": "None",
      "Action": ""
    },
    {
      "X": -4549.076,
      "Y": 1482.261,
      "Z": 100.455109,
      "Type": "None",
      "Action": ""
    },
    {
      "X": -4551.00049,
      "Y": 1473.67615,
      "Z": 101.117622,
      "Type": "None",
      "Action": ""
    },
    {
      "X": -4553.038,
      "Y": 1465.33228,
      "Z": 102.16938,
      "Type": "None",
      "Action": ""
    },
    {
      "X": -4555.036,
      "Y": 1457.14856,
      "Z": 102.433884,
      "Type": "None",
      "Action": ""
    },
    {
      "X": -4556.61865,
      "Y": 1448.88184,
      "Z": 103.178543,
      "Type": "None",
      "Action": ""
    },
    {
      "X": -4557.15332,
      "Y": 1440.48474,
      "Z": 103.8836,
      "Type": "None",
      "Action": ""
    },
    {
      "X": -4551.913,
      "Y": 1434.0575,
      "Z": 105.173645,
      "Type": "None",
      "Action": ""
    },
    {
      "X": -4544.653,
      "Y": 1429.53,
      "Z": 107.773338,
      "Type": "None",
      "Action": ""
    },
    {
      "X": -4537.092,
      "Y": 1425.52,
      "Z": 112.040771,
      "Type": "None",
      "Action": ""
    },
    {
      "X": -4529.68164,
      "Y": 1421.13831,
      "Z": 116.523865,
      "Type": "None",
      "Action": ""
    },
    {
      "X": -4524.54932,
      "Y": 1417.43,
      "Z": 122.813461,
      "Type": "None",
      "Action": ""
    },
    {
      "X": -4518.293,
      "Y": 1411.21375,
      "Z": 126.640892,
      "Type": "None",
      "Action": ""
    },
    {
      "X": -4512.07568,
      "Y": 1405.51917,
      "Z": 126.88028,
      "Type": "None",
      "Action": ""
    },
    {
      "X": -4505.628,
      "Y": 1399.76514,
      "Z": 125.8941,
      "Type": "None",
      "Action": ""
    },
    {
      "X": -4499.13,
      "Y": 1394.14026,
      "Z": 126.453827,
      "Type": "None",
      "Action": ""
    },
    {
      "X": -4492.42139,
      "Y": 1388.81238,
      "Z": 127.39325,
      "Type": "None",
      "Action": ""
    },
    {
      "X": -4487.1123,
      "Y": 1381.65918,
      "Z": 126.687866,
      "Type": "None",
      "Action": ""
    },
    {
      "X": -4482.68359,
      "Y": 1374.274,
      "Z": 125.925095,
      "Type": "None",
      "Action": ""
    },
    {
      "X": -4478.66943,
      "Y": 1366.69287,
      "Z": 125.135506,
      "Type": "None",
      "Action": ""
    },
    {
      "X": -4474.736,
      "Y": 1359.26392,
      "Z": 125.040253,
      "Type": "None",
      "Action": ""
    },
    {
      "X": -4470.6875,
      "Y": 1351.65491,
      "Z": 125.178856,
      "Type": "None",
      "Action": ""
    },
    {
      "X": -4466.18848,
      "Y": 1344.50769,
      "Z": 124.850273,
      "Type": "None",
      "Action": ""
    },
    {
      "X": -4459.41943,
      "Y": 1339.251,
      "Z": 125.590927,
      "Type": "None",
      "Action": ""
    },
    {
      "X": -4451.217,
      "Y": 1336.71558,
      "Z": 126.002396,
      "Type": "None",
      "Action": ""
    },
    {
      "X": -4442.726,
      "Y": 1335.65039,
      "Z": 126.002396,
      "Type": "None",
      "Action": ""
    },
    {
      "X": -4434.265,
      "Y": 1335.00366,
      "Z": 126.360123,
      "Type": "None",
      "Action": ""
    },
    {
      "X": -4425.683,
      "Y": 1334.722,
      "Z": 130.3279,
      "Type": "None",
      "Action": ""
    },
    {
      "X": -4417.263,
      "Y": 1334.58972,
      "Z": 134.218811,
      "Type": "None",
      "Action": ""
    },
    {
      "X": -4408.69629,
      "Y": 1334.45508,
      "Z": 138.1792,
      "Type": "None",
      "Action": ""
    },
    {
      "X": -4400.06641,
      "Y": 1334.31958,
      "Z": 142.2292,
      "Type": "None",
      "Action": ""
    },
    {
      "X": -4391.67773,
      "Y": 1334.18774,
      "Z": 146.1846,
      "Type": "None",
      "Action": ""
    },
    {
      "X": -4383.109,
      "Y": 1333.49438,
      "Z": 150.226151,
      "Type": "None",
      "Action": ""
    },
    {
      "X": -4374.55,
      "Y": 1333.10022,
      "Z": 154.2623,
      "Type": "None",
      "Action": ""
    },
    {
      "X": -4366.103,
      "Y": 1332.82031,
      "Z": 158.244339,
      "Type": "None",
      "Action": ""
    },
    {
      "X": -4357.504,
      "Y": 1332.23132,
      "Z": 159.233154,
      "Type": "None",
      "Action": ""
    },
    {
      "X": -4348.871,
      "Y": 1331.5177,
      "Z": 159.233154,
      "Type": "None",
      "Action": ""
    },
    {
      "X": -4340.42627,
      "Y": 1330.8197,
      "Z": 159.233154,
      "Type": "None",
      "Action": ""
    },
    {
      "X": -4331.86328,
      "Y": 1330.33838,
      "Z": 159.233154,
      "Type": "None",
      "Action": ""
    },
    {
      "X": -4323.288,
      "Y": 1330.10254,
      "Z": 159.233154,
      "Type": "None",
      "Action": ""
    },
    {
      "X": -4314.849,
      "Y": 1329.893,
      "Z": 159.233154,
      "Type": "None",
      "Action": ""
    },
    {
      "X": -4306.304,
      "Y": 1329.69153,
      "Z": 159.233154,
      "Type": "None",
      "Action": ""
    },
    {
      "X": -4297.686,
      "Y": 1329.4884,
      "Z": 159.233154,
      "Type": "None",
      "Action": ""
    },
    {
      "X": -4289.273,
      "Y": 1329.26892,
      "Z": 161.213989,
      "Type": "None",
      "Action": ""
    },
    {
      "X": -4280.66064,
      "Y": 1328.89661,
      "Z": 161.213989,
      "Type": "None",
      "Action": ""
    },
    {
      "X": -4272.111,
      "Y": 1328.527,
      "Z": 161.213989,
      "Type": "None",
      "Action": ""
    },
    {
      "X": -4263.6665,
      "Y": 1328.162,
      "Z": 161.213989,
      "Type": "None",
      "Action": ""
    },
    {
      "X": -4255.097,
      "Y": 1327.7583,
      "Z": 161.213989,
      "Type": "None",
      "Action": ""
    },
    {
      "X": -4246.438,
      "Y": 1327.11853,
      "Z": 161.213989,
      "Type": "None",
      "Action": ""
    },
    {
      "X": -4237.946,
      "Y": 1325.98914,
      "Z": 161.213989,
      "Type": "None",
      "Action": ""
    },
    {
      "X": -4229.683,
      "Y": 1324.32849,
      "Z": 161.213989,
      "Type": "None",
      "Action": ""
    },
    {
      "X": -4221.548,
      "Y": 1321.55066,
      "Z": 161.213989,
      "Type": "None",
      "Action": ""
    },
    {
      "X": -4213.66455,
      "Y": 1318.1145,
      "Z": 161.213989,
      "Type": "None",
      "Action": ""
    },
    {
      "X": -4206.105,
      "Y": 1313.19312,
      "Z": 161.213989,
      "Type": "None",
      "Action": ""
    },
    {
      "X": -4200.19336,
      "Y": 1307.12708,
      "Z": 161.213989,
      "Type": "None",
      "Action": ""
    },
    {
      "X": -4195.03857,
      "Y": 1300.34924,
      "Z": 161.213989,
      "Type": "None",
      "Action": ""
    },
    {
      "X": -4190.899,
      "Y": 1292.7937,
      "Z": 161.213989,
      "Type": "None",
      "Action": ""
    },
    {
      "X": -4187.49268,
      "Y": 1285.10156,
      "Z": 161.213989,
      "Type": "None",
      "Action": ""
    },
    {
      "X": -4185.653,
      "Y": 1276.721,
      "Z": 161.213989,
      "Type": "None",
      "Action": ""
    },
    {
      "X": -4184.975,
      "Y": 1268.14819,
      "Z": 161.213989,
      "Type": "None",
      "Action": ""
    },
    {
      "X": -4184.352,
      "Y": 1259.73987,
      "Z": 161.213989,
      "Type": "None",
      "Action": ""
    },
    {
      "X": -4183.745,
      "Y": 1251.17236,
      "Z": 161.213989,
      "Type": "None",
      "Action": ""
    },
    {
      "X": -4183.149,
      "Y": 1242.762,
      "Z": 161.213989,
      "Type": "None",
      "Action": ""
    },
    {
      "X": -4182.54248,
      "Y": 1234.205,
      "Z": 161.213989,
      "Type": "None",
      "Action": ""
    },
    {
      "X": -4181.936,
      "Y": 1225.64783,
      "Z": 161.213989,
      "Type": "None",
      "Action": ""
    },
    {
      "X": -4181.33838,
      "Y": 1217.21655,
      "Z": 161.213989,
      "Type": "None",
      "Action": ""
    },
    {
      "X": -4180.7334,
      "Y": 1208.68042,
      "Z": 161.213989,
      "Type": "None",
      "Action": ""
    },
    {
      "X": -4180.114,
      "Y": 1200.10327,
      "Z": 161.213989,
      "Type": "None",
      "Action": ""
    },
    {
      "X": -4179.48535,
      "Y": 1191.70581,
      "Z": 161.213989,
      "Type": "None",
      "Action": ""
    },
    {
      "X": -4178.80273,
      "Y": 1183.15491,
      "Z": 161.213989,
      "Type": "None",
      "Action": ""
    },
    {
      "X": -4177.258,
      "Y": 1174.71289,
      "Z": 161.213989,
      "Type": "None",
      "Action": ""
    },
    {
      "X": -4174.62,
      "Y": 1166.681,
      "Z": 161.213989,
      "Type": "None",
      "Action": ""
    },
    {
      "X": -4171.11963,
      "Y": 1158.84949,
      "Z": 161.213989,
      "Type": "None",
      "Action": ""
    },
    {
      "X": -4167.519,
      "Y": 1151.06323,
      "Z": 161.213989,
      "Type": "None",
      "Action": ""
    },
    {
      "X": -4163.018,
      "Y": 1143.96484,
      "Z": 161.213989,
      "Type": "None",
      "Action": ""
    },
    {
      "X": -4156.523,
      "Y": 1138.40833,
      "Z": 161.213989,
      "Type": "None",
      "Action": ""
    },
    {
      "X": -4148.46631,
      "Y": 1135.57983,
      "Z": 161.213989,
      "Type": "None",
      "Action": ""
    },
    {
      "X": -4140.069,
      "Y": 1135.21033,
      "Z": 161.213989,
      "Type": "None",
      "Action": ""
    },
    {
      "X": -4131.476,
      "Y": 1135.54785,
      "Z": 161.213989,
      "Type": "None",
      "Action": ""
    },
    {
      "X": -4123.03955,
      "Y": 1135.86658,
      "Z": 161.213989,
      "Type": "None",
      "Action": ""
    },
    {
      "X": -4114.45557,
      "Y": 1136.15637,
      "Z": 161.213989,
      "Type": "None",
      "Action": ""
    },
    {
      "X": -4105.847,
      "Y": 1136.30786,
      "Z": 161.213989,
      "Type": "None",
      "Action": ""
    },
    {
      "X": -4097.40625,
      "Y": 1136.44031,
      "Z": 161.213989,
      "Type": "None",
      "Action": ""
    },
    {
      "X": -4088.82886,
      "Y": 1136.575,
      "Z": 161.213989,
      "Type": "None",
      "Action": ""
    },
    {
      "X": -4080.388,
      "Y": 1136.69983,
      "Z": 161.213989,
      "Type": "None",
      "Action": ""
    },
    {
      "X": -4071.2688,
      "Y": 1136.84631,
      "Z": 161.213989,
      "Type": "None",
      "Action": ""
    },
    {
      "X": -4063.77466,
      "Y": 1140.64661,
      "Z": 161.213989,
      "Type": "None",
      "Action": ""
    },
    {
      "X": -4057.41064,
      "Y": 1146.41,
      "Z": 161.213989,
      "Type": "None",
      "Action": ""
    },
    {
      "X": -4051.20313,
      "Y": 1152.14648,
      "Z": 160.697937,
      "Type": "None",
      "Action": ""
    },
    {
      "X": -4045.62622,
      "Y": 1157.86768,
      "Z": 159.7689,
      "Type": "None",
      "Action": ""
    },
    {
      "X": -4041.29639,
      "Y": 1165.1012,
      "Z": 159.754059,
      "Type": "None",
      "Action": ""
    },
    {
      "X": -4037.527,
      "Y": 1172.82874,
      "Z": 159.739014,
      "Type": "None",
      "Action": ""
    },
    {
      "X": -4033.93555,
      "Y": 1180.61926,
      "Z": 159.723434,
      "Type": "None",
      "Action": ""
    },
    {
      "X": -4031.09326,
      "Y": 1188.51379,
      "Z": 159.711411,
      "Type": "None",
      "Action": ""
    },
    {
      "X": -4029.91357,
      "Y": 1196.92542,
      "Z": 159.704773,
      "Type": "None",
      "Action": ""
    },
    {
      "X": -4022.18433,
      "Y": 1199.96912,
      "Z": 159.671234,
      "Type": "None",
      "Action": ""
    },
    {
      "X": -4013.74756,
      "Y": 1199.72058,
      "Z": 161.090775,
      "Type": "None",
      "Action": ""
    },
    {
      "X": -4005.16943,
      "Y": 1199.68018,
      "Z": 161.090775,
      "Type": "None",
      "Action": ""
    },
    {
      "X": -3996.742,
      "Y": 1199.25146,
      "Z": 161.07222,
      "Type": "None",
      "Action": ""
    },
    {
      "X": -3988.4624,
      "Y": 1197.07141,
      "Z": 161.050583,
      "Type": "None",
      "Action": ""
    },
    {
      "X": -3982.52783,
      "Y": 1191.1571,
      "Z": 161.046066,
      "Type": "None",
      "Action": ""
    },
    {
      "X": -3981.46729,
      "Y": 1182.835,
      "Z": 161.04303,
      "Type": "None",
      "Action": ""
    },
    {
      "X": -3982.09351,
      "Y": 1174.259,
      "Z": 161.0354,
      "Type": "None",
      "Action": ""
    },
    {
      "X": -3982.827,
      "Y": 1165.712,
      "Z": 161.027756,
      "Type": "None",
      "Action": ""
    },
    {
      "X": -3982.749,
      "Y": 1157.26465,
      "Z": 161.027756,
      "Type": "None",
      "Action": ""
    },
    {
      "X": -3981.82153,
      "Y": 1148.72266,
      "Z": 161.005692,
      "Type": "None",
      "Action": ""
    },
    {
      "X": -3978.34546,
      "Y": 1141.192,
      "Z": 161.014542,
      "Type": "None",
      "Action": ""
    },
    {
      "X": -3972.253,
      "Y": 1135.13342,
      "Z": 161.014969,
      "Type": "None",
      "Action": ""
    },
    {
      "X": -3965.72925,
      "Y": 1129.58765,
      "Z": 161.039185,
      "Type": "None",
      "Action": ""
    },
    {
      "X": -3958.43115,
      "Y": 1125.28394,
      "Z": 160.797852,
      "Type": "None",
      "Action": ""
    },
    {
      "X": -3951.02856,
      "Y": 1120.99109,
      "Z": 157.089157,
      "Type": "None",
      "Action": ""
    },
    {
      "X": -3943.60059,
      "Y": 1116.377,
      "Z": 153.366684,
      "Type": "None",
      "Action": ""
    },
    {
      "X": -3936.82251,
      "Y": 1111.39868,
      "Z": 149.9669,
      "Type": "None",
      "Action": ""
    },
    {
      "X": -3931.97241,
      "Y": 1104.35962,
      "Z": 148.963089,
      "Type": "None",
      "Action": ""
    },
    {
      "X": -3928.026,
      "Y": 1096.68372,
      "Z": 148.9294,
      "Type": "None",
      "Action": ""
    },
    {
      "X": -3924.21875,
      "Y": 1089.14893,
      "Z": 148.90596,
      "Type": "None",
      "Action": ""
    },
    {
      "X": -3920.35645,
      "Y": 1081.5127,
      "Z": 150.424942,
      "Type": "None",
      "Action": ""
    },
    {
      "X": -3916.311,
      "Y": 1073.92664,
      "Z": 149.607056,
      "Type": "None",
      "Action": ""
    },
    {
      "X": -3910.93945,
      "Y": 1067.41479,
      "Z": 149.349655,
      "Type": "None",
      "Action": ""
    },
    {
      "X": -3904.51929,
      "Y": 1061.808,
      "Z": 149.64093,
      "Type": "None",
      "Action": ""
    },
    {
      "X": -3897.936,
      "Y": 1056.50732,
      "Z": 151.157318,
      "Type": "None",
      "Action": ""
    },
    {
      "X": -3891.00659,
      "Y": 1051.455,
      "Z": 152.752975,
      "Type": "None",
      "Action": ""
    },
    {
      "X": -3882.7627,
      "Y": 1049.397,
      "Z": 154.6433,
      "Type": "None",
      "Action": ""
    },
    {
      "X": -3874.223,
      "Y": 1047.483,
      "Z": 154.788345,
      "Type": "None",
      "Action": ""
    },
    {
      "X": -3866.1084,
      "Y": 1045.27075,
      "Z": 154.788345,
      "Type": "None",
      "Action": ""
    },
    {
      "X": -3858.08081,
      "Y": 1042.28491,
      "Z": 154.788345,
      "Type": "None",
      "Action": ""
    },
    {
      "X": -3850.588,
      "Y": 1038.37708,
      "Z": 154.788345,
      "Type": "None",
      "Action": ""
    },
    {
      "X": -3845.069,
      "Y": 1031.883,
      "Z": 154.383377,
      "Type": "None",
      "Action": ""
    },
    {
      "X": -3840.27124,
      "Y": 1024.759,
      "Z": 152.763229,
      "Type": "None",
      "Action": ""
    },
    {
      "X": -3835.546,
      "Y": 1017.75055,
      "Z": 151.168732,
      "Type": "None",
      "Action": ""
    },
    {
      "X": -3829.84082,
      "Y": 1011.36829,
      "Z": 149.719666,
      "Type": "None",
      "Action": ""
    },
    {
      "X": -3823.98364,
      "Y": 1005.30371,
      "Z": 149.654572,
      "Type": "None",
      "Action": ""
    },
    {
      "X": -3818.291,
      "Y": 998.8589,
      "Z": 149.773361,
      "Type": "None",
      "Action": ""
    },
    {
      "X": -3812.74634,
      "Y": 992.3133,
      "Z": 149.638412,
      "Type": "None",
      "Action": ""
    },
    {
      "X": -3807.21265,
      "Y": 985.7445,
      "Z": 149.638412,
      "Type": "None",
      "Action": ""
    },
    {
      "X": -3801.787,
      "Y": 979.276733,
      "Z": 150.628632,
      "Type": "None",
      "Action": ""
    },
    {
      "X": -3796.94946,
      "Y": 972.1986,
      "Z": 153.9683,
      "Type": "None",
      "Action": ""
    },
    {
      "X": -3793.234,
      "Y": 964.6135,
      "Z": 157.554184,
      "Type": "None",
      "Action": ""
    },
    {
      "X": -3789.77441,
      "Y": 956.7406,
      "Z": 161.027649,
      "Type": "None",
      "Action": ""
    },
    {
      "X": -3786.35522,
      "Y": 948.9187,
      "Z": 161.026245,
      "Type": "None",
      "Action": ""
    },
    {
      "X": -3781.271,
      "Y": 942.324463,
      "Z": 161.026245,
      "Type": "None",
      "Action": ""
    },
    {
      "X": -3773.81421,
      "Y": 938.169434,
      "Z": 161.026245,
      "Type": "None",
      "Action": ""
    },
    {
      "X": -3765.59375,
      "Y": 936.2948,
      "Z": 161.026245,
      "Type": "None",
      "Action": ""
    },
    {
      "X": -3757.03027,
      "Y": 935.794556,
      "Z": 161.024719,
      "Type": "None",
      "Action": ""
    },
    {
      "X": -3748.469,
      "Y": 935.4528,
      "Z": 161.020447,
      "Type": "None",
      "Action": ""
    },
    {
      "X": -3740.008,
      "Y": 935.318237,
      "Z": 161.01593,
      "Type": "None",
      "Action": ""
    },
    {
      "X": 47.4501,
      "Y": -153.665,
      "Z": -2.71439,
      "Type": "None",
      "Action": ""
    }
  ],
  "OffMeshConnections": []
}