{
  "StepModels": [
    {
      "$type": "WholesomeDungeonCrawler.Models.MoveAlongPathModel, WholesomeDungeonCrawler",
      "Path": [
        {
          "X": 2592.55,
          "Y": 1107.5,
          "Z": 51.29,
          "Type": "None",
          "Action": ""
        },
        {
          "X": 2592.88916,
          "Y": 1095.21973,
          "Z": 52.5947037,
          "Type": "None",
          "Action": ""
        },
        {
          "X": 2593.1543,
          "Y": 1087.10437,
          "Z": 53.752388,
          "Type": "None",
          "Action": ""
        },
        {
          "X": 2594.06079,
          "Y": 1072.53748,
          "Z": 55.0575256,
          "Type": "None",
          "Action": ""
        },
        {
          "X": 2594.87061,
          "Y": 1058.56091,
          "Z": 54.48924,
          "Type": "None",
          "Action": ""
        },
        {
          "X": 2591.977,
          "Y": 1044.51184,
          "Z": 52.6623573,
          "Type": "None",
          "Action": ""
        },
        {
          "X": 2584.61572,
          "Y": 1032.73853,
          "Z": 50.5638428,
          "Type": "None",
          "Action": ""
        },
        {
          "X": 2577.921,
          "Y": 1026.27185,
          "Z": 50.82826,
          "Type": "None",
          "Action": ""
        },
        {
          "X": 2568.9397,
          "Y": 1014.90454,
          "Z": 52.16087,
          "Type": "None",
          "Action": ""
        },
        {
          "X": 2571.65649,
          "Y": 1005.12762,
          "Z": 52.5094643,
          "Type": "None",
          "Action": ""
        },
        {
          "X": 2583.1167,
          "Y": 996.224731,
          "Z": 54.13707,
          "Type": "None",
          "Action": ""
        },
        {
          "X": 2592.37085,
          "Y": 985.99054,
          "Z": 53.8010025,
          "Type": "None",
          "Action": ""
        },
        {
          "X": 2596.84,
          "Y": 972.2305,
          "Z": 52.8925934,
          "Type": "None",
          "Action": ""
        },
        {
          "X": 2591.1958,
          "Y": 959.915039,
          "Z": 51.88969,
          "Type": "None",
          "Action": ""
        },
        {
          "X": 2581.03882,
          "Y": 952.053955,
          "Z": 52.644268,
          "Type": "None",
          "Action": ""
        },
        {
          "X": 2573.02734,
          "Y": 944.4555,
          "Z": 53.4420624,
          "Type": "None",
          "Action": ""
        },
        {
          "X": 2567.57544,
          "Y": 954.915649,
          "Z": 52.34391,
          "Type": "None",
          "Action": ""
        },
        {
          "X": 2562.895,
          "Y": 964.258057,
          "Z": 51.3151321,
          "Type": "None",
          "Action": ""
        },
        {
          "X": 2552.897,
          "Y": 974.0257,
          "Z": 50.3498039,
          "Type": "None",
          "Action": ""
        },
        {
          "X": 2539.90771,
          "Y": 975.1644,
          "Z": 50.6354637,
          "Type": "None",
          "Action": ""
        },
        {
          "X": 2535.56543,
          "Y": 966.8916,
          "Z": 49.5581131,
          "Type": "None",
          "Action": ""
        },
        {
          "X": 2529.269,
          "Y": 954.388062,
          "Z": 49.4226227,
          "Type": "None",
          "Action": ""
        },
        {
          "X": 2524.411,
          "Y": 940.6815,
          "Z": 48.5270042,
          "Type": "None",
          "Action": ""
        },
        {
          "X": 2520.309,
          "Y": 928.5513,
          "Z": 47.06864,
          "Type": "None",
          "Action": ""
        },
        {
          "X": 2523.803,
          "Y": 921.298,
          "Z": 45.9876556,
          "Type": "None",
          "Action": ""
        },
        {
          "X": 2532.4585,
          "Y": 915.429138,
          "Z": 45.8860359,
          "Type": "None",
          "Action": ""
        },
        {
          "X": 2543.61865,
          "Y": 906.2276,
          "Z": 46.5260353,
          "Type": "None",
          "Action": ""
        },
        {
          "X": 2549.30469,
          "Y": 896.1067,
          "Z": 47.72658,
          "Type": "None",
          "Action": ""
        },
        {
          "X": 2547.27563,
          "Y": 887.114746,
          "Z": 47.7294273,
          "Type": "None",
          "Action": ""
        },
        {
          "X": 2538.676,
          "Y": 876.835632,
          "Z": 47.678112,
          "Type": "None",
          "Action": ""
        },
        {
          "X": 2530.37866,
          "Y": 874.8598,
          "Z": 47.678112,
          "Type": "None",
          "Action": ""
        },
        {
          "X": 2516.10425,
          "Y": 875.9137,
          "Z": 47.6788826,
          "Type": "None",
          "Action": ""
        },
        {
          "X": 2507.99487,
          "Y": 870.2478,
          "Z": 47.1145058,
          "Type": "None",
          "Action": ""
        },
        {
          "X": 2500.34741,
          "Y": 858.6875,
          "Z": 47.6781731,
          "Type": "None",
          "Action": ""
        },
        {
          "X": 2498.132,
          "Y": 848.3928,
          "Z": 48.01703,
          "Type": "None",
          "Action": ""
        },
        {
          "X": 2502.36182,
          "Y": 840.7364,
          "Z": 46.5437851,
          "Type": "None",
          "Action": ""
        },
        {
          "X": 2513.94214,
          "Y": 841.4318,
          "Z": 47.75565,
          "Type": "None",
          "Action": ""
        },
        {
          "X": 2523.56,
          "Y": 846.495,
          "Z": 47.5076,
          "Type": "None",
          "Action": ""
        },
        {
          "X": 2533.74121,
          "Y": 849.145935,
          "Z": 47.7320175,
          "Type": "None",
          "Action": ""
        },
        {
          "X": 2542.77612,
          "Y": 853.2,
          "Z": 51.12031,
          "Type": "None",
          "Action": ""
        },
        {
          "X": 2550.24121,
          "Y": 856.4813,
          "Z": 51.2419243,
          "Type": "None",
          "Action": ""
        }
      ],
      "Name": "Go to Gong",
      "Order": 0,
      "CompleteCondition": null
    },
    {
      "$type": "WholesomeDungeonCrawler.Models.InteractWithModel, WholesomeDungeonCrawler",
      "ObjectId": 148917,
      "ExpectedPosition": {
        "X": 2552.44,
        "Y": 856.984,
        "Z": 51.495,
        "Type": "None",
        "Action": ""
      },
      "StrictPosition": false,
      "FindClosest": true,
      "Name": "Hit Gong (1)",
      "Order": 1,
      "CompleteCondition": {
        "HasCompleteCondition": false,
        "ConditionType": 0,
        "GameObjectId": 0,
        "InitialFlags": 0,
        "ItemId": 0,
        "CSharpCondition": null,
        "DeadMobId": 0,
        "MobPositionId": 0,
        "MobId": 0,
        "MobPositionVector": null,
        "LOSPositionVector": null,
        "WaitTime": 0
      }
    },
    {
      "$type": "WholesomeDungeonCrawler.Models.MoveAlongPathModel, WholesomeDungeonCrawler",
      "Path": [
        {
          "X": 2546.819,
          "Y": 857.784546,
          "Z": 51.22602,
          "Type": "None",
          "Action": ""
        },
        {
          "X": 2540.64233,
          "Y": 863.477,
          "Z": 49.7731171,
          "Type": "None",
          "Action": ""
        },
        {
          "X": 2532.8103,
          "Y": 866.8139,
          "Z": 47.6782,
          "Type": "None",
          "Action": ""
        },
        {
          "X": 2524.176,
          "Y": 866.440247,
          "Z": 47.6782,
          "Type": "None",
          "Action": ""
        },
        {
          "X": 2515.89722,
          "Y": 863.6948,
          "Z": 47.6782,
          "Type": "None",
          "Action": ""
        },
        {
          "X": 2510.95752,
          "Y": 857.3048,
          "Z": 47.6782,
          "Type": "None",
          "Action": ""
        },
        {
          "X": 2513.3335,
          "Y": 849.4023,
          "Z": 47.6782,
          "Type": "None",
          "Action": ""
        },
        {
          "X": 2521.589,
          "Y": 847.8591,
          "Z": 47.56955,
          "Type": "None",
          "Action": ""
        },
        {
          "X": 2530.23657,
          "Y": 849.1824,
          "Z": 47.9450226,
          "Type": "None",
          "Action": ""
        },
        {
          "X": 2538.598,
          "Y": 851.0092,
          "Z": 49.3042755,
          "Type": "None",
          "Action": ""
        },
        {
          "X": 2546.32324,
          "Y": 854.63855,
          "Z": 51.2493,
          "Type": "None",
          "Action": ""
        }
      ],
      "Name": "Hang around",
      "Order": 2,
      "CompleteCondition": null
    },
    {
      "$type": "WholesomeDungeonCrawler.Models.InteractWithModel, WholesomeDungeonCrawler",
      "ObjectId": 148917,
      "ExpectedPosition": {
        "X": 2543.6,
        "Y": 850.734,
        "Z": 51.312,
        "Type": "None",
        "Action": ""
      },
      "StrictPosition": false,
      "FindClosest": true,
      "Name": "Hit Gong (2)",
      "Order": 3,
      "CompleteCondition": {
        "HasCompleteCondition": false,
        "ConditionType": 0,
        "GameObjectId": 0,
        "InitialFlags": 0,
        "ItemId": 0,
        "CSharpCondition": null,
        "DeadMobId": 0,
        "MobPositionId": 0,
        "MobId": 0,
        "MobPositionVector": null,
        "LOSPositionVector": null,
        "WaitTime": 0
      }
    },
    {
      "$type": "WholesomeDungeonCrawler.Models.MoveAlongPathModel, WholesomeDungeonCrawler",
      "Path": [
        {
          "X": 2549.742,
          "Y": 856.415466,
          "Z": 51.2418365,
          "Type": "None",
          "Action": ""
        },
        {
          "X": 2543.47437,
          "Y": 862.7683,
          "Z": 50.249836,
          "Type": "None",
          "Action": ""
        },
        {
          "X": 2537.31348,
          "Y": 868.625244,
          "Z": 47.67823,
          "Type": "None",
          "Action": ""
        },
        {
          "X": 2529.327,
          "Y": 872.2084,
          "Z": 47.67823,
          "Type": "None",
          "Action": ""
        },
        {
          "X": 2521.235,
          "Y": 875.0233,
          "Z": 47.67823,
          "Type": "None",
          "Action": ""
        },
        {
          "X": 2512.81958,
          "Y": 875.7609,
          "Z": 47.32389,
          "Type": "None",
          "Action": ""
        },
        {
          "X": 2507.15015,
          "Y": 869.3494,
          "Z": 47.2513847,
          "Type": "None",
          "Action": ""
        },
        {
          "X": 2503.37573,
          "Y": 861.666748,
          "Z": 47.678196,
          "Type": "None",
          "Action": ""
        },
        {
          "X": 2501.76343,
          "Y": 853.1485,
          "Z": 47.678196,
          "Type": "None",
          "Action": ""
        },
        {
          "X": 2506.22437,
          "Y": 845.9025,
          "Z": 47.3839874,
          "Type": "None",
          "Action": ""
        },
        {
          "X": 2514.49121,
          "Y": 846.127747,
          "Z": 47.67839,
          "Type": "None",
          "Action": ""
        },
        {
          "X": 2521.23267,
          "Y": 851.3877,
          "Z": 47.67342,
          "Type": "None",
          "Action": ""
        },
        {
          "X": 2529.771,
          "Y": 851.048767,
          "Z": 47.7996063,
          "Type": "None",
          "Action": ""
        },
        {
          "X": 2538.29785,
          "Y": 850.8403,
          "Z": 49.14699,
          "Type": "None",
          "Action": ""
        },
        {
          "X": 2546.31665,
          "Y": 854.096863,
          "Z": 51.2722168,
          "Type": "None",
          "Action": ""
        }
      ],
      "Name": "Hang Around",
      "Order": 4,
      "CompleteCondition": null
    },
    {
      "$type": "WholesomeDungeonCrawler.Models.InteractWithModel, WholesomeDungeonCrawler",
      "ObjectId": 148917,
      "ExpectedPosition": {
        "X": 2543.6,
        "Y": 850.734,
        "Z": 51.312,
        "Type": "None",
        "Action": ""
      },
      "StrictPosition": false,
      "FindClosest": true,
      "Name": "Hit Gong (3)",
      "Order": 5,
      "CompleteCondition": {
        "HasCompleteCondition": false,
        "ConditionType": 0,
        "GameObjectId": 0,
        "InitialFlags": 0,
        "ItemId": 0,
        "CSharpCondition": null,
        "DeadMobId": 0,
        "MobPositionId": 0,
        "MobId": 0,
        "MobPositionVector": null,
        "LOSPositionVector": null,
        "WaitTime": 0
      }
    },
    {
      "$type": "WholesomeDungeonCrawler.Models.MoveAlongPathModel, WholesomeDungeonCrawler",
      "Path": [
        {
          "X": 2550.515,
          "Y": 856.8196,
          "Z": 51.2421227,
          "Type": "None",
          "Action": ""
        },
        {
          "X": 2544.137,
          "Y": 861.7073,
          "Z": 50.5466728,
          "Type": "None",
          "Action": ""
        },
        {
          "X": 2537.3645,
          "Y": 866.9697,
          "Z": 48.019558,
          "Type": "None",
          "Action": ""
        },
        {
          "X": 2529.238,
          "Y": 869.551758,
          "Z": 47.67825,
          "Type": "None",
          "Action": ""
        },
        {
          "X": 2520.54443,
          "Y": 868.6509,
          "Z": 47.67825,
          "Type": "None",
          "Action": ""
        },
        {
          "X": 2512.43481,
          "Y": 865.9086,
          "Z": 47.5930519,
          "Type": "None",
          "Action": ""
        },
        {
          "X": 2505.385,
          "Y": 860.8465,
          "Z": 47.67819,
          "Type": "None",
          "Action": ""
        },
        {
          "X": 2506.22583,
          "Y": 852.7694,
          "Z": 47.67819,
          "Type": "None",
          "Action": ""
        },
        {
          "X": 2516.03052,
          "Y": 854.778748,
          "Z": 47.67819,
          "Type": "None",
          "Action": ""
        }
      ],
      "Name": "Boss 1",
      "Order": 6,
      "CompleteCondition": {
        "HasCompleteCondition": false,
        "ConditionType": 0,
        "GameObjectId": 0,
        "InitialFlags": 0,
        "ItemId": 0,
        "CSharpCondition": null,
        "DeadMobId": 0,
        "MobPositionId": 0,
        "MobId": 0,
        "MobPositionVector": null,
        "LOSPositionVector": null,
        "WaitTime": 0
      }
    },
    {
      "$type": "WholesomeDungeonCrawler.Models.MoveAlongPathModel, WholesomeDungeonCrawler",
      "Path": [
        {
          "X": 2508.27759,
          "Y": 847.8731,
          "Z": 47.67819,
          "Type": "None",
          "Action": ""
        },
        {
          "X": 2501.32935,
          "Y": 842.5261,
          "Z": 46.5821877,
          "Type": "None",
          "Action": ""
        },
        {
          "X": 2494.74756,
          "Y": 836.8418,
          "Z": 45.4450645,
          "Type": "None",
          "Action": ""
        },
        {
          "X": 2489.9165,
          "Y": 829.842041,
          "Z": 44.27154,
          "Type": "None",
          "Action": ""
        },
        {
          "X": 2487.9895,
          "Y": 821.381836,
          "Z": 43.5949974,
          "Type": "None",
          "Action": ""
        },
        {
          "X": 2487.55078,
          "Y": 812.646362,
          "Z": 43.0811729,
          "Type": "None",
          "Action": ""
        },
        {
          "X": 2489.236,
          "Y": 804.254456,
          "Z": 43.11443,
          "Type": "None",
          "Action": ""
        },
        {
          "X": 2492.77612,
          "Y": 796.3111,
          "Z": 40.9495735,
          "Type": "None",
          "Action": ""
        },
        {
          "X": 2498.08057,
          "Y": 789.3439,
          "Z": 39.44853,
          "Type": "None",
          "Action": ""
        },
        {
          "X": 2506.5835,
          "Y": 791.7897,
          "Z": 40.8197479,
          "Type": "None",
          "Action": ""
        },
        {
          "X": 2514.62,
          "Y": 795.2682,
          "Z": 42.8111076,
          "Type": "None",
          "Action": ""
        },
        {
          "X": 2524.014,
          "Y": 796.4169,
          "Z": 45.1242371,
          "Type": "None",
          "Action": ""
        },
        {
          "X": 2528.36816,
          "Y": 789.7513,
          "Z": 46.1451721,
          "Type": "None",
          "Action": ""
        },
        {
          "X": 2533.95972,
          "Y": 783.3865,
          "Z": 46.53866,
          "Type": "None",
          "Action": ""
        },
        {
          "X": 2539.28784,
          "Y": 776.5362,
          "Z": 46.8249,
          "Type": "None",
          "Action": ""
        },
        {
          "X": 2544.51782,
          "Y": 769.724,
          "Z": 48.2078323,
          "Type": "None",
          "Action": ""
        },
        {
          "X": 2549.46655,
          "Y": 762.7425,
          "Z": 50.4939423,
          "Type": "None",
          "Action": ""
        },
        {
          "X": 2554.53052,
          "Y": 755.598267,
          "Z": 52.71649,
          "Type": "None",
          "Action": ""
        },
        {
          "X": 2559.58862,
          "Y": 748.4625,
          "Z": 54.4521751,
          "Type": "None",
          "Action": ""
        },
        {
          "X": 2552.32764,
          "Y": 742.352539,
          "Z": 54.34997,
          "Type": "None",
          "Action": ""
        },
        {
          "X": 2544.72388,
          "Y": 745.3416,
          "Z": 54.0941772,
          "Type": "None",
          "Action": ""
        },
        {
          "X": 2536.97729,
          "Y": 749.7724,
          "Z": 53.8893433,
          "Type": "None",
          "Action": ""
        },
        {
          "X": 2527.50952,
          "Y": 749.1612,
          "Z": 53.92459,
          "Type": "None",
          "Action": ""
        },
        {
          "X": 2520.36035,
          "Y": 744.419739,
          "Z": 53.0365372,
          "Type": "None",
          "Action": ""
        },
        {
          "X": 2513.08838,
          "Y": 739.5598,
          "Z": 53.8042641,
          "Type": "None",
          "Action": ""
        },
        {
          "X": 2505.99683,
          "Y": 734.4456,
          "Z": 54.1491241,
          "Type": "None",
          "Action": ""
        },
        {
          "X": 2499.07153,
          "Y": 729.085938,
          "Z": 53.75568,
          "Type": "None",
          "Action": ""
        },
        {
          "X": 2492.81787,
          "Y": 723.3029,
          "Z": 54.10592,
          "Type": "None",
          "Action": ""
        },
        {
          "X": 2487.47778,
          "Y": 717.142639,
          "Z": 54.0302467,
          "Type": "None",
          "Action": ""
        },
        {
          "X": 2479.58838,
          "Y": 712.551453,
          "Z": 54.052227,
          "Type": "None",
          "Action": ""
        },
        {
          "X": 2474.85034,
          "Y": 704.7191,
          "Z": 53.9419174,
          "Type": "None",
          "Action": ""
        },
        {
          "X": 2471.75342,
          "Y": 696.888245,
          "Z": 54.0412369,
          "Type": "None",
          "Action": ""
        },
        {
          "X": 2468.63721,
          "Y": 688.899536,
          "Z": 55.27854,
          "Type": "None",
          "Action": ""
        },
        {
          "X": 2464.69458,
          "Y": 684.103333,
          "Z": 60.7736664,
          "Type": "None",
          "Action": ""
        },
        {
          "X": 2465.13086,
          "Y": 676.0402,
          "Z": 63.62811,
          "Type": "None",
          "Action": ""
        },
        {
          "X": 2463.90356,
          "Y": 684.2403,
          "Z": 61.0977249,
          "Type": "None",
          "Action": ""
        },
        {
          "X": 2463.00586,
          "Y": 691.0707,
          "Z": 55.7872,
          "Type": "None",
          "Action": ""
        },
        {
          "X": 2461.85059,
          "Y": 699.4659,
          "Z": 54.6074181,
          "Type": "None",
          "Action": ""
        },
        {
          "X": 2453.58081,
          "Y": 700.570435,
          "Z": 54.46032,
          "Type": "None",
          "Action": ""
        },
        {
          "X": 2449.92725,
          "Y": 693.108337,
          "Z": 55.09029,
          "Type": "None",
          "Action": ""
        },
        {
          "X": 2448.72632,
          "Y": 684.525269,
          "Z": 55.90736,
          "Type": "None",
          "Action": ""
        },
        {
          "X": 2447.80225,
          "Y": 676.056641,
          "Z": 56.4417953,
          "Type": "None",
          "Action": ""
        },
        {
          "X": 2447.547,
          "Y": 667.5968,
          "Z": 55.45418,
          "Type": "None",
          "Action": ""
        },
        {
          "X": 2450.28931,
          "Y": 659.50354,
          "Z": 54.7721558,
          "Type": "None",
          "Action": ""
        },
        {
          "X": 2455.02222,
          "Y": 652.5236,
          "Z": 54.6628571,
          "Type": "None",
          "Action": ""
        },
        {
          "X": 2462.97437,
          "Y": 649.6216,
          "Z": 54.6201019,
          "Type": "None",
          "Action": ""
        },
        {
          "X": 2471.47,
          "Y": 650.079468,
          "Z": 54.57622,
          "Type": "None",
          "Action": ""
        },
        {
          "X": 2479.38159,
          "Y": 652.8674,
          "Z": 54.5313644,
          "Type": "None",
          "Action": ""
        },
        {
          "X": 2485.1123,
          "Y": 659.0982,
          "Z": 54.55157,
          "Type": "None",
          "Action": ""
        },
        {
          "X": 2489.434,
          "Y": 666.2727,
          "Z": 54.5379753,
          "Type": "None",
          "Action": ""
        },
        {
          "X": 2493.417,
          "Y": 673.745544,
          "Z": 54.17679,
          "Type": "None",
          "Action": ""
        },
        {
          "X": 2497.71533,
          "Y": 681.0525,
          "Z": 54.4649773,
          "Type": "None",
          "Action": ""
        },
        {
          "X": 2502.243,
          "Y": 688.642,
          "Z": 53.52981,
          "Type": "None",
          "Action": ""
        }
      ],
      "Name": "Boss 2",
      "Order": 7,
      "CompleteCondition": {
        "HasCompleteCondition": false,
        "ConditionType": 0,
        "GameObjectId": 0,
        "InitialFlags": 0,
        "ItemId": 0,
        "CSharpCondition": null,
        "DeadMobId": 0,
        "MobPositionId": 0,
        "MobId": 0,
        "MobPositionVector": null,
        "LOSPositionVector": null,
        "WaitTime": 0
      }
    },
    {
      "$type": "WholesomeDungeonCrawler.Models.MoveAlongPathModel, WholesomeDungeonCrawler",
      "Path": [
        {
          "X": 2500.78564,
          "Y": 690.793335,
          "Z": 53.4412651,
          "Type": "None",
          "Action": ""
        },
        {
          "X": 2508.86182,
          "Y": 702.214966,
          "Z": 48.3725624,
          "Type": "None",
          "Action": ""
        },
        {
          "X": 2514.33838,
          "Y": 715.690369,
          "Z": 43.05408,
          "Type": "None",
          "Action": ""
        },
        {
          "X": 2517.99121,
          "Y": 729.8208,
          "Z": 40.3945,
          "Type": "None",
          "Action": ""
        },
        {
          "X": 2520.05713,
          "Y": 741.202759,
          "Z": 40.2589035,
          "Type": "None",
          "Action": ""
        },
        {
          "X": 2514.36182,
          "Y": 752.6931,
          "Z": 39.6876755,
          "Type": "None",
          "Action": ""
        },
        {
          "X": 2502.28052,
          "Y": 750.9135,
          "Z": 40.6944733,
          "Type": "None",
          "Action": ""
        },
        {
          "X": 2492.27954,
          "Y": 747.7194,
          "Z": 43.5994263,
          "Type": "None",
          "Action": ""
        },
        {
          "X": 2482.59253,
          "Y": 746.63385,
          "Z": 46.061657,
          "Type": "None",
          "Action": ""
        },
        {
          "X": 2472.15723,
          "Y": 755.635254,
          "Z": 46.0767746,
          "Type": "None",
          "Action": ""
        },
        {
          "X": 2462.4104,
          "Y": 766.4984,
          "Z": 45.43248,
          "Type": "None",
          "Action": ""
        },
        {
          "X": 2453.57373,
          "Y": 777.3491,
          "Z": 43.9081879,
          "Type": "None",
          "Action": ""
        },
        {
          "X": 2447.42676,
          "Y": 790.4822,
          "Z": 42.8617973,
          "Type": "None",
          "Action": ""
        },
        {
          "X": 2443.92944,
          "Y": 804.6367,
          "Z": 42.4619865,
          "Type": "None",
          "Action": ""
        },
        {
          "X": 2442.81177,
          "Y": 819.117859,
          "Z": 42.2094078,
          "Type": "None",
          "Action": ""
        },
        {
          "X": 2444.43823,
          "Y": 833.6043,
          "Z": 41.980938,
          "Type": "None",
          "Action": ""
        },
        {
          "X": 2448.72925,
          "Y": 847.5373,
          "Z": 40.4346,
          "Type": "None",
          "Action": ""
        },
        {
          "X": 2453.61914,
          "Y": 861.2516,
          "Z": 37.4006348,
          "Type": "None",
          "Action": ""
        },
        {
          "X": 2458.93384,
          "Y": 874.2013,
          "Z": 34.7693367,
          "Type": "None",
          "Action": ""
        },
        {
          "X": 2467.5708,
          "Y": 894.603333,
          "Z": 28.4622154,
          "Type": "None",
          "Action": ""
        },
        {
          "X": 2468.43262,
          "Y": 905.7413,
          "Z": 27.2105446,
          "Type": "None",
          "Action": ""
        },
        {
          "X": 2468.92627,
          "Y": 916.2297,
          "Z": 26.3024216,
          "Type": "None",
          "Action": ""
        },
        {
          "X": 2469.44629,
          "Y": 927.277466,
          "Z": 24.5259571,
          "Type": "None",
          "Action": ""
        },
        {
          "X": 2474.10449,
          "Y": 940.9969,
          "Z": 23.6658516,
          "Type": "None",
          "Action": ""
        },
        {
          "X": 2479.48779,
          "Y": 953.920044,
          "Z": 23.5834923,
          "Type": "None",
          "Action": ""
        },
        {
          "X": 2481.255,
          "Y": 968.2937,
          "Z": 23.62401,
          "Type": "None",
          "Action": ""
        },
        {
          "X": 2477.72021,
          "Y": 982.381348,
          "Z": 23.28649,
          "Type": "None",
          "Action": ""
        },
        {
          "X": 2472.88818,
          "Y": 995.48175,
          "Z": 23.3585453,
          "Type": "None",
          "Action": ""
        },
        {
          "X": 2465.85,
          "Y": 1008.21027,
          "Z": 24.087204,
          "Type": "None",
          "Action": ""
        },
        {
          "X": 2457.4187,
          "Y": 1020.20905,
          "Z": 24.947401,
          "Type": "None",
          "Action": ""
        },
        {
          "X": 2449.06567,
          "Y": 1032.09192,
          "Z": 24.6406937,
          "Type": "None",
          "Action": ""
        },
        {
          "X": 2443.38,
          "Y": 1037.83826,
          "Z": 24.4749222,
          "Type": "None",
          "Action": ""
        },
        {
          "X": 2435.065,
          "Y": 1040.56458,
          "Z": 24.3533287,
          "Type": "None",
          "Action": ""
        },
        {
          "X": 2426.38013,
          "Y": 1041.872,
          "Z": 24.6306229,
          "Type": "None",
          "Action": ""
        },
        {
          "X": 2417.666,
          "Y": 1042.63428,
          "Z": 25.1843567,
          "Type": "None",
          "Action": ""
        },
        {
          "X": 2406.01782,
          "Y": 1043.03589,
          "Z": 25.2657738,
          "Type": "None",
          "Action": ""
        },
        {
          "X": 2393.2085,
          "Y": 1042.95923,
          "Z": 24.6008778,
          "Type": "None",
          "Action": ""
        },
        {
          "X": 2378.808,
          "Y": 1040.87866,
          "Z": 24.8002777,
          "Type": "None",
          "Action": ""
        },
        {
          "X": 2364.61426,
          "Y": 1037.63428,
          "Z": 25.1396751,
          "Type": "None",
          "Action": ""
        },
        {
          "X": 2352.794,
          "Y": 1031.23767,
          "Z": 25.23685,
          "Type": "None",
          "Action": ""
        },
        {
          "X": 2346.11084,
          "Y": 1020.26831,
          "Z": 25.2748947,
          "Type": "None",
          "Action": ""
        },
        {
          "X": 2338.76978,
          "Y": 1007.65454,
          "Z": 25.66163,
          "Type": "None",
          "Action": ""
        },
        {
          "X": 2332.187,
          "Y": 995.339355,
          "Z": 26.0223045,
          "Type": "None",
          "Action": ""
        },
        {
          "X": 2326.21265,
          "Y": 982.0617,
          "Z": 26.2838249,
          "Type": "None",
          "Action": ""
        },
        {
          "X": 2322.78784,
          "Y": 969.1236,
          "Z": 26.569664,
          "Type": "None",
          "Action": ""
        },
        {
          "X": 2325.696,
          "Y": 957.3391,
          "Z": 26.7962666,
          "Type": "None",
          "Action": ""
        },
        {
          "X": 2329.37036,
          "Y": 950.0587,
          "Z": 27.0298061,
          "Type": "None",
          "Action": ""
        },
        {
          "X": 2334.03223,
          "Y": 942.6973,
          "Z": 27.3168545,
          "Type": "None",
          "Action": ""
        },
        {
          "X": 2342.228,
          "Y": 932.814148,
          "Z": 27.7933674,
          "Type": "None",
          "Action": ""
        },
        {
          "X": 2349.90137,
          "Y": 926.5583,
          "Z": 28.2598286,
          "Type": "None",
          "Action": ""
        },
        {
          "X": 2357.39233,
          "Y": 922.0429,
          "Z": 28.7096634,
          "Type": "None",
          "Action": ""
        },
        {
          "X": 2365.969,
          "Y": 917.0882,
          "Z": 28.9605751,
          "Type": "None",
          "Action": ""
        },
        {
          "X": 2378.2522,
          "Y": 910.3025,
          "Z": 29.09818,
          "Type": "None",
          "Action": ""
        },
        {
          "X": 2387.80078,
          "Y": 905.9394,
          "Z": 29.0738869,
          "Type": "None",
          "Action": ""
        },
        {
          "X": 2395.65576,
          "Y": 904.235352,
          "Z": 29.4202251,
          "Type": "None",
          "Action": ""
        },
        {
          "X": 2408.37476,
          "Y": 905.741943,
          "Z": 31.2822533,
          "Type": "None",
          "Action": ""
        },
        {
          "X": 2417.63525,
          "Y": 909.039,
          "Z": 32.13187,
          "Type": "None",
          "Action": ""
        },
        {
          "X": 2425.086,
          "Y": 914.6796,
          "Z": 32.7237434,
          "Type": "None",
          "Action": ""
        },
        {
          "X": 2435.00854,
          "Y": 924.5064,
          "Z": 33.8806152,
          "Type": "None",
          "Action": ""
        },
        {
          "X": 2442.77173,
          "Y": 937.362366,
          "Z": 35.2291451,
          "Type": "None",
          "Action": ""
        },
        {
          "X": 2442.97,
          "Y": 950.693542,
          "Z": 35.7202,
          "Type": "None",
          "Action": ""
        }
      ],
      "Name": "Boss 3",
      "Order": 8,
      "CompleteCondition": null
    },
    {
      "$type": "WholesomeDungeonCrawler.Models.MoveAlongPathModel, WholesomeDungeonCrawler",
      "Path": [
        {
          "X": 2446.75513,
          "Y": 967.565063,
          "Z": 36.2366,
          "Type": "None",
          "Action": ""
        },
        {
          "X": 2450.09814,
          "Y": 978.1445,
          "Z": 36.1939278,
          "Type": "None",
          "Action": ""
        },
        {
          "X": 2452.88525,
          "Y": 988.228455,
          "Z": 35.95759,
          "Type": "None",
          "Action": ""
        },
        {
          "X": 2451.27271,
          "Y": 996.568,
          "Z": 36.86879,
          "Type": "None",
          "Action": ""
        },
        {
          "X": 2445.319,
          "Y": 1003.67053,
          "Z": 38.6423569,
          "Type": "None",
          "Action": ""
        },
        {
          "X": 2437.825,
          "Y": 1010.19995,
          "Z": 37.8680077,
          "Type": "None",
          "Action": ""
        },
        {
          "X": 2427.929,
          "Y": 1017.23431,
          "Z": 37.023777,
          "Type": "None",
          "Action": ""
        },
        {
          "X": 2418.08838,
          "Y": 1016.83075,
          "Z": 37.0091438,
          "Type": "None",
          "Action": ""
        },
        {
          "X": 2409.17383,
          "Y": 1014.03741,
          "Z": 37.4104271,
          "Type": "None",
          "Action": ""
        },
        {
          "X": 2395.521,
          "Y": 1016.18384,
          "Z": 37.6670761,
          "Type": "None",
          "Action": ""
        },
        {
          "X": 2385.772,
          "Y": 1014.24414,
          "Z": 37.95884,
          "Type": "None",
          "Action": ""
        },
        {
          "X": 2371.99561,
          "Y": 1009.6308,
          "Z": 37.8113327,
          "Type": "None",
          "Action": ""
        },
        {
          "X": 2364.093,
          "Y": 1004.68488,
          "Z": 37.5372124,
          "Type": "None",
          "Action": ""
        },
        {
          "X": 2356.11133,
          "Y": 993.2654,
          "Z": 39.7305336,
          "Type": "None",
          "Action": ""
        },
        {
          "X": 2352.79614,
          "Y": 983.266357,
          "Z": 39.6479225,
          "Type": "None",
          "Action": ""
        },
        {
          "X": 2350.36,
          "Y": 974.280762,
          "Z": 40.3447227,
          "Type": "None",
          "Action": ""
        },
        {
          "X": 2348.35913,
          "Y": 966.3767,
          "Z": 41.697216,
          "Type": "None",
          "Action": ""
        },
        {
          "X": 2350.99976,
          "Y": 955.6766,
          "Z": 42.5700226,
          "Type": "None",
          "Action": ""
        },
        {
          "X": 2357.56226,
          "Y": 949.1085,
          "Z": 41.6735878,
          "Type": "None",
          "Action": ""
        },
        {
          "X": 2368.79175,
          "Y": 939.786743,
          "Z": 42.2324677,
          "Type": "None",
          "Action": ""
        },
        {
          "X": 2381.37427,
          "Y": 932.638367,
          "Z": 41.7166367,
          "Type": "None",
          "Action": ""
        },
        {
          "X": 2389.32544,
          "Y": 930.8458,
          "Z": 41.6532249,
          "Type": "None",
          "Action": ""
        },
        {
          "X": 2400.34375,
          "Y": 930.1083,
          "Z": 42.3332329,
          "Type": "None",
          "Action": ""
        },
        {
          "X": 2412.22559,
          "Y": 932.578247,
          "Z": 43.94539,
          "Type": "None",
          "Action": ""
        },
        {
          "X": 2418.91235,
          "Y": 937.083252,
          "Z": 43.946804,
          "Type": "None",
          "Action": ""
        },
        {
          "X": 2424.20874,
          "Y": 944.681763,
          "Z": 45.2732048,
          "Type": "None",
          "Action": ""
        },
        {
          "X": 2425.51831,
          "Y": 954.5346,
          "Z": 45.4383125,
          "Type": "None",
          "Action": ""
        },
        {
          "X": 2427.965,
          "Y": 968.8855,
          "Z": 46.7015572,
          "Type": "None",
          "Action": ""
        },
        {
          "X": 2429.20483,
          "Y": 979.855042,
          "Z": 48.0822067,
          "Type": "None",
          "Action": ""
        },
        {
          "X": 2426.13647,
          "Y": 987.4485,
          "Z": 48.99587,
          "Type": "None",
          "Action": ""
        },
        {
          "X": 2422.47583,
          "Y": 994.6282,
          "Z": 49.19095,
          "Type": "None",
          "Action": ""
        },
        {
          "X": 2414.31738,
          "Y": 997.605164,
          "Z": 50.17976,
          "Type": "None",
          "Action": ""
        },
        {
          "X": 2405.03271,
          "Y": 997.67804,
          "Z": 51.84581,
          "Type": "None",
          "Action": ""
        },
        {
          "X": 2391.5813,
          "Y": 993.801636,
          "Z": 53.3287048,
          "Type": "None",
          "Action": ""
        },
        {
          "X": 2383.50732,
          "Y": 990.489563,
          "Z": 53.9283,
          "Type": "None",
          "Action": ""
        },
        {
          "X": 2380.607,
          "Y": 981.022766,
          "Z": 55.1875572,
          "Type": "None",
          "Action": ""
        },
        {
          "X": 2390.61963,
          "Y": 970.7192,
          "Z": 55.8012962,
          "Type": "None",
          "Action": ""
        },
        {
          "X": 2402.57568,
          "Y": 962.4104,
          "Z": 55.3281,
          "Type": "None",
          "Action": ""
        }
      ],
      "Name": "Boss 4",
      "Order": 9,
      "CompleteCondition": null
    }
  ],
  "MapId": 129,
  "Name": "RazorfenDowns_Neutral",
  "Faction": 0,
  "DeathRunPath": [
    {
      "X": -4652.65234,
      "Y": -1775.29419,
      "Z": -42.96848,
      "Type": "None",
      "Action": ""
    },
    {
      "X": -4657.167,
      "Y": -1782.38123,
      "Z": -43.2321777,
      "Type": "None",
      "Action": ""
    },
    {
      "X": -4662.89746,
      "Y": -1788.99573,
      "Z": -44.1252747,
      "Type": "None",
      "Action": ""
    },
    {
      "X": -4669.37646,
      "Y": -1794.424,
      "Z": -46.37885,
      "Type": "None",
      "Action": ""
    },
    {
      "X": -4676.00537,
      "Y": -1799.91833,
      "Z": -49.186367,
      "Type": "None",
      "Action": ""
    },
    {
      "X": -4682.74854,
      "Y": -1805.18,
      "Z": -52.3935852,
      "Type": "None",
      "Action": ""
    },
    {
      "X": -4690.03,
      "Y": -1809.40466,
      "Z": -54.07013,
      "Type": "None",
      "Action": ""
    },
    {
      "X": -4698.32,
      "Y": -1811.67029,
      "Z": -53.8114777,
      "Type": "None",
      "Action": ""
    },
    {
      "X": -4706.722,
      "Y": -1812.3269,
      "Z": -52.6791267,
      "Type": "None",
      "Action": ""
    },
    {
      "X": -4715.241,
      "Y": -1811.54749,
      "Z": -50.3317261,
      "Type": "None",
      "Action": ""
    },
    {
      "X": -4723.57471,
      "Y": -1809.52209,
      "Z": -47.64208,
      "Type": "None",
      "Action": ""
    },
    {
      "X": -4731.69141,
      "Y": -1807.17212,
      "Z": -46.0322037,
      "Type": "None",
      "Action": ""
    },
    {
      "X": -4739.942,
      "Y": -1804.78345,
      "Z": -45.5649376,
      "Type": "None",
      "Action": ""
    },
    {
      "X": -4748.22656,
      "Y": -1802.517,
      "Z": -45.7727,
      "Type": "None",
      "Action": ""
    },
    {
      "X": -4756.58,
      "Y": -1800.47559,
      "Z": -45.85844,
      "Type": "None",
      "Action": ""
    },
    {
      "X": -4764.944,
      "Y": -1798.47583,
      "Z": -46.18155,
      "Type": "None",
      "Action": ""
    },
    {
      "X": -4773.124,
      "Y": -1796.52,
      "Z": -47.1179733,
      "Type": "None",
      "Action": ""
    },
    {
      "X": -4781.498,
      "Y": -1794.51782,
      "Z": -48.7123528,
      "Type": "None",
      "Action": ""
    },
    {
      "X": -4789.96875,
      "Y": -1794.32813,
      "Z": -50.9984665,
      "Type": "None",
      "Action": ""
    },
    {
      "X": -4798.29053,
      "Y": -1795.71777,
      "Z": -52.691143,
      "Type": "None",
      "Action": ""
    },
    {
      "X": -4806.217,
      "Y": -1798.68115,
      "Z": -53.51788,
      "Type": "None",
      "Action": ""
    },
    {
      "X": -4813.44434,
      "Y": -1803.12463,
      "Z": -54.2696648,
      "Type": "None",
      "Action": ""
    },
    {
      "X": -4820.749,
      "Y": -1807.61047,
      "Z": -53.91999,
      "Type": "None",
      "Action": ""
    },
    {
      "X": -4828.059,
      "Y": -1812.09961,
      "Z": -53.7065659,
      "Type": "None",
      "Action": ""
    },
    {
      "X": -4835.678,
      "Y": -1815.63867,
      "Z": -53.202343,
      "Type": "None",
      "Action": ""
    },
    {
      "X": -4844.10254,
      "Y": -1815.57813,
      "Z": -52.4037476,
      "Type": "None",
      "Action": ""
    },
    {
      "X": -4852.60547,
      "Y": -1814.444,
      "Z": -51.10988,
      "Type": "None",
      "Action": ""
    },
    {
      "X": -4861.20264,
      "Y": -1813.29749,
      "Z": -49.513813,
      "Type": "None",
      "Action": ""
    },
    {
      "X": -4869.10254,
      "Y": -1810.27515,
      "Z": -46.5720558,
      "Type": "None",
      "Action": ""
    },
    {
      "X": -4876.974,
      "Y": -1806.93591,
      "Z": -42.3712845,
      "Type": "None",
      "Action": ""
    },
    {
      "X": -4884.88135,
      "Y": -1803.58179,
      "Z": -38.563488,
      "Type": "None",
      "Action": ""
    },
    {
      "X": -4892.36963,
      "Y": -1799.68091,
      "Z": -35.838974,
      "Type": "None",
      "Action": ""
    },
    {
      "X": -4899.75342,
      "Y": -1795.31445,
      "Z": -34.562397,
      "Type": "None",
      "Action": ""
    },
    {
      "X": -4907.21338,
      "Y": -1791.45862,
      "Z": -35.56215,
      "Type": "None",
      "Action": ""
    },
    {
      "X": -4914.662,
      "Y": -1787.08594,
      "Z": -38.0123634,
      "Type": "None",
      "Action": ""
    },
    {
      "X": -4921.86475,
      "Y": -1782.4845,
      "Z": -42.50618,
      "Type": "None",
      "Action": ""
    },
    {
      "X": -4929.014,
      "Y": -1777.917,
      "Z": -46.8032951,
      "Type": "None",
      "Action": ""
    },
    {
      "X": -4936.24365,
      "Y": -1773.29871,
      "Z": -50.4045448,
      "Type": "None",
      "Action": ""
    },
    {
      "X": -4943.34,
      "Y": -1768.76514,
      "Z": -53.5716133,
      "Type": "None",
      "Action": ""
    },
    {
      "X": -4951.55273,
      "Y": -1766.09668,
      "Z": -56.17313,
      "Type": "None",
      "Action": ""
    },
    {
      "X": -4959.93555,
      "Y": -1764.378,
      "Z": -58.194458,
      "Type": "None",
      "Action": ""
    },
    {
      "X": -4968.17236,
      "Y": -1766.71216,
      "Z": -58.6832,
      "Type": "None",
      "Action": ""
    },
    {
      "X": -4975.982,
      "Y": -1769.8562,
      "Z": -58.97862,
      "Type": "None",
      "Action": ""
    },
    {
      "X": -4984.1167,
      "Y": -1772.64331,
      "Z": -62.3089333,
      "Type": "None",
      "Action": ""
    },
    {
      "X": -4992.34131,
      "Y": -1775.08289,
      "Z": -63.3176346,
      "Type": "None",
      "Action": ""
    },
    {
      "X": -5000.436,
      "Y": -1777.4425,
      "Z": -63.4340019,
      "Type": "None",
      "Action": ""
    },
    {
      "X": -5008.685,
      "Y": -1779.85974,
      "Z": -62.62611,
      "Type": "None",
      "Action": ""
    },
    {
      "X": -5016.62451,
      "Y": -1782.59949,
      "Z": -59.9773064,
      "Type": "None",
      "Action": ""
    },
    {
      "X": -5024.45459,
      "Y": -1786.14246,
      "Z": -58.30539,
      "Type": "None",
      "Action": ""
    },
    {
      "X": -5031.9585,
      "Y": -1790.36243,
      "Z": -57.1435547,
      "Type": "None",
      "Action": ""
    },
    {
      "X": -5039.127,
      "Y": -1794.72974,
      "Z": -55.7554054,
      "Type": "None",
      "Action": ""
    },
    {
      "X": -5045.71,
      "Y": -1800.405,
      "Z": -52.77694,
      "Type": "None",
      "Action": ""
    },
    {
      "X": -5049.612,
      "Y": -1807.8761,
      "Z": -47.7461739,
      "Type": "None",
      "Action": ""
    },
    {
      "X": -5047.07,
      "Y": -1815.77917,
      "Z": -43.217308,
      "Type": "None",
      "Action": ""
    },
    {
      "X": -5042.699,
      "Y": -1823.18176,
      "Z": -38.38416,
      "Type": "None",
      "Action": ""
    },
    {
      "X": -5038.25732,
      "Y": -1830.54517,
      "Z": -32.9403458,
      "Type": "None",
      "Action": ""
    },
    {
      "X": -5033.985,
      "Y": -1837.79761,
      "Z": -28.19755,
      "Type": "None",
      "Action": ""
    },
    {
      "X": -5029.87549,
      "Y": -1845.32373,
      "Z": -22.9010849,
      "Type": "None",
      "Action": ""
    },
    {
      "X": -5025.803,
      "Y": -1852.87659,
      "Z": -19.14505,
      "Type": "None",
      "Action": ""
    },
    {
      "X": -5021.922,
      "Y": -1860.38489,
      "Z": -14.5152073,
      "Type": "None",
      "Action": ""
    },
    {
      "X": -5018.15674,
      "Y": -1868.10547,
      "Z": -8.734864,
      "Type": "None",
      "Action": ""
    },
    {
      "X": -5014.55469,
      "Y": -1875.74023,
      "Z": -4.05244875,
      "Type": "None",
      "Action": ""
    },
    {
      "X": -5011.201,
      "Y": -1883.6001,
      "Z": -0.170908049,
      "Type": "None",
      "Action": ""
    },
    {
      "X": -5007.586,
      "Y": -1891.51306,
      "Z": 2.75924253,
      "Type": "None",
      "Action": ""
    },
    {
      "X": -4999.403,
      "Y": -1891.32556,
      "Z": 4.64246225,
      "Type": "None",
      "Action": ""
    },
    {
      "X": -4991.07031,
      "Y": -1890.01465,
      "Z": 5.38887453,
      "Type": "None",
      "Action": ""
    },
    {
      "X": -4982.56,
      "Y": -1888.70789,
      "Z": 6.912742,
      "Type": "None",
      "Action": ""
    },
    {
      "X": -4974.06738,
      "Y": -1887.50061,
      "Z": 8.824817,
      "Type": "None",
      "Action": ""
    },
    {
      "X": -4965.70557,
      "Y": -1886.43689,
      "Z": 11.0587444,
      "Type": "None",
      "Action": ""
    },
    {
      "X": -4957.194,
      "Y": -1885.36829,
      "Z": 13.7065516,
      "Type": "None",
      "Action": ""
    },
    {
      "X": -4948.78369,
      "Y": -1884.332,
      "Z": 16.7026978,
      "Type": "None",
      "Action": ""
    },
    {
      "X": -4940.27051,
      "Y": -1883.28137,
      "Z": 20.1297817,
      "Type": "None",
      "Action": ""
    },
    {
      "X": -4931.8,
      "Y": -1882.1394,
      "Z": 24.1747417,
      "Type": "None",
      "Action": ""
    },
    {
      "X": -4923.5415,
      "Y": -1880.985,
      "Z": 29.5926952,
      "Type": "None",
      "Action": ""
    },
    {
      "X": -4915.215,
      "Y": -1878.94519,
      "Z": 30.18214,
      "Type": "None",
      "Action": ""
    },
    {
      "X": -4907.807,
      "Y": -1874.742,
      "Z": 31.10517,
      "Type": "None",
      "Action": ""
    },
    {
      "X": -4902.23242,
      "Y": -1868.16113,
      "Z": 34.6238976,
      "Type": "None",
      "Action": ""
    },
    {
      "X": -4898.147,
      "Y": -1860.77478,
      "Z": 40.0077934,
      "Type": "None",
      "Action": ""
    },
    {
      "X": -4895.735,
      "Y": -1852.5481,
      "Z": 46.2340851,
      "Type": "None",
      "Action": ""
    },
    {
      "X": -4893.531,
      "Y": -1844.24622,
      "Z": 52.6369743,
      "Type": "None",
      "Action": ""
    },
    {
      "X": -4886.86035,
      "Y": -1840.735,
      "Z": 55.53283,
      "Type": "None",
      "Action": ""
    },
    {
      "X": -4877.4165,
      "Y": -1841.972,
      "Z": 56.0258141,
      "Type": "None",
      "Action": ""
    },
    {
      "X": -4868.90137,
      "Y": -1843.31213,
      "Z": 57.0896721,
      "Type": "None",
      "Action": ""
    },
    {
      "X": -4860.62061,
      "Y": -1844.78345,
      "Z": 58.5237236,
      "Type": "None",
      "Action": ""
    },
    {
      "X": -4852.13965,
      "Y": -1846.2666,
      "Z": 60.3536034,
      "Type": "None",
      "Action": ""
    },
    {
      "X": -4843.81152,
      "Y": -1847.71265,
      "Z": 62.50728,
      "Type": "None",
      "Action": ""
    },
    {
      "X": -4835.38037,
      "Y": -1849.17651,
      "Z": 65.05812,
      "Type": "None",
      "Action": ""
    },
    {
      "X": -4826.89746,
      "Y": -1850.64941,
      "Z": 68.00881,
      "Type": "None",
      "Action": ""
    },
    {
      "X": -4818.57959,
      "Y": -1852.09363,
      "Z": 71.31186,
      "Type": "None",
      "Action": ""
    },
    {
      "X": -4810.13,
      "Y": -1853.51587,
      "Z": 75.79607,
      "Type": "None",
      "Action": ""
    },
    {
      "X": -4801.67139,
      "Y": -1853.55884,
      "Z": 78.63002,
      "Type": "None",
      "Action": ""
    },
    {
      "X": -4793.249,
      "Y": -1852.76379,
      "Z": 78.15088,
      "Type": "None",
      "Action": ""
    },
    {
      "X": -4784.82666,
      "Y": -1853.947,
      "Z": 78.3984756,
      "Type": "None",
      "Action": ""
    },
    {
      "X": -4777.19873,
      "Y": -1857.45776,
      "Z": 81.86481,
      "Type": "None",
      "Action": ""
    },
    {
      "X": -4770.14355,
      "Y": -1862.37256,
      "Z": 86.94108,
      "Type": "None",
      "Action": ""
    },
    {
      "X": -4771.40771,
      "Y": -1869.84009,
      "Z": 89.9160843,
      "Type": "None",
      "Action": ""
    },
    {
      "X": -4778.0835,
      "Y": -1875.02026,
      "Z": 90.43855,
      "Type": "None",
      "Action": ""
    },
    {
      "X": -4784.68066,
      "Y": -1880.48682,
      "Z": 90.22862,
      "Type": "None",
      "Action": ""
    },
    {
      "X": -4791.31,
      "Y": -1885.9812,
      "Z": 89.87339,
      "Type": "None",
      "Action": ""
    },
    {
      "X": -4797.98633,
      "Y": -1891.51709,
      "Z": 89.3993149,
      "Type": "None",
      "Action": ""
    },
    {
      "X": -4804.40332,
      "Y": -1896.96924,
      "Z": 89.35907,
      "Type": "None",
      "Action": ""
    },
    {
      "X": -4810.979,
      "Y": -1902.55115,
      "Z": 86.64705,
      "Type": "None",
      "Action": ""
    },
    {
      "X": -4817.527,
      "Y": -1908.10974,
      "Z": 85.35018,
      "Type": "None",
      "Action": ""
    },
    {
      "X": -4823.947,
      "Y": -1913.55945,
      "Z": 84.60439,
      "Type": "None",
      "Action": ""
    },
    {
      "X": -4830.47,
      "Y": -1919.09766,
      "Z": 84.16264,
      "Type": "None",
      "Action": ""
    },
    {
      "X": -4836.84863,
      "Y": -1924.627,
      "Z": 84.02416,
      "Type": "None",
      "Action": ""
    },
    {
      "X": -4843.26465,
      "Y": -1930.38452,
      "Z": 84.19866,
      "Type": "None",
      "Action": ""
    },
    {
      "X": -4849.665,
      "Y": -1936.12793,
      "Z": 84.69436,
      "Type": "None",
      "Action": ""
    },
    {
      "X": -4855.945,
      "Y": -1941.76355,
      "Z": 85.50641,
      "Type": "None",
      "Action": ""
    },
    {
      "X": -4862.351,
      "Y": -1947.51233,
      "Z": 86.7118,
      "Type": "None",
      "Action": ""
    },
    {
      "X": -4868.671,
      "Y": -1953.18372,
      "Z": 89.15942,
      "Type": "None",
      "Action": ""
    },
    {
      "X": -4873.4917,
      "Y": -1960.02039,
      "Z": 90.83024,
      "Type": "None",
      "Action": ""
    },
    {
      "X": -4875.301,
      "Y": -1968.38318,
      "Z": 91.48509,
      "Type": "None",
      "Action": ""
    },
    {
      "X": -4875.82031,
      "Y": -1976.941,
      "Z": 91.72395,
      "Type": "None",
      "Action": ""
    },
    {
      "X": -4875.835,
      "Y": -1985.35132,
      "Z": 91.74217,
      "Type": "None",
      "Action": ""
    },
    {
      "X": -4876.08,
      "Y": -1993.93958,
      "Z": 91.8237152,
      "Type": "None",
      "Action": ""
    },
    {
      "X": -4877.264,
      "Y": -2002.33887,
      "Z": 90.92523,
      "Type": "None",
      "Action": ""
    },
    {
      "X": -4879.38135,
      "Y": -2010.58057,
      "Z": 87.7747955,
      "Type": "None",
      "Action": ""
    },
    {
      "X": -4882.35254,
      "Y": -2018.63928,
      "Z": 85.87567,
      "Type": "None",
      "Action": ""
    },
    {
      "X": -4885.51953,
      "Y": -2026.45325,
      "Z": 84.48338,
      "Type": "None",
      "Action": ""
    },
    {
      "X": -4888.82959,
      "Y": -2034.40149,
      "Z": 83.53682,
      "Type": "None",
      "Action": ""
    },
    {
      "X": -4892.1543,
      "Y": -2042.30945,
      "Z": 83.07685,
      "Type": "None",
      "Action": ""
    },
    {
      "X": -4895.372,
      "Y": -2050.137,
      "Z": 83.11274,
      "Type": "None",
      "Action": ""
    },
    {
      "X": -4898.349,
      "Y": -2058.125,
      "Z": 83.959465,
      "Type": "None",
      "Action": ""
    },
    {
      "X": -4899.138,
      "Y": -2066.58618,
      "Z": 83.8173,
      "Type": "None",
      "Action": ""
    },
    {
      "X": -4897.095,
      "Y": -2074.808,
      "Z": 83.5630646,
      "Type": "None",
      "Action": ""
    },
    {
      "X": -4894.21,
      "Y": -2082.815,
      "Z": 83.01653,
      "Type": "None",
      "Action": ""
    },
    {
      "X": -4889.094,
      "Y": -2089.52734,
      "Z": 81.12717,
      "Type": "None",
      "Action": ""
    },
    {
      "X": -4883.519,
      "Y": -2096.10034,
      "Z": 78.70422,
      "Type": "None",
      "Action": ""
    },
    {
      "X": -4877.735,
      "Y": -2102.4353,
      "Z": 77.49794,
      "Type": "None",
      "Action": ""
    },
    {
      "X": -4871.988,
      "Y": -2108.604,
      "Z": 76.84778,
      "Type": "None",
      "Action": ""
    },
    {
      "X": -4865.96631,
      "Y": -2114.7583,
      "Z": 76.51579,
      "Type": "None",
      "Action": ""
    },
    {
      "X": -4860.08838,
      "Y": -2120.76587,
      "Z": 76.51506,
      "Type": "None",
      "Action": ""
    },
    {
      "X": -4854.12256,
      "Y": -2126.972,
      "Z": 76.850914,
      "Type": "None",
      "Action": ""
    },
    {
      "X": -4848.36475,
      "Y": -2133.28857,
      "Z": 77.5189362,
      "Type": "None",
      "Action": ""
    },
    {
      "X": -4842.677,
      "Y": -2139.52881,
      "Z": 78.5247955,
      "Type": "None",
      "Action": ""
    },
    {
      "X": -4836.899,
      "Y": -2145.867,
      "Z": 79.98822,
      "Type": "None",
      "Action": ""
    },
    {
      "X": -4831.103,
      "Y": -2152.79614,
      "Z": 81.63116,
      "Type": "None",
      "Action": ""
    },
    {
      "X": -4833.962,
      "Y": -2162.06128,
      "Z": 81.57247,
      "Type": "None",
      "Action": ""
    },
    {
      "X": -4835.509,
      "Y": -2170.45337,
      "Z": 81.54766,
      "Type": "None",
      "Action": ""
    },
    {
      "X": -4837.285,
      "Y": -2178.87427,
      "Z": 81.00757,
      "Type": "None",
      "Action": ""
    },
    {
      "X": -4839.06543,
      "Y": -2187.10913,
      "Z": 81.23261,
      "Type": "None",
      "Action": ""
    },
    {
      "X": -4839.69,
      "Y": -2195.6687,
      "Z": 83.15961,
      "Type": "None",
      "Action": ""
    },
    {
      "X": -4835.964,
      "Y": -2203.09473,
      "Z": 83.76998,
      "Type": "None",
      "Action": ""
    },
    {
      "X": -4830.1123,
      "Y": -2209.29077,
      "Z": 83.84301,
      "Type": "None",
      "Action": ""
    },
    {
      "X": -4823.642,
      "Y": -2214.97046,
      "Z": 83.78833,
      "Type": "None",
      "Action": ""
    },
    {
      "X": -4817.17529,
      "Y": -2220.413,
      "Z": 84.5317,
      "Type": "None",
      "Action": ""
    },
    {
      "X": -4810.54541,
      "Y": -2225.822,
      "Z": 85.47718,
      "Type": "None",
      "Action": ""
    },
    {
      "X": -4804.106,
      "Y": -2231.518,
      "Z": 86.35677,
      "Type": "None",
      "Action": ""
    },
    {
      "X": -4797.853,
      "Y": -2237.22119,
      "Z": 86.9263,
      "Type": "None",
      "Action": ""
    },
    {
      "X": -4791.31348,
      "Y": -2242.75659,
      "Z": 86.79503,
      "Type": "None",
      "Action": ""
    },
    {
      "X": -4784.94,
      "Y": -2248.27612,
      "Z": 86.51006,
      "Type": "None",
      "Action": ""
    },
    {
      "X": -4778.783,
      "Y": -2254.28955,
      "Z": 86.18333,
      "Type": "None",
      "Action": ""
    },
    {
      "X": -4773.04248,
      "Y": -2260.63232,
      "Z": 86.18614,
      "Type": "None",
      "Action": ""
    },
    {
      "X": -4767.401,
      "Y": -2266.87036,
      "Z": 86.02754,
      "Type": "None",
      "Action": ""
    },
    {
      "X": -4761.6123,
      "Y": -2273.272,
      "Z": 83.8313446,
      "Type": "None",
      "Action": ""
    },
    {
      "X": -4755.87939,
      "Y": -2279.61133,
      "Z": 83.00872,
      "Type": "None",
      "Action": ""
    },
    {
      "X": -4750.413,
      "Y": -2286.08447,
      "Z": 83.00872,
      "Type": "None",
      "Action": ""
    },
    {
      "X": -4745.80762,
      "Y": -2293.3125,
      "Z": 84.1413345,
      "Type": "None",
      "Action": ""
    },
    {
      "X": -4742.489,
      "Y": -2301.0708,
      "Z": 84.85877,
      "Type": "None",
      "Action": ""
    },
    {
      "X": -4739.50732,
      "Y": -2309.22656,
      "Z": 86.66081,
      "Type": "None",
      "Action": ""
    },
    {
      "X": -4736.55225,
      "Y": -2317.31348,
      "Z": 86.6279755,
      "Type": "None",
      "Action": ""
    },
    {
      "X": -4733.47461,
      "Y": -2325.28662,
      "Z": 86.14004,
      "Type": "None",
      "Action": ""
    },
    {
      "X": -4730.087,
      "Y": -2333.02515,
      "Z": 86.03477,
      "Type": "None",
      "Action": ""
    },
    {
      "X": -4724.871,
      "Y": -2339.82739,
      "Z": 85.7408142,
      "Type": "None",
      "Action": ""
    },
    {
      "X": -4718.1875,
      "Y": -2345.194,
      "Z": 85.69497,
      "Type": "None",
      "Action": ""
    },
    {
      "X": -4711.24854,
      "Y": -2350.001,
      "Z": 86.73442,
      "Type": "None",
      "Action": ""
    },
    {
      "X": -4703.993,
      "Y": -2354.53784,
      "Z": 88.15584,
      "Type": "None",
      "Action": ""
    },
    {
      "X": -4696.62061,
      "Y": -2358.69214,
      "Z": 88.69529,
      "Type": "None",
      "Action": ""
    },
    {
      "X": -4688.99365,
      "Y": -2362.68579,
      "Z": 88.1231842,
      "Type": "None",
      "Action": ""
    },
    {
      "X": -4681.20557,
      "Y": -2366.279,
      "Z": 87.02719,
      "Type": "None",
      "Action": ""
    },
    {
      "X": -4673.408,
      "Y": -2369.558,
      "Z": 85.2592,
      "Type": "None",
      "Action": ""
    },
    {
      "X": -4665.4834,
      "Y": -2372.7605,
      "Z": 85.5574951,
      "Type": "None",
      "Action": ""
    },
    {
      "X": -4657.45752,
      "Y": -2376.10156,
      "Z": 85.53648,
      "Type": "None",
      "Action": ""
    },
    {
      "X": -4649.65234,
      "Y": -2379.70337,
      "Z": 86.34235,
      "Type": "None",
      "Action": ""
    },
    {
      "X": -4642.39551,
      "Y": -2383.95557,
      "Z": 86.2232,
      "Type": "None",
      "Action": ""
    },
    {
      "X": -4635.98438,
      "Y": -2389.65015,
      "Z": 86.43877,
      "Type": "None",
      "Action": ""
    },
    {
      "X": -4633.004,
      "Y": -2397.45435,
      "Z": 86.48526,
      "Type": "None",
      "Action": ""
    },
    {
      "X": -4633.82568,
      "Y": -2405.93359,
      "Z": 86.51394,
      "Type": "None",
      "Action": ""
    },
    {
      "X": -4638.52344,
      "Y": -2412.956,
      "Z": 86.49485,
      "Type": "None",
      "Action": ""
    },
    {
      "X": -4646.343,
      "Y": -2415.66772,
      "Z": 86.3674545,
      "Type": "None",
      "Action": ""
    },
    {
      "X": -4654.834,
      "Y": -2414.416,
      "Z": 86.18128,
      "Type": "None",
      "Action": ""
    },
    {
      "X": -4663.29346,
      "Y": -2414.124,
      "Z": 85.70468,
      "Type": "None",
      "Action": ""
    },
    {
      "X": -4671.31836,
      "Y": -2416.75366,
      "Z": 85.96309,
      "Type": "None",
      "Action": ""
    },
    {
      "X": -4678.68555,
      "Y": -2421.16528,
      "Z": 85.92276,
      "Type": "None",
      "Action": ""
    },
    {
      "X": -4683.62646,
      "Y": -2427.91528,
      "Z": 85.78551,
      "Type": "None",
      "Action": ""
    },
    {
      "X": -4683.598,
      "Y": -2436.23779,
      "Z": 85.74216,
      "Type": "None",
      "Action": ""
    },
    {
      "X": -4680.157,
      "Y": -2444.06787,
      "Z": 85.788414,
      "Type": "None",
      "Action": ""
    },
    {
      "X": -4674.60059,
      "Y": -2450.381,
      "Z": 85.75477,
      "Type": "None",
      "Action": ""
    },
    {
      "X": -4668.43457,
      "Y": -2456.2998,
      "Z": 86.06043,
      "Type": "None",
      "Action": ""
    },
    {
      "X": -4662.422,
      "Y": -2462.4436,
      "Z": 85.7981949,
      "Type": "None",
      "Action": ""
    },
    {
      "X": -4657.5166,
      "Y": -2469.32617,
      "Z": 85.0566254,
      "Type": "None",
      "Action": ""
    },
    {
      "X": -4655.46875,
      "Y": -2477.54956,
      "Z": 83.79254,
      "Type": "None",
      "Action": ""
    },
    {
      "X": -4654.945,
      "Y": -2485.97437,
      "Z": 82.26811,
      "Type": "None",
      "Action": ""
    },
    {
      "X": -4654.954,
      "Y": -2494.541,
      "Z": 81.14998,
      "Type": "None",
      "Action": ""
    },
    {
      "X": -4655.62256,
      "Y": -2503.13086,
      "Z": 80.76217,
      "Type": "None",
      "Action": ""
    },
    {
      "X": -4656.906,
      "Y": -2511.44116,
      "Z": 80.43772,
      "Type": "None",
      "Action": ""
    },
    {
      "X": -4658.619,
      "Y": -2519.94263,
      "Z": 81.0927048,
      "Type": "None",
      "Action": ""
    },
    {
      "X": -4658.619,
      "Y": -2540.94263,
      "Z": 81.0927048,
      "Type": "None",
      "Action": ""
    }
  ],
  "OffMeshConnections": []
}
