{
  "StepModels": [
    {
      "$type": "WholesomeDungeonCrawler.Models.MoveAlongPathModel, WholesomeDungeonCrawler",
      "Path": [
        {
          "X": -2.73782,
          "Y": 19.8424,
          "Z": -44.79754,
          "Type": "None",
          "Action": ""
        },
        {
          "X": -4.24949026,
          "Y": 11.9091587,
          "Z": -44.7163658,
          "Type": "None",
          "Action": ""
        },
        {
          "X": -3.4609623,
          "Y": 3.42231178,
          "Z": -44.40987,
          "Type": "None",
          "Action": ""
        },
        {
          "X": -2.37361741,
          "Y": -5.03863764,
          "Z": -43.24212,
          "Type": "None",
          "Action": ""
        },
        {
          "X": -0.9969188,
          "Y": -13.44541,
          "Z": -42.8329239,
          "Type": "None",
          "Action": ""
        },
        {
          "X": 0.303250641,
          "Y": -21.9107723,
          "Z": -42.25334,
          "Type": "None",
          "Action": ""
        },
        {
          "X": 1.22446859,
          "Y": -30.2947025,
          "Z": -41.88626,
          "Type": "None",
          "Action": ""
        },
        {
          "X": 1.54002559,
          "Y": -38.8390961,
          "Z": -41.2081757,
          "Type": "None",
          "Action": ""
        },
        {
          "X": 1.5716306,
          "Y": -47.00923,
          "Z": -41.33801,
          "Type": "None",
          "Action": ""
        },
        {
          "X": 0.295841128,
          "Y": -55.7607231,
          "Z": -41.34079,
          "Type": "None",
          "Action": ""
        },
        {
          "X": -6.14152,
          "Y": -61.9772949,
          "Z": -41.34079,
          "Type": "None",
          "Action": ""
        },
        {
          "X": -12.61026,
          "Y": -68.01351,
          "Z": -41.3375854,
          "Type": "None",
          "Action": ""
        },
        {
          "X": -12.8859711,
          "Y": -76.47343,
          "Z": -41.33677,
          "Type": "None",
          "Action": ""
        },
        {
          "X": -7.097003,
          "Y": -83.215,
          "Z": -41.3356552,
          "Type": "None",
          "Action": ""
        },
        {
          "X": -0.8600912,
          "Y": -88.23536,
          "Z": -41.33397,
          "Type": "None",
          "Action": ""
        },
        {
          "X": 7.362996,
          "Y": -91.22154,
          "Z": -41.3316765,
          "Type": "None",
          "Action": ""
        },
        {
          "X": 15.5046043,
          "Y": -91.8484955,
          "Z": -40.9874725,
          "Type": "None",
          "Action": ""
        },
        {
          "X": 23.9666443,
          "Y": -92.50268,
          "Z": -40.722683,
          "Type": "None",
          "Action": ""
        },
        {
          "X": 32.2937,
          "Y": -92.14128,
          "Z": -40.4103,
          "Type": "None",
          "Action": ""
        },
        {
          "X": 40.47656,
          "Y": -89.85101,
          "Z": -40.316906,
          "Type": "None",
          "Action": ""
        },
        {
          "X": 48.7626076,
          "Y": -88.1415558,
          "Z": -40.270443,
          "Type": "None",
          "Action": ""
        },
        {
          "X": 57.2278976,
          "Y": -87.9993439,
          "Z": -37.0203247,
          "Type": "None",
          "Action": ""
        },
        {
          "X": 65.59211,
          "Y": -88.2921143,
          "Z": -33.4574852,
          "Type": "None",
          "Action": ""
        },
        {
          "X": 74.266655,
          "Y": -88.59574,
          "Z": -29.4430447,
          "Type": "None",
          "Action": ""
        },
        {
          "X": 82.60973,
          "Y": -88.2566757,
          "Z": -25.58526,
          "Type": "None",
          "Action": ""
        },
        {
          "X": 91.06793,
          "Y": -87.45533,
          "Z": -21.6766148,
          "Type": "None",
          "Action": ""
        },
        {
          "X": 99.5189056,
          "Y": -86.7551,
          "Z": -17.771307,
          "Type": "None",
          "Action": ""
        },
        {
          "X": 108.039322,
          "Y": -86.40886,
          "Z": -13.8384714,
          "Type": "None",
          "Action": ""
        },
        {
          "X": 116.37722,
          "Y": -86.34168,
          "Z": -9.989009,
          "Type": "None",
          "Action": ""
        },
        {
          "X": 124.87307,
          "Y": -86.34302,
          "Z": -6.066294,
          "Type": "None",
          "Action": ""
        },
        {
          "X": 133.333237,
          "Y": -86.57264,
          "Z": -2.15932441,
          "Type": "None",
          "Action": ""
        },
        {
          "X": 140.770081,
          "Y": -86.75594,
          "Z": 1.2136097,
          "Type": "None",
          "Action": ""
        },
        {
          "X": 148.805557,
          "Y": -86.8420258,
          "Z": 4.74923325,
          "Type": "None",
          "Action": ""
        },
        {
          "X": 156.753021,
          "Y": -86.80964,
          "Z": 8.244456,
          "Type": "None",
          "Action": ""
        },
        {
          "X": 164.69046,
          "Y": -86.5335846,
          "Z": 9.602364,
          "Type": "None",
          "Action": ""
        },
        {
          "X": 172.716446,
          "Y": -86.24697,
          "Z": 9.603565,
          "Type": "None",
          "Action": ""
        },
        {
          "X": 181.648392,
          "Y": -85.9292,
          "Z": 9.604579,
          "Type": "None",
          "Action": ""
        },
        {
          "X": 190.572739,
          "Y": -85.6805344,
          "Z": 9.606525,
          "Type": "None",
          "Action": ""
        },
        {
          "X": 198.5865,
          "Y": -85.47807,
          "Z": 9.612316,
          "Type": "None",
          "Action": ""
        },
        {
          "X": 207.096222,
          "Y": -83.29803,
          "Z": 9.575321,
          "Type": "None",
          "Action": ""
        },
        {
          "X": 215.00531,
          "Y": -79.11799,
          "Z": 9.617347,
          "Type": "None",
          "Action": ""
        },
        {
          "X": 220.159744,
          "Y": -71.9656,
          "Z": 9.620255,
          "Type": "None",
          "Action": ""
        },
        {
          "X": 228.470032,
          "Y": -68.68676,
          "Z": 9.620472,
          "Type": "None",
          "Action": ""
        },
        {
          "X": 235.321762,
          "Y": -63.2646637,
          "Z": 9.622297,
          "Type": "None",
          "Action": ""
        },
        {
          "X": 240.844284,
          "Y": -56.3286133,
          "Z": 9.605066,
          "Type": "None",
          "Action": ""
        },
        {
          "X": 243.368454,
          "Y": -47.75486,
          "Z": 9.605975,
          "Type": "None",
          "Action": ""
        },
        {
          "X": 247.6003,
          "Y": -39.9069977,
          "Z": 8.558877,
          "Type": "None",
          "Action": ""
        },
        {
          "X": 251.690811,
          "Y": -33.02506,
          "Z": 7.36778545,
          "Type": "None",
          "Action": ""
        },
        {
          "X": 256.1632,
          "Y": -26.22589,
          "Z": 6.954125,
          "Type": "None",
          "Action": ""
        },
        {
          "X": 262.896484,
          "Y": -18.7124863,
          "Z": 6.95778036,
          "Type": "None",
          "Action": ""
        },
        {
          "X": 270.422,
          "Y": -12.4022589,
          "Z": 6.95701742,
          "Type": "None",
          "Action": ""
        },
        {
          "X": 278.8511,
          "Y": -6.8730073,
          "Z": 7.849799,
          "Type": "None",
          "Action": ""
        },
        {
          "X": 287.881531,
          "Y": -3.10698938,
          "Z": 9.544983,
          "Type": "None",
          "Action": ""
        },
        {
          "X": 297.528168,
          "Y": -0.316385329,
          "Z": 9.604687,
          "Type": "None",
          "Action": ""
        },
        {
          "X": 305.1591,
          "Y": 3.77068734,
          "Z": 9.614449,
          "Type": "None",
          "Action": ""
        },
        {
          "X": 310.815338,
          "Y": 9.902321,
          "Z": 9.624036,
          "Type": "None",
          "Action": ""
        },
        {
          "X": 316.548157,
          "Y": 16.7764626,
          "Z": 9.619618,
          "Type": "None",
          "Action": ""
        },
        {
          "X": 322.725769,
          "Y": 23.2941132,
          "Z": 9.62301,
          "Type": "None",
          "Action": ""
        },
        {
          "X": 327.755676,
          "Y": 30.389431,
          "Z": 9.61602,
          "Type": "None",
          "Action": ""
        },
        {
          "X": 328.142181,
          "Y": 39.3123741,
          "Z": 9.584385,
          "Type": "None",
          "Action": ""
        },
        {
          "X": 328.3,
          "Y": 47.4987564,
          "Z": 9.613477,
          "Type": "None",
          "Action": ""
        },
        {
          "X": 328.4361,
          "Y": 55.5972939,
          "Z": 9.61352,
          "Type": "None",
          "Action": ""
        },
        {
          "X": 327.480957,
          "Y": 63.6844521,
          "Z": 9.61352,
          "Type": "None",
          "Action": ""
        },
        {
          "X": 325.4733,
          "Y": 72.38853,
          "Z": 9.61352,
          "Type": "None",
          "Action": ""
        },
        {
          "X": 324.2185,
          "Y": 81.22167,
          "Z": 9.613963,
          "Type": "None",
          "Action": ""
        },
        {
          "X": 324.2968,
          "Y": 89.93879,
          "Z": 9.614219,
          "Type": "None",
          "Action": ""
        },
        {
          "X": 330.586029,
          "Y": 96.25557,
          "Z": 9.615255,
          "Type": "None",
          "Action": ""
        },
        {
          "X": 334.1111,
          "Y": 104.187233,
          "Z": 9.615664,
          "Type": "None",
          "Action": ""
        },
        {
          "X": 332.846466,
          "Y": 113.026886,
          "Z": 9.615664,
          "Type": "None",
          "Action": ""
        },
        {
          "X": 330.757141,
          "Y": 121.7737,
          "Z": 9.61424351,
          "Type": "None",
          "Action": ""
        }
      ],
      "Name": "Boss - The Maker",
      "Order": 0,
      "CompleteCondition": {
        "HasCompleteCondition": true,
        "ConditionType": 4,
        "GameObjectId": 0,
        "InitialFlags": 0,
        "ItemId": 0,
        "CSharpCondition": null,
        "DeadMobId": 17381,
        "MobPositionId": 0,
        "MobId": 0,
        "MobPositionVector": null,
        "LOSPositionVector": null,
        "WaitTime": 0
      }
    },
    {
      "$type": "WholesomeDungeonCrawler.Models.MoveAlongPathModel, WholesomeDungeonCrawler",
      "Path": [
        {
          "X": 327.14798,
          "Y": 136.345917,
          "Z": 9.615801,
          "Type": "None",
          "Action": ""
        },
        {
          "X": 326.7279,
          "Y": 145.206161,
          "Z": 9.615801,
          "Type": "None",
          "Action": ""
        },
        {
          "X": 326.1169,
          "Y": 154.106689,
          "Z": 9.509975,
          "Type": "None",
          "Action": ""
        },
        {
          "X": 324.341858,
          "Y": 162.860184,
          "Z": 9.561505,
          "Type": "None",
          "Action": ""
        },
        {
          "X": 322.1758,
          "Y": 171.5018,
          "Z": 9.610647,
          "Type": "None",
          "Action": ""
        },
        {
          "X": 326.776276,
          "Y": 178.769318,
          "Z": 9.621866,
          "Type": "None",
          "Action": ""
        },
        {
          "X": 335.1638,
          "Y": 181.690323,
          "Z": 9.604096,
          "Type": "None",
          "Action": ""
        },
        {
          "X": 344.06,
          "Y": 182.943924,
          "Z": 9.610629,
          "Type": "None",
          "Action": ""
        },
        {
          "X": 353.5658,
          "Y": 183.737915,
          "Z": 9.609964,
          "Type": "None",
          "Action": ""
        },
        {
          "X": 362.061951,
          "Y": 183.692245,
          "Z": 9.595622,
          "Type": "None",
          "Action": ""
        },
        {
          "X": 370.520538,
          "Y": 184.15831,
          "Z": 9.601543,
          "Type": "None",
          "Action": ""
        },
        {
          "X": 378.881622,
          "Y": 184.720764,
          "Z": 9.595669,
          "Type": "None",
          "Action": ""
        },
        {
          "X": 387.3651,
          "Y": 185.183823,
          "Z": 9.593793,
          "Type": "None",
          "Action": ""
        },
        {
          "X": 395.846741,
          "Y": 185.678879,
          "Z": 9.594406,
          "Type": "None",
          "Action": ""
        },
        {
          "X": 404.2154,
          "Y": 186.878677,
          "Z": 9.59544849,
          "Type": "None",
          "Action": ""
        },
        {
          "X": 412.692719,
          "Y": 187.14621,
          "Z": 9.601557,
          "Type": "None",
          "Action": ""
        },
        {
          "X": 420.998322,
          "Y": 186.206528,
          "Z": 9.595762,
          "Type": "None",
          "Action": ""
        },
        {
          "X": 429.425751,
          "Y": 184.94313,
          "Z": 9.611664,
          "Type": "None",
          "Action": ""
        },
        {
          "X": 437.7794,
          "Y": 183.668945,
          "Z": 9.607787,
          "Type": "None",
          "Action": ""
        },
        {
          "X": 446.005371,
          "Y": 182.069855,
          "Z": 9.606409,
          "Type": "None",
          "Action": ""
        },
        {
          "X": 454.2709,
          "Y": 179.551422,
          "Z": 9.622,
          "Type": "None",
          "Action": ""
        },
        {
          "X": 459.86496,
          "Y": 171.920242,
          "Z": 9.615173,
          "Type": "None",
          "Action": ""
        },
        {
          "X": 458.683533,
          "Y": 163.618515,
          "Z": 9.613782,
          "Type": "None",
          "Action": ""
        },
        {
          "X": 457.3517,
          "Y": 155.276382,
          "Z": 9.594688,
          "Type": "None",
          "Action": ""
        },
        {
          "X": 455.994537,
          "Y": 146.457291,
          "Z": 9.582023,
          "Type": "None",
          "Action": ""
        },
        {
          "X": 455.422424,
          "Y": 137.537537,
          "Z": 9.612917,
          "Type": "None",
          "Action": ""
        },
        {
          "X": 455.4354,
          "Y": 129.042557,
          "Z": 9.613095,
          "Type": "None",
          "Action": ""
        },
        {
          "X": 455.694641,
          "Y": 120.134842,
          "Z": 9.613095,
          "Type": "None",
          "Action": ""
        },
        {
          "X": 455.84256,
          "Y": 109.059738,
          "Z": 9.614713,
          "Type": "None",
          "Action": ""
        },
        {
          "X": 455.598267,
          "Y": 100.779121,
          "Z": 9.614713,
          "Type": "None",
          "Action": ""
        },
        {
          "X": 455.434875,
          "Y": 91.88229,
          "Z": 9.614713,
          "Type": "None",
          "Action": ""
        },
        {
          "X": 455.3931,
          "Y": 82.93499,
          "Z": 9.614713,
          "Type": "None",
          "Action": ""
        },
        {
          "X": 455.3436,
          "Y": 74.928566,
          "Z": 9.614713,
          "Type": "None",
          "Action": ""
        },
        {
          "X": 455.7604,
          "Y": 62.39772,
          "Z": 9.614713,
          "Type": "None",
          "Action": ""
        }
      ],
      "Name": "Path to Cell Door Lever",
      "Order": 1,
      "CompleteCondition": {
        "HasCompleteCondition": false,
        "ConditionType": 0,
        "GameObjectId": 0,
        "InitialFlags": 0,
        "ItemId": 0,
        "CSharpCondition": null,
        "DeadMobId": 0,
        "MobPositionId": 0,
        "MobId": 0,
        "MobPositionVector": null,
        "LOSPositionVector": null,
        "WaitTime": 0
      }
    },
    {
      "$type": "WholesomeDungeonCrawler.Models.InteractWithModel, WholesomeDungeonCrawler",
      "ObjectId": 181982,
      "ExpectedPosition": {
        "X": 456.055,
        "Y": 60.3225,
        "Z": 9.61567,
        "Type": "None",
        "Action": ""
      },
      "StrictPosition": false,
      "FindClosest": false,
      "Name": "Interact with Cell Door Lever",
      "Order": 2,
      "CompleteCondition": {
        "HasCompleteCondition": true,
        "ConditionType": 2,
        "GameObjectId": 181982,
        "InitialFlags": 0,
        "ItemId": 0,
        "CSharpCondition": null,
        "DeadMobId": 0,
        "MobPositionId": 0,
        "MobId": 0,
        "MobPositionVector": null,
        "LOSPositionVector": null,
        "WaitTime": 0
      }
    },
    {
      "$type": "WholesomeDungeonCrawler.Models.MoveAlongPathModel, WholesomeDungeonCrawler",
      "Path": [
        {
          "X": 454.770355,
          "Y": 50.0836067,
          "Z": 9.618009,
          "Type": "None",
          "Action": ""
        }
      ],
      "Name": "Boss - Broggok",
      "Order": 3,
      "CompleteCondition": {
        "HasCompleteCondition": true,
        "ConditionType": 4,
        "GameObjectId": 0,
        "InitialFlags": 0,
        "ItemId": 0,
        "CSharpCondition": null,
        "DeadMobId": 17380,
        "MobPositionId": 0,
        "MobId": 0,
        "MobPositionVector": null,
        "LOSPositionVector": null,
        "WaitTime": 0
      }
    },
    {
      "$type": "WholesomeDungeonCrawler.Models.MoveAlongPathModel, WholesomeDungeonCrawler",
      "Path": [
        {
          "X": 454.659058,
          "Y": 44.8830528,
          "Z": 9.618662,
          "Type": "None",
          "Action": ""
        },
        {
          "X": 455.043762,
          "Y": 36.68125,
          "Z": 9.590844,
          "Type": "None",
          "Action": ""
        },
        {
          "X": 455.411255,
          "Y": 27.71488,
          "Z": 9.523544,
          "Type": "None",
          "Action": ""
        },
        {
          "X": 455.6803,
          "Y": 19.38926,
          "Z": 9.550515,
          "Type": "None",
          "Action": ""
        },
        {
          "X": 459.125275,
          "Y": 11.6680841,
          "Z": 9.546316,
          "Type": "None",
          "Action": ""
        },
        {
          "X": 467.781036,
          "Y": 9.171415,
          "Z": 9.544988,
          "Type": "None",
          "Action": ""
        },
        {
          "X": 476.459656,
          "Y": 7.07565832,
          "Z": 9.54507,
          "Type": "None",
          "Action": ""
        },
        {
          "X": 484.1497,
          "Y": 4.74341774,
          "Z": 9.545112,
          "Type": "None",
          "Action": ""
        },
        {
          "X": 491.33194,
          "Y": -0.181442559,
          "Z": 9.548293,
          "Type": "None",
          "Action": ""
        },
        {
          "X": 491.878754,
          "Y": -9.093283,
          "Z": 9.561,
          "Type": "None",
          "Action": ""
        },
        {
          "X": 491.482819,
          "Y": -18.02207,
          "Z": 9.556595,
          "Type": "None",
          "Action": ""
        },
        {
          "X": 490.883972,
          "Y": -26.91503,
          "Z": 9.550929,
          "Type": "None",
          "Action": ""
        },
        {
          "X": 489.54,
          "Y": -35.8035431,
          "Z": 9.550836,
          "Type": "None",
          "Action": ""
        },
        {
          "X": 487.6021,
          "Y": -44.3403,
          "Z": 9.557597,
          "Type": "None",
          "Action": ""
        },
        {
          "X": 487.144562,
          "Y": -53.31515,
          "Z": 9.553767,
          "Type": "None",
          "Action": ""
        },
        {
          "X": 486.842682,
          "Y": -61.7092743,
          "Z": 9.543947,
          "Type": "None",
          "Action": ""
        },
        {
          "X": 487.2764,
          "Y": -71.71221,
          "Z": 9.549952,
          "Type": "None",
          "Action": ""
        },
        {
          "X": 488.21283,
          "Y": -81.4906845,
          "Z": 9.562218,
          "Type": "None",
          "Action": ""
        },
        {
          "X": 485.821564,
          "Y": -90.8052,
          "Z": 9.553498,
          "Type": "None",
          "Action": ""
        },
        {
          "X": 476.53595,
          "Y": -93.28333,
          "Z": 9.557888,
          "Type": "None",
          "Action": ""
        },
        {
          "X": 467.4626,
          "Y": -89.09649,
          "Z": 9.553582,
          "Type": "None",
          "Action": ""
        },
        {
          "X": 458.300354,
          "Y": -85.20419,
          "Z": 9.588737,
          "Type": "None",
          "Action": ""
        },
        {
          "X": 450.027161,
          "Y": -84.10214,
          "Z": 9.584224,
          "Type": "None",
          "Action": ""
        },
        {
          "X": 441.23764,
          "Y": -84.18364,
          "Z": 9.61553,
          "Type": "None",
          "Action": ""
        },
        {
          "X": 433.6871,
          "Y": -86.89656,
          "Z": 9.619374,
          "Type": "None",
          "Action": ""
        },
        {
          "X": 425.397125,
          "Y": -91.74444,
          "Z": 9.624225,
          "Type": "None",
          "Action": ""
        },
        {
          "X": 419.521729,
          "Y": -98.01546,
          "Z": 9.616099,
          "Type": "None",
          "Action": ""
        },
        {
          "X": 415.2006,
          "Y": -105.306175,
          "Z": 9.625741,
          "Type": "None",
          "Action": ""
        },
        {
          "X": 411.820618,
          "Y": -113.318138,
          "Z": 9.557478,
          "Type": "None",
          "Action": ""
        },
        {
          "X": 409.5578,
          "Y": -121.496025,
          "Z": 7.96124649,
          "Type": "None",
          "Action": ""
        },
        {
          "X": 406.478821,
          "Y": -129.373077,
          "Z": 4.32192755,
          "Type": "None",
          "Action": ""
        },
        {
          "X": 402.4811,
          "Y": -136.754074,
          "Z": -0.746997833,
          "Type": "None",
          "Action": ""
        },
        {
          "X": 398.661682,
          "Y": -142.404449,
          "Z": -5.217222,
          "Type": "None",
          "Action": ""
        },
        {
          "X": 393.469818,
          "Y": -149.087509,
          "Z": -8.705385,
          "Type": "None",
          "Action": ""
        },
        {
          "X": 387.224182,
          "Y": -154.692444,
          "Z": -11.785677,
          "Type": "None",
          "Action": ""
        },
        {
          "X": 380.3701,
          "Y": -159.668015,
          "Z": -14.7086706,
          "Type": "None",
          "Action": ""
        },
        {
          "X": 372.6509,
          "Y": -163.512131,
          "Z": -18.3092842,
          "Type": "None",
          "Action": ""
        },
        {
          "X": 364.705536,
          "Y": -166.09375,
          "Z": -22.0362434,
          "Type": "None",
          "Action": ""
        },
        {
          "X": 356.6054,
          "Y": -168.68631,
          "Z": -25.5593128,
          "Type": "None",
          "Action": ""
        },
        {
          "X": 348.104584,
          "Y": -171.128372,
          "Z": -25.5194359,
          "Type": "None",
          "Action": ""
        },
        {
          "X": 339.8796,
          "Y": -174.604874,
          "Z": -25.5111332,
          "Type": "None",
          "Action": ""
        },
        {
          "X": 331.233978,
          "Y": -176.8203,
          "Z": -25.50482,
          "Type": "None",
          "Action": ""
        },
        {
          "X": 326.707733,
          "Y": -170.221817,
          "Z": -25.5104752,
          "Type": "None",
          "Action": ""
        },
        {
          "X": 327.168274,
          "Y": -162.192535,
          "Z": -25.517807,
          "Type": "None",
          "Action": ""
        },
        {
          "X": 327.747681,
          "Y": -153.279022,
          "Z": -25.5075245,
          "Type": "None",
          "Action": ""
        },
        {
          "X": 327.638519,
          "Y": -144.317719,
          "Z": -25.41172,
          "Type": "None",
          "Action": ""
        },
        {
          "X": 327.2535,
          "Y": -135.380463,
          "Z": -25.2964935,
          "Type": "None",
          "Action": ""
        },
        {
          "X": 326.340576,
          "Y": -126.510719,
          "Z": -25.18291,
          "Type": "None",
          "Action": ""
        },
        {
          "X": 324.8379,
          "Y": -117.67395,
          "Z": -25.0722656,
          "Type": "None",
          "Action": ""
        },
        {
          "X": 320.1666,
          "Y": -110.08387,
          "Z": -24.6849251,
          "Type": "None",
          "Action": ""
        },
        {
          "X": 314.854279,
          "Y": -102.793427,
          "Z": -24.66798,
          "Type": "None",
          "Action": ""
        },
        {
          "X": 310.132172,
          "Y": -95.26314,
          "Z": -24.5539989,
          "Type": "None",
          "Action": ""
        },
        {
          "X": 308.414063,
          "Y": -86.54904,
          "Z": -24.5669823,
          "Type": "None",
          "Action": ""
        },
        {
          "X": 311.480957,
          "Y": -78.2745361,
          "Z": -24.622921,
          "Type": "None",
          "Action": ""
        },
        {
          "X": 318.2408,
          "Y": -72.59738,
          "Z": -24.68437,
          "Type": "None",
          "Action": ""
        },
        {
          "X": 326.8326,
          "Y": -70.69977,
          "Z": -24.7029457,
          "Type": "None",
          "Action": ""
        },
        {
          "X": 335.213776,
          "Y": -73.4727859,
          "Z": -24.7086086,
          "Type": "None",
          "Action": ""
        },
        {
          "X": 341.220367,
          "Y": -79.82147,
          "Z": -24.7040462,
          "Type": "None",
          "Action": ""
        },
        {
          "X": 341.699646,
          "Y": -88.52819,
          "Z": -24.6845112,
          "Type": "None",
          "Action": ""
        },
        {
          "X": 338.589081,
          "Y": -96.8378,
          "Z": -24.6604176,
          "Type": "None",
          "Action": ""
        },
        {
          "X": 332.414337,
          "Y": -103.01609,
          "Z": -24.6072025,
          "Type": "None",
          "Action": ""
        },
        {
          "X": 324.968353,
          "Y": -100.028854,
          "Z": -24.5839062,
          "Type": "None",
          "Action": ""
        },
        {
          "X": 325.54776,
          "Y": -91.11697,
          "Z": -24.6291161,
          "Type": "None",
          "Action": ""
        }
      ],
      "Name": "Boss - Keli'dan the Breaker",
      "Order": 4,
      "CompleteCondition": {
        "HasCompleteCondition": true,
        "ConditionType": 4,
        "GameObjectId": 0,
        "InitialFlags": 0,
        "ItemId": 0,
        "CSharpCondition": null,
        "DeadMobId": 17377,
        "MobPositionId": 0,
        "MobId": 0,
        "MobPositionVector": null,
        "LOSPositionVector": null,
        "WaitTime": 0
      }
    }
  ],
  "MapId": 542,
  "Name": "The Blood Furnace (Alliance)",
  "Faction": 2,
  "DeathRunPath": [
    {
      "X": -803.0117,
      "Y": 2702.592,
      "Z": 106.758232,
      "Type": "None",
      "Action": ""
    },
    {
      "X": -795.3026,
      "Y": 2700.4502,
      "Z": 105.825661,
      "Type": "None",
      "Action": ""
    },
    {
      "X": -787.251,
      "Y": 2699.27954,
      "Z": 105.513367,
      "Type": "None",
      "Action": ""
    },
    {
      "X": -778.8671,
      "Y": 2697.387,
      "Z": 105.364029,
      "Type": "None",
      "Action": ""
    },
    {
      "X": -770.9165,
      "Y": 2694.18018,
      "Z": 104.529655,
      "Type": "None",
      "Action": ""
    },
    {
      "X": -763.7469,
      "Y": 2689.60864,
      "Z": 103.198,
      "Type": "None",
      "Action": ""
    },
    {
      "X": -756.983,
      "Y": 2684.52441,
      "Z": 101.77034,
      "Type": "None",
      "Action": ""
    },
    {
      "X": -750.223,
      "Y": 2678.82715,
      "Z": 99.92966,
      "Type": "None",
      "Action": ""
    },
    {
      "X": -743.6651,
      "Y": 2673.248,
      "Z": 97.8925858,
      "Type": "None",
      "Action": ""
    },
    {
      "X": -737.1242,
      "Y": 2667.74658,
      "Z": 96.2926941,
      "Type": "None",
      "Action": ""
    },
    {
      "X": -730.5362,
      "Y": 2662.318,
      "Z": 94.82399,
      "Type": "None",
      "Action": ""
    },
    {
      "X": -723.907654,
      "Y": 2656.856,
      "Z": 93.90975,
      "Type": "None",
      "Action": ""
    },
    {
      "X": -717.3764,
      "Y": 2651.474,
      "Z": 93.09591,
      "Type": "None",
      "Action": ""
    },
    {
      "X": -710.796448,
      "Y": 2646.05225,
      "Z": 92.51767,
      "Type": "None",
      "Action": ""
    },
    {
      "X": -704.151733,
      "Y": 2640.577,
      "Z": 92.03472,
      "Type": "None",
      "Action": ""
    },
    {
      "X": -697.8089,
      "Y": 2635.02759,
      "Z": 90.35545,
      "Type": "None",
      "Action": ""
    },
    {
      "X": -691.230469,
      "Y": 2629.39282,
      "Z": 90.0213,
      "Type": "None",
      "Action": ""
    },
    {
      "X": -684.7769,
      "Y": 2624.03223,
      "Z": 88.90003,
      "Type": "None",
      "Action": ""
    },
    {
      "X": -678.154053,
      "Y": 2618.53052,
      "Z": 87.32555,
      "Type": "None",
      "Action": ""
    },
    {
      "X": -672.0182,
      "Y": 2612.67651,
      "Z": 86.24821,
      "Type": "None",
      "Action": ""
    },
    {
      "X": -665.8959,
      "Y": 2606.578,
      "Z": 85.39745,
      "Type": "None",
      "Action": ""
    },
    {
      "X": -659.8926,
      "Y": 2600.598,
      "Z": 84.5378,
      "Type": "None",
      "Action": ""
    },
    {
      "X": -653.9339,
      "Y": 2594.66235,
      "Z": 83.60004,
      "Type": "None",
      "Action": ""
    },
    {
      "X": -647.87854,
      "Y": 2588.63037,
      "Z": 82.91531,
      "Type": "None",
      "Action": ""
    },
    {
      "X": -641.7562,
      "Y": 2582.53174,
      "Z": 82.1427155,
      "Type": "None",
      "Action": ""
    },
    {
      "X": -635.7232,
      "Y": 2576.52222,
      "Z": 81.18795,
      "Type": "None",
      "Action": ""
    },
    {
      "X": -628.711548,
      "Y": 2571.79663,
      "Z": 80.3596954,
      "Type": "None",
      "Action": ""
    },
    {
      "X": -620.737549,
      "Y": 2568.998,
      "Z": 80.02539,
      "Type": "None",
      "Action": ""
    },
    {
      "X": -612.748535,
      "Y": 2565.971,
      "Z": 79.12041,
      "Type": "None",
      "Action": ""
    },
    {
      "X": -604.9056,
      "Y": 2562.84766,
      "Z": 77.60156,
      "Type": "None",
      "Action": ""
    },
    {
      "X": -596.897339,
      "Y": 2559.601,
      "Z": 75.91419,
      "Type": "None",
      "Action": ""
    },
    {
      "X": -588.969849,
      "Y": 2556.16162,
      "Z": 73.48648,
      "Type": "None",
      "Action": ""
    },
    {
      "X": -581.1229,
      "Y": 2552.74731,
      "Z": 70.99347,
      "Type": "None",
      "Action": ""
    },
    {
      "X": -573.2017,
      "Y": 2549.373,
      "Z": 69.34383,
      "Type": "None",
      "Action": ""
    },
    {
      "X": -565.4067,
      "Y": 2546.25952,
      "Z": 69.52634,
      "Type": "None",
      "Action": ""
    },
    {
      "X": -557.202759,
      "Y": 2543.495,
      "Z": 69.0314255,
      "Type": "None",
      "Action": ""
    },
    {
      "X": -548.7804,
      "Y": 2542.378,
      "Z": 67.90746,
      "Type": "None",
      "Action": ""
    },
    {
      "X": -540.740967,
      "Y": 2544.68457,
      "Z": 67.11873,
      "Type": "None",
      "Action": ""
    },
    {
      "X": -533.254333,
      "Y": 2548.92676,
      "Z": 66.43855,
      "Type": "None",
      "Action": ""
    },
    {
      "X": -526.5007,
      "Y": 2553.95557,
      "Z": 66.13696,
      "Type": "None",
      "Action": ""
    },
    {
      "X": -519.8012,
      "Y": 2559.32813,
      "Z": 65.73104,
      "Type": "None",
      "Action": ""
    },
    {
      "X": -513.3188,
      "Y": 2564.83325,
      "Z": 65.16898,
      "Type": "None",
      "Action": ""
    },
    {
      "X": -507.044373,
      "Y": 2570.543,
      "Z": 64.83736,
      "Type": "None",
      "Action": ""
    },
    {
      "X": -500.941284,
      "Y": 2576.623,
      "Z": 64.82694,
      "Type": "None",
      "Action": ""
    },
    {
      "X": -495.082,
      "Y": 2582.598,
      "Z": 64.89104,
      "Type": "None",
      "Action": ""
    },
    {
      "X": -489.053619,
      "Y": 2588.74536,
      "Z": 64.78119,
      "Type": "None",
      "Action": ""
    },
    {
      "X": -483.1021,
      "Y": 2595.024,
      "Z": 64.50469,
      "Type": "None",
      "Action": ""
    },
    {
      "X": -477.5115,
      "Y": 2601.279,
      "Z": 64.14649,
      "Type": "None",
      "Action": ""
    },
    {
      "X": -472.023682,
      "Y": 2607.8584,
      "Z": 63.74464,
      "Type": "None",
      "Action": ""
    },
    {
      "X": -466.7363,
      "Y": 2614.45239,
      "Z": 63.28534,
      "Type": "None",
      "Action": ""
    },
    {
      "X": -461.631836,
      "Y": 2621.30615,
      "Z": 62.74128,
      "Type": "None",
      "Action": ""
    },
    {
      "X": -456.815643,
      "Y": 2628.30347,
      "Z": 61.9121628,
      "Type": "None",
      "Action": ""
    },
    {
      "X": -451.980255,
      "Y": 2635.47729,
      "Z": 60.7415276,
      "Type": "None",
      "Action": ""
    },
    {
      "X": -448.447052,
      "Y": 2643.28931,
      "Z": 59.6145554,
      "Type": "None",
      "Action": ""
    },
    {
      "X": -445.438263,
      "Y": 2651.1543,
      "Z": 58.4858856,
      "Type": "None",
      "Action": ""
    },
    {
      "X": -442.510223,
      "Y": 2659.23975,
      "Z": 57.29182,
      "Type": "None",
      "Action": ""
    },
    {
      "X": -439.8557,
      "Y": 2667.33081,
      "Z": 56.0392723,
      "Type": "None",
      "Action": ""
    },
    {
      "X": -437.686981,
      "Y": 2675.60669,
      "Z": 54.7262878,
      "Type": "None",
      "Action": ""
    },
    {
      "X": -436.26593,
      "Y": 2683.96973,
      "Z": 53.3904228,
      "Type": "None",
      "Action": ""
    },
    {
      "X": -435.502563,
      "Y": 2692.51172,
      "Z": 52.0770569,
      "Type": "None",
      "Action": ""
    },
    {
      "X": -436.071136,
      "Y": 2701.05835,
      "Z": 51.07104,
      "Type": "None",
      "Action": ""
    },
    {
      "X": -437.468262,
      "Y": 2709.404,
      "Z": 50.2751732,
      "Type": "None",
      "Action": ""
    },
    {
      "X": -440.101776,
      "Y": 2717.45386,
      "Z": 49.8477325,
      "Type": "None",
      "Action": ""
    },
    {
      "X": -444.300018,
      "Y": 2724.81323,
      "Z": 49.90471,
      "Type": "None",
      "Action": ""
    },
    {
      "X": -449.800476,
      "Y": 2731.43555,
      "Z": 50.35567,
      "Type": "None",
      "Action": ""
    },
    {
      "X": -455.4354,
      "Y": 2737.87573,
      "Z": 50.7853355,
      "Type": "None",
      "Action": ""
    },
    {
      "X": -461.667023,
      "Y": 2743.55835,
      "Z": 51.3795662,
      "Type": "None",
      "Action": ""
    },
    {
      "X": -469.26474,
      "Y": 2747.53882,
      "Z": 52.56549,
      "Type": "None",
      "Action": ""
    },
    {
      "X": -477.132324,
      "Y": 2751.154,
      "Z": 53.9064,
      "Type": "None",
      "Action": ""
    },
    {
      "X": -484.75824,
      "Y": 2754.91284,
      "Z": 55.2095261,
      "Type": "None",
      "Action": ""
    },
    {
      "X": -491.292633,
      "Y": 2760.29956,
      "Z": 55.8661423,
      "Type": "None",
      "Action": ""
    },
    {
      "X": -494.670319,
      "Y": 2767.931,
      "Z": 55.8970032,
      "Type": "None",
      "Action": ""
    },
    {
      "X": -494.8113,
      "Y": 2776.518,
      "Z": 54.6738968,
      "Type": "None",
      "Action": ""
    },
    {
      "X": -493.3042,
      "Y": 2785.04053,
      "Z": 52.9514122,
      "Type": "None",
      "Action": ""
    },
    {
      "X": -491.2164,
      "Y": 2793.1377,
      "Z": 51.0521774,
      "Type": "None",
      "Action": ""
    },
    {
      "X": -488.5554,
      "Y": 2801.38135,
      "Z": 48.91466,
      "Type": "None",
      "Action": ""
    },
    {
      "X": -485.772949,
      "Y": 2809.32837,
      "Z": 46.79175,
      "Type": "None",
      "Action": ""
    },
    {
      "X": -482.580231,
      "Y": 2817.21069,
      "Z": 44.5914726,
      "Type": "None",
      "Action": ""
    },
    {
      "X": -479.2382,
      "Y": 2825.14551,
      "Z": 42.3753128,
      "Type": "None",
      "Action": ""
    },
    {
      "X": -475.9614,
      "Y": 2832.92554,
      "Z": 40.2405739,
      "Type": "None",
      "Action": ""
    },
    {
      "X": -472.574554,
      "Y": 2840.967,
      "Z": 38.0921555,
      "Type": "None",
      "Action": ""
    },
    {
      "X": -469.228455,
      "Y": 2848.91162,
      "Z": 36.0539551,
      "Type": "None",
      "Action": ""
    },
    {
      "X": -465.90683,
      "Y": 2856.798,
      "Z": 34.14925,
      "Type": "None",
      "Action": ""
    },
    {
      "X": -462.764984,
      "Y": 2864.62,
      "Z": 32.4434166,
      "Type": "None",
      "Action": ""
    },
    {
      "X": -460.389038,
      "Y": 2872.924,
      "Z": 31.0148582,
      "Type": "None",
      "Action": ""
    },
    {
      "X": -458.371918,
      "Y": 2881.12158,
      "Z": 29.76691,
      "Type": "None",
      "Action": ""
    },
    {
      "X": -456.938,
      "Y": 2889.56567,
      "Z": 28.5816,
      "Type": "None",
      "Action": ""
    },
    {
      "X": -456.306427,
      "Y": 2898.067,
      "Z": 27.367548,
      "Type": "None",
      "Action": ""
    },
    {
      "X": -455.88443,
      "Y": 2906.55054,
      "Z": 25.93888,
      "Type": "None",
      "Action": ""
    },
    {
      "X": -456.144531,
      "Y": 2915.14551,
      "Z": 24.362484,
      "Type": "None",
      "Action": ""
    },
    {
      "X": -457.0626,
      "Y": 2923.533,
      "Z": 22.7288857,
      "Type": "None",
      "Action": ""
    },
    {
      "X": -458.746582,
      "Y": 2931.919,
      "Z": 21.00579,
      "Type": "None",
      "Action": ""
    },
    {
      "X": -461.369476,
      "Y": 2940.09766,
      "Z": 19.0326614,
      "Type": "None",
      "Action": ""
    },
    {
      "X": -464.952148,
      "Y": 2947.9104,
      "Z": 17.4817486,
      "Type": "None",
      "Action": ""
    },
    {
      "X": -470.370361,
      "Y": 2955.57935,
      "Z": 16.2618866,
      "Type": "None",
      "Action": ""
    },
    {
      "X": -476.2398,
      "Y": 2961.935,
      "Z": 15.1846,
      "Type": "None",
      "Action": ""
    },
    {
      "X": -481.9755,
      "Y": 2968.31421,
      "Z": 14.0000534,
      "Type": "None",
      "Action": ""
    },
    {
      "X": -487.49942,
      "Y": 2974.65552,
      "Z": 12.5676756,
      "Type": "None",
      "Action": ""
    },
    {
      "X": -492.8757,
      "Y": 2981.34888,
      "Z": 10.1054544,
      "Type": "None",
      "Action": ""
    },
    {
      "X": -497.3936,
      "Y": 2988.51147,
      "Z": 7.778064,
      "Type": "None",
      "Action": ""
    },
    {
      "X": -497.606567,
      "Y": 2996.58228,
      "Z": 5.51068449,
      "Type": "None",
      "Action": ""
    },
    {
      "X": -502.466644,
      "Y": 3005.56958,
      "Z": 5.97883224,
      "Type": "None",
      "Action": ""
    },
    {
      "X": -506.43576,
      "Y": 3013.24561,
      "Z": 5.847484,
      "Type": "None",
      "Action": ""
    },
    {
      "X": -510.3895,
      "Y": 3020.894,
      "Z": 5.65274,
      "Type": "None",
      "Action": ""
    },
    {
      "X": -514.3031,
      "Y": 3028.56348,
      "Z": 5.561354,
      "Type": "None",
      "Action": ""
    },
    {
      "X": -518.1159,
      "Y": 3036.0835,
      "Z": 5.28211069,
      "Type": "None",
      "Action": ""
    },
    {
      "X": -521.9799,
      "Y": 3043.731,
      "Z": 4.65370131,
      "Type": "None",
      "Action": ""
    },
    {
      "X": -525.731567,
      "Y": 3051.32837,
      "Z": 3.80851054,
      "Type": "None",
      "Action": ""
    },
    {
      "X": -529.529663,
      "Y": 3059.0437,
      "Z": 2.83675456,
      "Type": "None",
      "Action": ""
    },
    {
      "X": -533.2284,
      "Y": 3066.69043,
      "Z": 1.79175568,
      "Type": "None",
      "Action": ""
    },
    {
      "X": -536.8901,
      "Y": 3074.35522,
      "Z": 0.7639861,
      "Type": "None",
      "Action": ""
    },
    {
      "X": -540.3793,
      "Y": 3082.22656,
      "Z": 0.4193892,
      "Type": "None",
      "Action": ""
    },
    {
      "X": -543.7735,
      "Y": 3089.94556,
      "Z": 0.909809351,
      "Type": "None",
      "Action": ""
    },
    {
      "X": -547.2357,
      "Y": 3097.81958,
      "Z": 1.85640252,
      "Type": "None",
      "Action": ""
    },
    {
      "X": -550.6807,
      "Y": 3105.6543,
      "Z": 2.783088,
      "Type": "None",
      "Action": ""
    },
    {
      "X": -553.7665,
      "Y": 3113.73633,
      "Z": 3.42437983,
      "Type": "None",
      "Action": ""
    },
    {
      "X": -555.417,
      "Y": 3122.01636,
      "Z": 3.83823323,
      "Type": "None",
      "Action": ""
    },
    {
      "X": -555.7273,
      "Y": 3130.62427,
      "Z": 4.855721,
      "Type": "None",
      "Action": ""
    },
    {
      "X": -554.1802,
      "Y": 3138.839,
      "Z": 5.382014,
      "Type": "None",
      "Action": ""
    },
    {
      "X": -550.8059,
      "Y": 3146.73828,
      "Z": 10.3103943,
      "Type": "None",
      "Action": ""
    },
    {
      "X": -547.5655,
      "Y": 3152.14087,
      "Z": 16.7012024,
      "Type": "None",
      "Action": ""
    },
    {
      "X": -542.6701,
      "Y": 3159.23438,
      "Z": 19.0758648,
      "Type": "None",
      "Action": ""
    },
    {
      "X": -535.8013,
      "Y": 3163.41455,
      "Z": 18.5891953,
      "Type": "None",
      "Action": ""
    },
    {
      "X": -527.9857,
      "Y": 3160.981,
      "Z": 18.8817329,
      "Type": "None",
      "Action": ""
    },
    {
      "X": -521.374939,
      "Y": 3155.569,
      "Z": 19.329174,
      "Type": "None",
      "Action": ""
    },
    {
      "X": -515.4654,
      "Y": 3149.35669,
      "Z": 19.3787327,
      "Type": "None",
      "Action": ""
    },
    {
      "X": -509.871826,
      "Y": 3142.936,
      "Z": 19.2317982,
      "Type": "None",
      "Action": ""
    },
    {
      "X": -503.8724,
      "Y": 3136.83,
      "Z": 19.12941,
      "Type": "None",
      "Action": ""
    },
    {
      "X": -497.1592,
      "Y": 3131.21265,
      "Z": 19.12941,
      "Type": "None",
      "Action": ""
    },
    {
      "X": -490.219849,
      "Y": 3126.53882,
      "Z": 19.12941,
      "Type": "None",
      "Action": ""
    },
    {
      "X": -482.673279,
      "Y": 3122.494,
      "Z": 19.38986,
      "Type": "None",
      "Action": ""
    },
    {
      "X": -474.948578,
      "Y": 3118.71826,
      "Z": 20.0292625,
      "Type": "None",
      "Action": ""
    },
    {
      "X": -467.18634,
      "Y": 3115.268,
      "Z": 20.6643963,
      "Type": "None",
      "Action": ""
    },
    {
      "X": -459.425323,
      "Y": 3111.815,
      "Z": 21.2993889,
      "Type": "None",
      "Action": ""
    },
    {
      "X": -451.742554,
      "Y": 3108.04785,
      "Z": 21.9862633,
      "Type": "None",
      "Action": ""
    },
    {
      "X": -444.480621,
      "Y": 3103.673,
      "Z": 22.7105217,
      "Type": "None",
      "Action": ""
    },
    {
      "X": -437.854156,
      "Y": 3098.18481,
      "Z": 23.00396,
      "Type": "None",
      "Action": ""
    },
    {
      "X": -431.8103,
      "Y": 3092.30615,
      "Z": 22.7404957,
      "Type": "None",
      "Action": ""
    },
    {
      "X": -425.4534,
      "Y": 3086.39063,
      "Z": 22.4685421,
      "Type": "None",
      "Action": ""
    },
    {
      "X": -419.2315,
      "Y": 3080.83862,
      "Z": 22.71441,
      "Type": "None",
      "Action": ""
    },
    {
      "X": -411.324463,
      "Y": 3077.88,
      "Z": 22.68161,
      "Type": "None",
      "Action": ""
    },
    {
      "X": -402.888123,
      "Y": 3078.573,
      "Z": 22.429163,
      "Type": "None",
      "Action": ""
    },
    {
      "X": -394.777283,
      "Y": 3080.82446,
      "Z": 23.0054169,
      "Type": "None",
      "Action": ""
    },
    {
      "X": -386.427917,
      "Y": 3082.87476,
      "Z": 25.0340519,
      "Type": "None",
      "Action": ""
    },
    {
      "X": -378.1714,
      "Y": 3084.86548,
      "Z": 24.7601814,
      "Type": "None",
      "Action": ""
    },
    {
      "X": -369.745,
      "Y": 3086.5686,
      "Z": 23.8162289,
      "Type": "None",
      "Action": ""
    },
    {
      "X": -361.222961,
      "Y": 3087.601,
      "Z": 22.52311,
      "Type": "None",
      "Action": ""
    },
    {
      "X": -352.879517,
      "Y": 3086.706,
      "Z": 22.01335,
      "Type": "None",
      "Action": ""
    },
    {
      "X": -344.518555,
      "Y": 3084.53784,
      "Z": 20.8832264,
      "Type": "None",
      "Action": ""
    },
    {
      "X": -336.9948,
      "Y": 3080.981,
      "Z": 22.0135822,
      "Type": "None",
      "Action": ""
    },
    {
      "X": -329.4328,
      "Y": 3076.806,
      "Z": 22.1029224,
      "Type": "None",
      "Action": ""
    },
    {
      "X": -321.50647,
      "Y": 3073.95313,
      "Z": 22.4641743,
      "Type": "None",
      "Action": ""
    },
    {
      "X": -313.019318,
      "Y": 3073.59985,
      "Z": 22.463213,
      "Type": "None",
      "Action": ""
    },
    {
      "X": -304.812134,
      "Y": 3076.04028,
      "Z": 22.4697247,
      "Type": "None",
      "Action": ""
    },
    {
      "X": -298.018921,
      "Y": 3080.97974,
      "Z": 23.57334,
      "Type": "None",
      "Action": ""
    },
    {
      "X": -291.857941,
      "Y": 3086.92676,
      "Z": 25.8107357,
      "Type": "None",
      "Action": ""
    },
    {
      "X": -287.4453,
      "Y": 3094.12378,
      "Z": 28.5891132,
      "Type": "None",
      "Action": ""
    },
    {
      "X": -284.76004,
      "Y": 3101.63159,
      "Z": 30.2912254,
      "Type": "None",
      "Action": ""
    },
    {
      "X": -280.344879,
      "Y": 3109.402,
      "Z": 31.20746,
      "Type": "None",
      "Action": ""
    },
    {
      "X": -278.259033,
      "Y": 3118.19824,
      "Z": 31.2369328,
      "Type": "None",
      "Action": ""
    },
    {
      "X": -280.097717,
      "Y": 3126.35986,
      "Z": 31.31495,
      "Type": "None",
      "Action": ""
    },
    {
      "X": -283.6469,
      "Y": 3134.188,
      "Z": 31.4203548,
      "Type": "None",
      "Action": ""
    },
    {
      "X": -288.077484,
      "Y": 3141.69116,
      "Z": 31.52599,
      "Type": "None",
      "Action": ""
    },
    {
      "X": -303.707,
      "Y": 3165.37866,
      "Z": 31.7413025,
      "Type": "None",
      "Action": ""
    },
    {
      "X": -313.707,
      "Y": 3175.37866,
      "Z": 31.7413025,
      "Type": "None",
      "Action": ""
    }
  ],
  "OffMeshConnections": []
}
