{
  "StepModels": [
    {
      "$type": "WholesomeDungeonCrawler.Models.MoveAlongPathModel, WholesomeDungeonCrawler",
      "Path": [
        {
          "X": 1688.99,
          "Y": 1053.48,
          "Z": 18.677412,
          "Type": "None",
          "Action": ""
        },
        {
          "X": 1695.98022,
          "Y": 1053.84912,
          "Z": 18.49103,
          "Type": "None",
          "Action": ""
        },
        {
          "X": 1701.21729,
          "Y": 1054.19458,
          "Z": 18.49103,
          "Type": "None",
          "Action": ""
        },
        {
          "X": 1703.127,
          "Y": 1060.63977,
          "Z": 18.49103,
          "Type": "None",
          "Action": ""
        },
        {
          "X": 1702.96216,
          "Y": 1067.602,
          "Z": 18.49103,
          "Type": "None",
          "Action": ""
        },
        {
          "X": 1702.62817,
          "Y": 1075.75024,
          "Z": 14.4442949,
          "Type": "None",
          "Action": ""
        },
        {
          "X": 1702.64233,
          "Y": 1086.25024,
          "Z": 9.194193,
          "Type": "None",
          "Action": ""
        },
        {
          "X": 1702.65784,
          "Y": 1093.25012,
          "Z": 6.82003069,
          "Type": "None",
          "Action": ""
        },
        {
          "X": 1708.58862,
          "Y": 1097.28723,
          "Z": 6.82003069,
          "Type": "None",
          "Action": ""
        },
        {
          "X": 1715.57471,
          "Y": 1097.30225,
          "Z": 6.82003069,
          "Type": "None",
          "Action": ""
        },
        {
          "X": 1722.606,
          "Y": 1097.20508,
          "Z": 6.82003069,
          "Type": "None",
          "Action": ""
        },
        {
          "X": 1730.14453,
          "Y": 1097.77258,
          "Z": 6.82003069,
          "Type": "None",
          "Action": ""
        },
        {
          "X": 1737.16321,
          "Y": 1098.23914,
          "Z": 6.82003069,
          "Type": "None",
          "Action": ""
        },
        {
          "X": 1744.12732,
          "Y": 1098.15247,
          "Z": 6.82003069,
          "Type": "None",
          "Action": ""
        },
        {
          "X": 1751.72107,
          "Y": 1098.01636,
          "Z": 6.82003069,
          "Type": "None",
          "Action": ""
        },
        {
          "X": 1757.56433,
          "Y": 1098.05676,
          "Z": 6.82003069,
          "Type": "None",
          "Action": ""
        },
        {
          "X": 1759.81958,
          "Y": 1104.64966,
          "Z": 7.148051,
          "Type": "None",
          "Action": ""
        },
        {
          "X": 1757.168,
          "Y": 1110.46326,
          "Z": 7.490374,
          "Type": "None",
          "Action": ""
        },
        {
          "X": 1753.00085,
          "Y": 1116.81238,
          "Z": 7.490374,
          "Type": "None",
          "Action": ""
        },
        {
          "X": 1753.88342,
          "Y": 1122.01,
          "Z": 7.490374,
          "Type": "None",
          "Action": ""
        },
        {
          "X": 1755.55176,
          "Y": 1128.17749,
          "Z": 7.490374,
          "Type": "None",
          "Action": ""
        },
        {
          "X": 1757.0481,
          "Y": 1135.123,
          "Z": 7.490374,
          "Type": "None",
          "Action": ""
        },
        {
          "X": 1758.92065,
          "Y": 1140.623,
          "Z": 7.490374,
          "Type": "None",
          "Action": ""
        },
        {
          "X": 1766.28284,
          "Y": 1142.478,
          "Z": 7.490374,
          "Type": "None",
          "Action": ""
        },
        {
          "X": 1773.10742,
          "Y": 1143.99548,
          "Z": 7.490374,
          "Type": "None",
          "Action": ""
        },
        {
          "X": 1781.213,
          "Y": 1143.51575,
          "Z": 7.490374,
          "Type": "None",
          "Action": ""
        },
        {
          "X": 1782.48376,
          "Y": 1137.24451,
          "Z": 7.490374,
          "Type": "None",
          "Action": ""
        },
        {
          "X": 1783.50537,
          "Y": 1130.32019,
          "Z": 7.490374,
          "Type": "None",
          "Action": ""
        },
        {
          "X": 1783.08154,
          "Y": 1139.66382,
          "Z": 7.490374,
          "Type": "None",
          "Action": ""
        },
        {
          "X": 1782.85889,
          "Y": 1146.65991,
          "Z": 7.490374,
          "Type": "None",
          "Action": ""
        },
        {
          "X": 1782.76965,
          "Y": 1153.09924,
          "Z": 7.490374,
          "Type": "None",
          "Action": ""
        },
        {
          "X": 1782.72693,
          "Y": 1160.69409,
          "Z": 7.490374,
          "Type": "None",
          "Action": ""
        },
        {
          "X": 1782.6792,
          "Y": 1165.90881,
          "Z": 6.82069063,
          "Type": "None",
          "Action": ""
        },
        {
          "X": 1791.38208,
          "Y": 1166.81555,
          "Z": 6.82069063,
          "Type": "None",
          "Action": ""
        },
        {
          "X": 1796.16309,
          "Y": 1170.72583,
          "Z": 6.82069063,
          "Type": "None",
          "Action": ""
        },
        {
          "X": 1798.10986,
          "Y": 1177.43787,
          "Z": 8.016653,
          "Type": "None",
          "Action": ""
        },
        {
          "X": 1798.55481,
          "Y": 1183.29688,
          "Z": 10.9281044,
          "Type": "None",
          "Action": ""
        },
        {
          "X": 1798.52161,
          "Y": 1189.1416,
          "Z": 13.8498983,
          "Type": "None",
          "Action": ""
        },
        {
          "X": 1798.28467,
          "Y": 1193.79016,
          "Z": 16.1728611,
          "Type": "None",
          "Action": ""
        },
        {
          "X": 1797.96448,
          "Y": 1199.03027,
          "Z": 18.4916477,
          "Type": "None",
          "Action": ""
        },
        {
          "X": 1797.87781,
          "Y": 1204.83008,
          "Z": 18.4916477,
          "Type": "None",
          "Action": ""
        },
        {
          "X": 1798.3877,
          "Y": 1211.81152,
          "Z": 18.4916477,
          "Type": "None",
          "Action": ""
        },
        {
          "X": 1799.513,
          "Y": 1218.70532,
          "Z": 18.1653061,
          "Type": "None",
          "Action": ""
        },
        {
          "X": 1800.55457,
          "Y": 1223.82068,
          "Z": 18.1942139,
          "Type": "None",
          "Action": ""
        },
        {
          "X": 1800.61853,
          "Y": 1230.2168,
          "Z": 18.2304039,
          "Type": "None",
          "Action": ""
        },
        {
          "X": 1799.74927,
          "Y": 1240.08362,
          "Z": 18.28623,
          "Type": "None",
          "Action": ""
        },
        {
          "X": 1799.28748,
          "Y": 1245.31323,
          "Z": 18.3158188,
          "Type": "None",
          "Action": ""
        },
        {
          "X": 1798.45178,
          "Y": 1250.29724,
          "Z": 18.3440189,
          "Type": "None",
          "Action": ""
        },
        {
          "X": 1792.45715,
          "Y": 1253.91125,
          "Z": 19.0220871,
          "Type": "None",
          "Action": ""
        },
        {
          "X": 1786.63818,
          "Y": 1254.25488,
          "Z": 18.2816448,
          "Type": "None",
          "Action": ""
        },
        {
          "X": 1783.1803,
          "Y": 1262.352,
          "Z": 17.6316738,
          "Type": "None",
          "Action": ""
        },
        {
          "X": 1786.03125,
          "Y": 1268.63611,
          "Z": 17.662281,
          "Type": "None",
          "Action": ""
        },
        {
          "X": 1789.772,
          "Y": 1274.55273,
          "Z": 17.7440262,
          "Type": "None",
          "Action": ""
        },
        {
          "X": 1793.27173,
          "Y": 1281.28674,
          "Z": 18.51947,
          "Type": "None",
          "Action": ""
        },
        {
          "X": 1795.52307,
          "Y": 1286.0282,
          "Z": 18.5462646,
          "Type": "None",
          "Action": ""
        },
        {
          "X": 1795.68909,
          "Y": 1293.62134,
          "Z": 18.5891953,
          "Type": "None",
          "Action": ""
        },
        {
          "X": 1795.85425,
          "Y": 1301.17957,
          "Z": 18.631958,
          "Type": "None",
          "Action": ""
        },
        {
          "X": 1800.0022,
          "Y": 1312.06482,
          "Z": 18.6934757,
          "Type": "None",
          "Action": ""
        },
        {
          "X": 1802.59814,
          "Y": 1318.5647,
          "Z": 18.8419514,
          "Type": "None",
          "Action": ""
        },
        {
          "X": 1802.98279,
          "Y": 1325.4408,
          "Z": 18.9403381,
          "Type": "None",
          "Action": ""
        },
        {
          "X": 1798.02,
          "Y": 1330.92114,
          "Z": 18.9145222,
          "Type": "None",
          "Action": ""
        },
        {
          "X": 1792.73328,
          "Y": 1335.48669,
          "Z": 18.8879223,
          "Type": "None",
          "Action": ""
        },
        {
          "X": 1791.2926,
          "Y": 1343.99036,
          "Z": 18.8879223,
          "Type": "None",
          "Action": ""
        },
        {
          "X": 1791.69275,
          "Y": 1350.97888,
          "Z": 18.8879223,
          "Type": "None",
          "Action": ""
        },
        {
          "X": 1792.13892,
          "Y": 1357.96362,
          "Z": 18.8879223,
          "Type": "None",
          "Action": ""
        },
        {
          "X": 1794.48584,
          "Y": 1366.3877,
          "Z": 18.8879223,
          "Type": "None",
          "Action": ""
        },
        {
          "X": 1796.4458,
          "Y": 1371.76685,
          "Z": 18.8879223,
          "Type": "None",
          "Action": ""
        },
        {
          "X": 1801.19165,
          "Y": 1376.86462,
          "Z": 18.8879223,
          "Type": "None",
          "Action": ""
        },
        {
          "X": 1799.79431,
          "Y": 1382.73987,
          "Z": 18.7817726,
          "Type": "None",
          "Action": ""
        },
        {
          "X": 1797.35754,
          "Y": 1388.04187,
          "Z": 19.614563,
          "Type": "None",
          "Action": ""
        },
        {
          "X": 1796.84424,
          "Y": 1396.17859,
          "Z": 23.5145321,
          "Type": "None",
          "Action": ""
        },
        {
          "X": 1797.27368,
          "Y": 1402.41809,
          "Z": 22.9000015,
          "Type": "None",
          "Action": ""
        },
        {
          "X": 1797.27808,
          "Y": 1406.618,
          "Z": 19.9022636,
          "Type": "None",
          "Action": ""
        },
        {
          "X": 1797.32678,
          "Y": 1410.92981,
          "Z": 16.82469,
          "Type": "None",
          "Action": ""
        },
        {
          "X": 1797.8656,
          "Y": 1416.424,
          "Z": 14.1411085,
          "Type": "None",
          "Action": ""
        },
        {
          "X": 1803.03418,
          "Y": 1417.62561,
          "Z": 12.8095045,
          "Type": "None",
          "Action": ""
        },
        {
          "X": 1808.68384,
          "Y": 1417.78125,
          "Z": 9.043247,
          "Type": "None",
          "Action": ""
        },
        {
          "X": 1813.23438,
          "Y": 1420.78906,
          "Z": 8.446792,
          "Type": "None",
          "Action": ""
        },
        {
          "X": 1813.64355,
          "Y": 1426.38818,
          "Z": 8.446792,
          "Type": "None",
          "Action": ""
        },
        {
          "X": 1811.39551,
          "Y": 1431.53052,
          "Z": 8.446792,
          "Type": "None",
          "Action": ""
        },
        {
          "X": 1806.10718,
          "Y": 1432.39478,
          "Z": 8.446836,
          "Type": "None",
          "Action": ""
        },
        {
          "X": 1800.64172,
          "Y": 1432.52686,
          "Z": 7.01396132,
          "Type": "None",
          "Action": ""
        },
        {
          "X": 1796.331,
          "Y": 1432.49878,
          "Z": 4.041254,
          "Type": "None",
          "Action": ""
        },
        {
          "X": 1792.0166,
          "Y": 1432.6377,
          "Z": 1.06625414,
          "Type": "None",
          "Action": ""
        },
        {
          "X": 1786.53638,
          "Y": 1431.52625,
          "Z": -0.1703451,
          "Type": "None",
          "Action": ""
        },
        {
          "X": 1785.47791,
          "Y": 1426.40027,
          "Z": -0.455118,
          "Type": "None",
          "Action": ""
        },
        {
          "X": 1785.61,
          "Y": 1420.832,
          "Z": -0.1710244,
          "Type": "None",
          "Action": ""
        },
        {
          "X": 1788.30591,
          "Y": 1416.56531,
          "Z": -0.0535764769,
          "Type": "None",
          "Action": ""
        },
        {
          "X": 1792.61743,
          "Y": 1416.81,
          "Z": -3.026727,
          "Type": "None",
          "Action": ""
        },
        {
          "X": 1796.81506,
          "Y": 1416.94641,
          "Z": -5.92141962,
          "Type": "None",
          "Action": ""
        },
        {
          "X": 1801.14087,
          "Y": 1416.905,
          "Z": -8.492338,
          "Type": "None",
          "Action": ""
        },
        {
          "X": 1806.85938,
          "Y": 1416.82507,
          "Z": -9.262174,
          "Type": "None",
          "Action": ""
        },
        {
          "X": 1812.44336,
          "Y": 1416.74683,
          "Z": -9.482624,
          "Type": "None",
          "Action": ""
        },
        {
          "X": 1818.12219,
          "Y": 1416.66724,
          "Z": -8.797237,
          "Type": "None",
          "Action": ""
        }
      ],
      "Name": "Boss 1",
      "Order": 0,
      "CompleteCondition": null
    }
  ],
  "MapId": 189,
  "Name": "SM GY_Horde",
  "Faction": 1,
  "DeathRunPath": [
	{
      "X": 2611.844,
      "Y": -545.4943,
      "Z": 88.9996,
      "Type": "None",
      "Action": ""
    },
    {
      "X": 2612.89355,
      "Y": -551.887268,
      "Z": 88.9996,
      "Type": "None",
      "Action": ""
    },
    {
      "X": 2612.79126,
      "Y": -558.051636,
      "Z": 88.9996,
      "Type": "None",
      "Action": ""
    },
    {
      "X": 2609.73633,
      "Y": -563.739868,
      "Z": 88.9996,
      "Type": "None",
      "Action": ""
    },
    {
      "X": 2606.55371,
      "Y": -569.058533,
      "Z": 88.86532,
      "Type": "None",
      "Action": ""
    },
    {
      "X": 2600.27417,
      "Y": -566.5978,
      "Z": 90.29887,
      "Type": "None",
      "Action": ""
    },
    {
      "X": 2598.79028,
      "Y": -570.2338,
      "Z": 93.45127,
      "Type": "None",
      "Action": ""
    },
    {
      "X": 2599.0332,
      "Y": -576.6686,
      "Z": 95.62004,
      "Type": "None",
      "Action": ""
    },
    {
      "X": 2601.14575,
      "Y": -582.564758,
      "Z": 95.4104843,
      "Type": "None",
      "Action": ""
    },
    {
      "X": 2605.18848,
      "Y": -587.466064,
      "Z": 97.2877655,
      "Type": "None",
      "Action": ""
    },
    {
      "X": 2610.22583,
      "Y": -591.2392,
      "Z": 99.17894,
      "Type": "None",
      "Action": ""
    },
    {
      "X": 2614.5498,
      "Y": -596.0403,
      "Z": 101.0796,
      "Type": "None",
      "Action": ""
    },
    {
      "X": 2618.74634,
      "Y": -600.9758,
      "Z": 102.420517,
      "Type": "None",
      "Action": ""
    },
    {
      "X": 2622.82715,
      "Y": -605.775452,
      "Z": 103.157555,
      "Type": "None",
      "Action": ""
    },
    {
      "X": 2627.02368,
      "Y": -610.71106,
      "Z": 104.294441,
      "Type": "None",
      "Action": ""
    },
    {
      "X": 2631.10449,
      "Y": -615.5107,
      "Z": 105.236717,
      "Type": "None",
      "Action": ""
    },
    {
      "X": 2635.29419,
      "Y": -620.4383,
      "Z": 106.008369,
      "Type": "None",
      "Action": ""
    },
    {
      "X": 2639.37085,
      "Y": -625.2329,
      "Z": 106.503151,
      "Type": "None",
      "Action": ""
    },
    {
      "X": 2643.56738,
      "Y": -630.1685,
      "Z": 107.172363,
      "Type": "None",
      "Action": ""
    },
    {
      "X": 2647.757,
      "Y": -635.096069,
      "Z": 107.63031,
      "Type": "None",
      "Action": ""
    },
    {
      "X": 2651.94971,
      "Y": -640.0273,
      "Z": 108.50209,
      "Type": "None",
      "Action": ""
    },
    {
      "X": 2656.03076,
      "Y": -644.8269,
      "Z": 109.042282,
      "Type": "None",
      "Action": ""
    },
    {
      "X": 2660.22729,
      "Y": -649.762451,
      "Z": 109.9887,
      "Type": "None",
      "Action": ""
    },
    {
      "X": 2664.35278,
      "Y": -654.5225,
      "Z": 111.033752,
      "Type": "None",
      "Action": ""
    },
    {
      "X": 2669.07178,
      "Y": -658.9449,
      "Z": 111.903534,
      "Type": "None",
      "Action": ""
    },
    {
      "X": 2673.99121,
      "Y": -662.869568,
      "Z": 112.216606,
      "Type": "None",
      "Action": ""
    },
    {
      "X": 2679.37231,
      "Y": -666.475769,
      "Z": 113.43634,
      "Type": "None",
      "Action": ""
    },
    {
      "X": 2684.893,
      "Y": -669.845032,
      "Z": 114.041542,
      "Type": "None",
      "Action": ""
    },
    {
      "X": 2690.33936,
      "Y": -673.011169,
      "Z": 114.819244,
      "Type": "None",
      "Action": ""
    },
    {
      "X": 2696.1416,
      "Y": -675.8882,
      "Z": 115.661728,
      "Type": "None",
      "Action": ""
    },
    {
      "X": 2702.08423,
      "Y": -678.44165,
      "Z": 116.268082,
      "Type": "None",
      "Action": ""
    },
    {
      "X": 2707.97266,
      "Y": -680.679749,
      "Z": 117.35099,
      "Type": "None",
      "Action": ""
    },
    {
      "X": 2714.2605,
      "Y": -682.2181,
      "Z": 118.893379,
      "Type": "None",
      "Action": ""
    },
    {
      "X": 2720.547,
      "Y": -682.621033,
      "Z": 119.741135,
      "Type": "None",
      "Action": ""
    },
    {
      "X": 2724.98315,
      "Y": -687.3258,
      "Z": 120.4229,
      "Type": "None",
      "Action": ""
    },
    {
      "X": 2729.433,
      "Y": -692.0318,
      "Z": 120.978691,
      "Type": "None",
      "Action": ""
    },
    {
      "X": 2735.7522,
      "Y": -693.164,
      "Z": 122.01667,
      "Type": "None",
      "Action": ""
    },
    {
      "X": 2741.93,
      "Y": -694.393,
      "Z": 123.247528,
      "Type": "None",
      "Action": ""
    },
    {
      "X": 2748.24341,
      "Y": -695.845154,
      "Z": 124.02903,
      "Type": "None",
      "Action": ""
    },
    {
      "X": 2754.383,
      "Y": -697.257263,
      "Z": 124.719261,
      "Type": "None",
      "Action": ""
    },
    {
      "X": 2760.68652,
      "Y": -698.707031,
      "Z": 125.541962,
      "Type": "None",
      "Action": ""
    },
    {
      "X": 2767.00024,
      "Y": -700.1592,
      "Z": 126.576439,
      "Type": "None",
      "Action": ""
    },
    {
      "X": 2773.14,
      "Y": -701.57135,
      "Z": 127.612221,
      "Type": "None",
      "Action": ""
    },
    {
      "X": 2779.47559,
      "Y": -702.9231,
      "Z": 128.626312,
      "Type": "None",
      "Action": ""
    },
    {
      "X": 2785.72461,
      "Y": -703.707764,
      "Z": 129.5953,
      "Type": "None",
      "Action": ""
    },
    {
      "X": 2792.181,
      "Y": -704.079651,
      "Z": 130.850159,
      "Type": "None",
      "Action": ""
    },
    {
      "X": 2798.63916,
      "Y": -703.7278,
      "Z": 132.5462,
      "Type": "None",
      "Action": ""
    },
    {
      "X": 2804.89355,
      "Y": -702.9754,
      "Z": 134.301727,
      "Type": "None",
      "Action": ""
    },
    {
      "X": 2811.24121,
      "Y": -701.7799,
      "Z": 136.162582,
      "Type": "None",
      "Action": ""
    },
    {
      "X": 2817.3396,
      "Y": -700.1814,
      "Z": 137.05365,
      "Type": "None",
      "Action": ""
    },
    {
      "X": 2823.642,
      "Y": -698.6811,
      "Z": 138.07019,
      "Type": "None",
      "Action": ""
    },
    {
      "X": 2829.93457,
      "Y": -697.1853,
      "Z": 139.331,
      "Type": "None",
      "Action": ""
    },
    {
      "X": 2836.05371,
      "Y": -695.7308,
      "Z": 139.331,
      "Type": "None",
      "Action": ""
    },
    {
      "X": 2842.35645,
      "Y": -694.232544,
      "Z": 139.331,
      "Type": "None",
      "Action": ""
    },
    {
      "X": 2846.11035,
      "Y": -698.829163,
      "Z": 139.331,
      "Type": "None",
      "Action": ""
    },
    {
      "X": 2848.58521,
      "Y": -704.7603,
      "Z": 141.143036,
      "Type": "None",
      "Action": ""
    },
    {
      "X": 2850.82153,
      "Y": -710.6497,
      "Z": 144.292023,
      "Type": "None",
      "Action": ""
    },
    {
      "X": 2853.266,
      "Y": -716.637756,
      "Z": 147.525787,
      "Type": "None",
      "Action": ""
    },
    {
      "X": 2855.723,
      "Y": -722.4389,
      "Z": 150.617,
      "Type": "None",
      "Action": ""
    },
    {
      "X": 2858.28247,
      "Y": -728.3903,
      "Z": 153.856583,
      "Type": "None",
      "Action": ""
    },
    {
      "X": 2860.812,
      "Y": -734.160156,
      "Z": 157.005646,
      "Type": "None",
      "Action": ""
    },
    {
      "X": 2863.331,
      "Y": -740.117554,
      "Z": 160.331879,
      "Type": "None",
      "Action": ""
    },
    {
      "X": 2865.84375,
      "Y": -746.088867,
      "Z": 160.331879,
      "Type": "None",
      "Action": ""
    },
    {
      "X": 2868.28735,
      "Y": -751.8957,
      "Z": 160.331879,
      "Type": "None",
      "Action": ""
    },
    {
      "X": 2870.731,
      "Y": -757.702454,
      "Z": 160.331879,
      "Type": "None",
      "Action": ""
    },
    {
      "X": 2873.23975,
      "Y": -763.6641,
      "Z": 160.331879,
      "Type": "None",
      "Action": ""
    },
    {
      "X": 2878.55615,
      "Y": -767.125854,
      "Z": 160.331879,
      "Type": "None",
      "Action": ""
    },
    {
      "X": 2884.058,
      "Y": -770.1949,
      "Z": 160.331879,
      "Type": "None",
      "Action": ""
    },
    {
      "X": 2888.49829,
      "Y": -774.4669,
      "Z": 160.331879,
      "Type": "None",
      "Action": ""
    },
    {
      "X": 2891.16553,
      "Y": -780.3593,
      "Z": 160.331879,
      "Type": "None",
      "Action": ""
    },
    {
      "X": 2893.76782,
      "Y": -786.0968,
      "Z": 160.331879,
      "Type": "None",
      "Action": ""
    },
    {
      "X": 2896.44385,
      "Y": -791.996765,
      "Z": 160.331879,
      "Type": "None",
      "Action": ""
    },
    {
      "X": 2899.11548,
      "Y": -797.8872,
      "Z": 160.331879,
      "Type": "None",
      "Action": ""
    },
    {
      "X": 2901.71777,
      "Y": -803.6247,
      "Z": 160.331879,
      "Type": "None",
      "Action": ""
    },
    {
      "X": 2909.03687,
      "Y": -804.29364,
      "Z": 160.331879,
      "Type": "None",
      "Action": ""
    },
    {
      "X": 2919.91846,
      "Y": -800.068237,
      "Z": 160.332977,
      "Type": "None",
      "Action": ""
    }
  ],
  "OffMeshConnections": []
}