{
  "StepModels": [
    {
      "$type": "WholesomeDungeonCrawler.Models.MoveAlongPathModel, WholesomeDungeonCrawler",
      "Path": [
        {
          "X": 1610.83,
          "Y": -323.433,
          "Z": 18.6738,
          "Type": "None",
          "Action": ""
        },
        {
          "X": 1616.47058,
          "Y": -323.4581,
          "Z": 18.6762886,
          "Type": "None",
          "Action": ""
        },
        {
          "X": 1621.27563,
          "Y": -324.914642,
          "Z": 18.0075436,
          "Type": "None",
          "Action": ""
        },
        {
          "X": 1623.96143,
          "Y": -329.911316,
          "Z": 18.0075436,
          "Type": "None",
          "Action": ""
        },
        {
          "X": 1627.30029,
          "Y": -334.374756,
          "Z": 18.0075436,
          "Type": "None",
          "Action": ""
        },
        {
          "X": 1632.7113,
          "Y": -336.0652,
          "Z": 18.6779842,
          "Type": "None",
          "Action": ""
        },
        {
          "X": 1638.29492,
          "Y": -335.444946,
          "Z": 18.6779842,
          "Type": "None",
          "Action": ""
        },
        {
          "X": 1643.98486,
          "Y": -334.777771,
          "Z": 18.6779842,
          "Type": "None",
          "Action": ""
        },
        {
          "X": 1649.67236,
          "Y": -334.5776,
          "Z": 18.6779842,
          "Type": "None",
          "Action": ""
        },
        {
          "X": 1655.31274,
          "Y": -334.4682,
          "Z": 18.6779842,
          "Type": "None",
          "Action": ""
        },
        {
          "X": 1661.05029,
          "Y": -334.6328,
          "Z": 18.6779842,
          "Type": "None",
          "Action": ""
        },
        {
          "X": 1666.68372,
          "Y": -334.720764,
          "Z": 18.9005756,
          "Type": "None",
          "Action": ""
        },
        {
          "X": 1672.36707,
          "Y": -334.670868,
          "Z": 18.9928188,
          "Type": "None",
          "Action": ""
        },
        {
          "X": 1678.10449,
          "Y": -334.620331,
          "Z": 18.6778259,
          "Type": "None",
          "Action": ""
        },
        {
          "X": 1683.73926,
          "Y": -334.57074,
          "Z": 18.6778259,
          "Type": "None",
          "Action": ""
        },
        {
          "X": 1689.4718,
          "Y": -334.542725,
          "Z": 19.22327,
          "Type": "None",
          "Action": ""
        },
        {
          "X": 1695.21362,
          "Y": -334.514679,
          "Z": 19.2248726,
          "Type": "None",
          "Action": ""
        },
        {
          "X": 1700.85815,
          "Y": -334.487152,
          "Z": 18.677866,
          "Type": "None",
          "Action": ""
        },
        {
          "X": 1706.54211,
          "Y": -334.4598,
          "Z": 18.677866,
          "Type": "None",
          "Action": ""
        },
        {
          "X": 1710.86389,
          "Y": -337.0723,
          "Z": 18.677866,
          "Type": "None",
          "Action": ""
        },
        {
          "X": 1711.71912,
          "Y": -342.680847,
          "Z": 18.677866,
          "Type": "None",
          "Action": ""
        },
        {
          "X": 1712.60474,
          "Y": -348.3518,
          "Z": 18.677866,
          "Type": "None",
          "Action": ""
        },
        {
          "X": 1713.51282,
          "Y": -353.9085,
          "Z": 18.6779442,
          "Type": "None",
          "Action": ""
        },
        {
          "X": 1714.2135,
          "Y": -359.6014,
          "Z": 18.6779442,
          "Type": "None",
          "Action": ""
        },
        {
          "X": 1718.56934,
          "Y": -362.513,
          "Z": 17.9712029,
          "Type": "None",
          "Action": ""
        },
        {
          "X": 1724.20093,
          "Y": -362.694946,
          "Z": 15.1329165,
          "Type": "None",
          "Action": ""
        },
        {
          "X": 1729.932,
          "Y": -362.8471,
          "Z": 12.2680941,
          "Type": "None",
          "Action": ""
        },
        {
          "X": 1735.62158,
          "Y": -362.967926,
          "Z": 9.422406,
          "Type": "None",
          "Action": ""
        },
        {
          "X": 1741.25171,
          "Y": -363.279419,
          "Z": 7.896473,
          "Type": "None",
          "Action": ""
        },
        {
          "X": 1746.76135,
          "Y": -364.574463,
          "Z": 7.897052,
          "Type": "None",
          "Action": ""
        },
        {
          "X": 1750.87842,
          "Y": -368.524078,
          "Z": 7.897415,
          "Type": "None",
          "Action": ""
        },
        {
          "X": 1751.96729,
          "Y": -373.9126,
          "Z": 7.89818239,
          "Type": "None",
          "Action": ""
        },
        {
          "X": 1754.77356,
          "Y": -378.729736,
          "Z": 7.89841557,
          "Type": "None",
          "Action": ""
        },
        {
          "X": 1759.95313,
          "Y": -380.8777,
          "Z": 7.89958763,
          "Type": "None",
          "Action": ""
        },
        {
          "X": 1765.5863,
          "Y": -381.953278,
          "Z": 7.901966,
          "Type": "None",
          "Action": ""
        },
        {
          "X": 1770.90222,
          "Y": -383.7566,
          "Z": 7.90343237,
          "Type": "None",
          "Action": ""
        },
        {
          "X": 1774.17725,
          "Y": -388.289917,
          "Z": 7.904319,
          "Type": "None",
          "Action": ""
        },
        {
          "X": 1775.59534,
          "Y": -393.785461,
          "Z": 7.90584946,
          "Type": "None",
          "Action": ""
        },
        {
          "X": 1776.67053,
          "Y": -399.313965,
          "Z": 7.90632153,
          "Type": "None",
          "Action": ""
        },
        {
          "X": 1779.64014,
          "Y": -404.081238,
          "Z": 7.90632153,
          "Type": "None",
          "Action": ""
        },
        {
          "X": 1785.01318,
          "Y": -405.746582,
          "Z": 7.9065547,
          "Type": "None",
          "Action": ""
        },
        {
          "X": 1790.63708,
          "Y": -406.095032,
          "Z": 7.908691,
          "Type": "None",
          "Action": ""
        },
        {
          "X": 1796.29431,
          "Y": -406.872955,
          "Z": 7.91015244,
          "Type": "None",
          "Action": ""
        },
        {
          "X": 1799.80872,
          "Y": -411.011078,
          "Z": 7.910494,
          "Type": "None",
          "Action": ""
        },
        {
          "X": 1801.76489,
          "Y": -416.399933,
          "Z": 7.91144371,
          "Type": "None",
          "Action": ""
        },
        {
          "X": 1803.70544,
          "Y": -421.7573,
          "Z": 7.912597,
          "Type": "None",
          "Action": ""
        },
        {
          "X": 1807.8197,
          "Y": -425.402832,
          "Z": 7.91276026,
          "Type": "None",
          "Action": ""
        },
        {
          "X": 1813.16919,
          "Y": -427.436127,
          "Z": 7.91488838,
          "Type": "None",
          "Action": ""
        },
        {
          "X": 1818.79468,
          "Y": -428.151367,
          "Z": 9.314569,
          "Type": "None",
          "Action": ""
        },
        {
          "X": 1824.43176,
          "Y": -428.374268,
          "Z": 12.1093884,
          "Type": "None",
          "Action": ""
        },
        {
          "X": 1830.17139,
          "Y": -428.4394,
          "Z": 14.978694,
          "Type": "None",
          "Action": ""
        },
        {
          "X": 1835.806,
          "Y": -428.427368,
          "Z": 17.7925053,
          "Type": "None",
          "Action": ""
        },
        {
          "X": 1841.525,
          "Y": -428.102661,
          "Z": 18.6780815,
          "Type": "None",
          "Action": ""
        },
        {
          "X": 1846.339,
          "Y": -425.3148,
          "Z": 18.6780815,
          "Type": "None",
          "Action": ""
        },
        {
          "X": 1848.30664,
          "Y": -420.088135,
          "Z": 18.6781349,
          "Type": "None",
          "Action": ""
        },
        {
          "X": 1849.12854,
          "Y": -414.408661,
          "Z": 18.6781349,
          "Type": "None",
          "Action": ""
        },
        {
          "X": 1849.81348,
          "Y": -408.766083,
          "Z": 18.6781349,
          "Type": "None",
          "Action": ""
        },
        {
          "X": 1850.48145,
          "Y": -403.163849,
          "Z": 18.6781349,
          "Type": "None",
          "Action": ""
        },
        {
          "X": 1850.75732,
          "Y": -397.438324,
          "Z": 18.6781349,
          "Type": "None",
          "Action": ""
        },
        {
          "X": 1850.9342,
          "Y": -391.7991,
          "Z": 18.6781349,
          "Type": "None",
          "Action": ""
        },
        {
          "X": 1853.11218,
          "Y": -386.752228,
          "Z": 18.6781349,
          "Type": "None",
          "Action": ""
        },
        {
          "X": 1858.51514,
          "Y": -384.897583,
          "Z": 18.6781349,
          "Type": "None",
          "Action": ""
        },
        {
          "X": 1864.10168,
          "Y": -384.2138,
          "Z": 18.6781349,
          "Type": "None",
          "Action": ""
        },
        {
          "X": 1869.73108,
          "Y": -385.090363,
          "Z": 18.6781349,
          "Type": "None",
          "Action": ""
        },
        {
          "X": 1873.09778,
          "Y": -389.4892,
          "Z": 18.6781349,
          "Type": "None",
          "Action": ""
        },
        {
          "X": 1874.50781,
          "Y": -394.9399,
          "Z": 18.6781349,
          "Type": "None",
          "Action": ""
        },
        {
          "X": 1876.09119,
          "Y": -400.44223,
          "Z": 18.6781349,
          "Type": "None",
          "Action": ""
        },
        {
          "X": 1880.298,
          "Y": -403.961517,
          "Z": 18.6781349,
          "Type": "None",
          "Action": ""
        },
        {
          "X": 1885.82678,
          "Y": -405.296722,
          "Z": 18.6782761,
          "Type": "None",
          "Action": ""
        },
        {
          "X": 1891.44446,
          "Y": -406.434,
          "Z": 18.6783142,
          "Type": "None",
          "Action": ""
        },
        {
          "X": 1896.91357,
          "Y": -405.6819,
          "Z": 18.6783142,
          "Type": "None",
          "Action": ""
        },
        {
          "X": 1899.7489,
          "Y": -400.881683,
          "Z": 18.6783142,
          "Type": "None",
          "Action": ""
        },
        {
          "X": 1900.05029,
          "Y": -395.217072,
          "Z": 18.6783142,
          "Type": "None",
          "Action": ""
        },
        {
          "X": 1900.04675,
          "Y": -389.37912,
          "Z": 18.6783142,
          "Type": "None",
          "Action": ""
        },
        {
          "X": 1899.99768,
          "Y": -383.793335,
          "Z": 18.6783142,
          "Type": "None",
          "Action": ""
        },
        {
          "X": 1899.95447,
          "Y": -378.053528,
          "Z": 18.6783142,
          "Type": "None",
          "Action": ""
        },
        {
          "X": 1900.26831,
          "Y": -372.33017,
          "Z": 18.6783218,
          "Type": "None",
          "Action": ""
        },
        {
          "X": 1903.12415,
          "Y": -367.602081,
          "Z": 18.6783218,
          "Type": "None",
          "Action": ""
        },
        {
          "X": 1908.2019,
          "Y": -365.124451,
          "Z": 18.6783218,
          "Type": "None",
          "Action": ""
        },
        {
          "X": 1913.68152,
          "Y": -363.811768,
          "Z": 18.6783218,
          "Type": "None",
          "Action": ""
        },
        {
          "X": 1919.38037,
          "Y": -363.428925,
          "Z": 18.5876369,
          "Type": "None",
          "Action": ""
        },
        {
          "X": 1924.38892,
          "Y": -365.831177,
          "Z": 18.0080357,
          "Type": "None",
          "Action": ""
        },
        {
          "X": 1926.38269,
          "Y": -370.975,
          "Z": 18.0080357,
          "Type": "None",
          "Action": ""
        },
        {
          "X": 1926.827,
          "Y": -376.689148,
          "Z": 18.0080357,
          "Type": "None",
          "Action": ""
        },
        {
          "X": 1926.98547,
          "Y": -382.328583,
          "Z": 18.0080357,
          "Type": "None",
          "Action": ""
        },
        {
          "X": 1926.81958,
          "Y": -388.2055,
          "Z": 18.0080357,
          "Type": "None",
          "Action": ""
        },
        {
          "X": 1926.58142,
          "Y": -393.842468,
          "Z": 18.0080357,
          "Type": "None",
          "Action": ""
        },
        {
          "X": 1926.3833,
          "Y": -399.57196,
          "Z": 18.0080357,
          "Type": "None",
          "Action": ""
        },
        {
          "X": 1926.21155,
          "Y": -405.211365,
          "Z": 18.0080357,
          "Type": "None",
          "Action": ""
        },
        {
          "X": 1926.03833,
          "Y": -410.899719,
          "Z": 18.0080357,
          "Type": "None",
          "Action": ""
        },
        {
          "X": 1925.86377,
          "Y": -416.630066,
          "Z": 18.0080357,
          "Type": "None",
          "Action": ""
        },
        {
          "X": 1925.70361,
          "Y": -422.2628,
          "Z": 18.0080357,
          "Type": "None",
          "Action": ""
        },
        {
          "X": 1925.574,
          "Y": -427.994324,
          "Z": 18.0080357,
          "Type": "None",
          "Action": ""
        },
        {
          "X": 1930.82385,
          "Y": -430.875916,
          "Z": 18.0080357,
          "Type": "None",
          "Action": ""
        }
      ],
      "Name": "Part One",
      "Order": 0,
      "CompleteCondition": null
    },
    {
      "$type": "WholesomeDungeonCrawler.Models.InteractWithModel, WholesomeDungeonCrawler",
      "ObjectId": 101854,
      "ExpectedPosition": {
        "X": 0.0,
        "Y": 0.0,
        "Z": 0.0,
        "Type": "None",
        "Action": ""
      },
      "StrictPosition": false,
      "FindClosest": false,
      "Name": "Open Door",
      "Order": 1,
      "CompleteCondition": null
    },
    {
      "$type": "WholesomeDungeonCrawler.Models.MoveAlongPathModel, WholesomeDungeonCrawler",
      "Path": [
        {
          "X": 1935.39563,
          "Y": -431.4587,
          "Z": 18.259428,
          "Type": "None",
          "Action": ""
        },
        {
          "X": 1940.87646,
          "Y": -431.437958,
          "Z": 17.0940132,
          "Type": "None",
          "Action": ""
        },
        {
          "X": 1946.52222,
          "Y": -431.454742,
          "Z": 16.3674278,
          "Type": "None",
          "Action": ""
        },
        {
          "X": 1951.72314,
          "Y": -431.470184,
          "Z": 14.60889,
          "Type": "None",
          "Action": ""
        },
        {
          "X": 1954.49512,
          "Y": -431.4784,
          "Z": 10.4378443,
          "Type": "None",
          "Action": ""
        }
      ],
      "Name": "Part Two",
      "Order": 2,
      "CompleteCondition": {
        "HasCompleteCondition": true,
        "ConditionType": 4,
        "GameObjectId": 0,
        "InitialFlags": 0,
        "ItemId": 0,
        "CSharpCondition": null,
        "DeadMobId": 3975,
        "MobPositionId": 0,
        "MobId": 0,
        "MobPositionVector": null,
        "LOSPositionVector": null,
        "WaitTime": 0
      }
    }
  ],
  "MapId": 189,
  "Name": "SM Arm_Horde",
  "Faction": 1,
  "DeathRunPath": [
    {
      "X": 2601.771,
      "Y": -544.6972,
      "Z": 88.9996,
      "Type": "None",
      "Action": ""
    },
    {
      "X": 2600.53735,
      "Y": -551.2387,
      "Z": 88.9996,
      "Type": "None",
      "Action": ""
    },
    {
      "X": 2599.55151,
      "Y": -557.618164,
      "Z": 88.99955,
      "Type": "None",
      "Action": ""
    },
    {
      "X": 2599.51172,
      "Y": -563.9136,
      "Z": 89.4965744,
      "Type": "None",
      "Action": ""
    },
    {
      "X": 2599.95459,
      "Y": -570.365356,
      "Z": 93.2524948,
      "Type": "None",
      "Action": ""
    },
    {
      "X": 2601.11816,
      "Y": -576.5326,
      "Z": 95.1144257,
      "Type": "None",
      "Action": ""
    },
    {
      "X": 2604.66772,
      "Y": -581.8964,
      "Z": 95.94167,
      "Type": "None",
      "Action": ""
    },
    {
      "X": 2608.76343,
      "Y": -586.694641,
      "Z": 98.26736,
      "Type": "None",
      "Action": ""
    },
    {
      "X": 2612.60059,
      "Y": -591.450745,
      "Z": 99.75164,
      "Type": "None",
      "Action": ""
    },
    {
      "X": 2617.74316,
      "Y": -597.8249,
      "Z": 101.861305,
      "Type": "None",
      "Action": ""
    },
    {
      "X": 2622.13867,
      "Y": -603.2729,
      "Z": 102.999847,
      "Type": "None",
      "Action": ""
    },
    {
      "X": 2626.51318,
      "Y": -608.6952,
      "Z": 104.180695,
      "Type": "None",
      "Action": ""
    },
    {
      "X": 2630.90869,
      "Y": -614.1432,
      "Z": 105.208809,
      "Type": "None",
      "Action": ""
    },
    {
      "X": 2635.304,
      "Y": -619.5911,
      "Z": 106.112793,
      "Type": "None",
      "Action": ""
    },
    {
      "X": 2640.051,
      "Y": -625.475,
      "Z": 106.59404,
      "Type": "None",
      "Action": ""
    },
    {
      "X": 2644.46851,
      "Y": -630.9502,
      "Z": 107.244858,
      "Type": "None",
      "Action": ""
    },
    {
      "X": 2648.8418,
      "Y": -636.3709,
      "Z": 107.824371,
      "Type": "None",
      "Action": ""
    },
    {
      "X": 2653.25928,
      "Y": -641.8462,
      "Z": 108.772919,
      "Type": "None",
      "Action": ""
    },
    {
      "X": 2657.86426,
      "Y": -647.0686,
      "Z": 109.376526,
      "Type": "None",
      "Action": ""
    },
    {
      "X": 2663.04346,
      "Y": -652.6233,
      "Z": 110.699608,
      "Type": "None",
      "Action": ""
    },
    {
      "X": 2667.90723,
      "Y": -657.610962,
      "Z": 111.805031,
      "Type": "None",
      "Action": ""
    },
    {
      "X": 2673.54077,
      "Y": -662.702637,
      "Z": 112.129829,
      "Type": "None",
      "Action": ""
    },
    {
      "X": 2679.008,
      "Y": -667.0712,
      "Z": 113.250336,
      "Type": "None",
      "Action": ""
    },
    {
      "X": 2684.71875,
      "Y": -671.119568,
      "Z": 113.907295,
      "Type": "None",
      "Action": ""
    },
    {
      "X": 2690.77979,
      "Y": -674.5987,
      "Z": 114.849304,
      "Type": "None",
      "Action": ""
    },
    {
      "X": 2697.21655,
      "Y": -677.347046,
      "Z": 115.77137,
      "Type": "None",
      "Action": ""
    },
    {
      "X": 2708.112,
      "Y": -679.1485,
      "Z": 117.396019,
      "Type": "None",
      "Action": ""
    },
    {
      "X": 2715.05957,
      "Y": -680.0044,
      "Z": 119.938873,
      "Type": "None",
      "Action": ""
    },
    {
      "X": 2722.59229,
      "Y": -680.9741,
      "Z": 120.4829,
      "Type": "None",
      "Action": ""
    },
    {
      "X": 2729.49121,
      "Y": -681.931946,
      "Z": 121.700096,
      "Type": "None",
      "Action": ""
    },
    {
      "X": 2736.45313,
      "Y": -682.8985,
      "Z": 122.888817,
      "Type": "None",
      "Action": ""
    },
    {
      "X": 2743.33716,
      "Y": -683.9777,
      "Z": 124.67527,
      "Type": "None",
      "Action": ""
    },
    {
      "X": 2750.12769,
      "Y": -685.3739,
      "Z": 126.375229,
      "Type": "None",
      "Action": ""
    },
    {
      "X": 2757.56421,
      "Y": -686.917847,
      "Z": 127.493042,
      "Type": "None",
      "Action": ""
    },
    {
      "X": 2764.3916,
      "Y": -688.3353,
      "Z": 128.5804,
      "Type": "None",
      "Action": ""
    },
    {
      "X": 2771.24536,
      "Y": -689.758362,
      "Z": 129.386658,
      "Type": "None",
      "Action": ""
    },
    {
      "X": 2778.078,
      "Y": -691.2729,
      "Z": 129.897171,
      "Type": "None",
      "Action": ""
    },
    {
      "X": 2784.61987,
      "Y": -693.7417,
      "Z": 130.596146,
      "Type": "None",
      "Action": ""
    },
    {
      "X": 2791.58423,
      "Y": -696.6828,
      "Z": 131.775085,
      "Type": "None",
      "Action": ""
    },
    {
      "X": 2798.12061,
      "Y": -699.222351,
      "Z": 132.9091,
      "Type": "None",
      "Action": ""
    },
    {
      "X": 2804.89673,
      "Y": -700.759338,
      "Z": 134.44841,
      "Type": "None",
      "Action": ""
    },
    {
      "X": 2811.83,
      "Y": -700.2795,
      "Z": 136.531921,
      "Type": "None",
      "Action": ""
    },
    {
      "X": 2817.0437,
      "Y": -699.4144,
      "Z": 137.056442,
      "Type": "None",
      "Action": ""
    },
    {
      "X": 2824.49927,
      "Y": -698.017456,
      "Z": 138.288422,
      "Type": "None",
      "Action": ""
    },
    {
      "X": 2831.195,
      "Y": -696.2497,
      "Z": 139.330856,
      "Type": "None",
      "Action": ""
    },
    {
      "X": 2837.977,
      "Y": -694.5187,
      "Z": 139.330856,
      "Type": "None",
      "Action": ""
    },
    {
      "X": 2846.407,
      "Y": -700.2336,
      "Z": 139.330856,
      "Type": "None",
      "Action": ""
    },
    {
      "X": 2849.832,
      "Y": -706.3382,
      "Z": 142.110825,
      "Type": "None",
      "Action": ""
    },
    {
      "X": 2852.99219,
      "Y": -712.581238,
      "Z": 145.5992,
      "Type": "None",
      "Action": ""
    },
    {
      "X": 2855.442,
      "Y": -718.498962,
      "Z": 148.802246,
      "Type": "None",
      "Action": ""
    },
    {
      "X": 2858.22119,
      "Y": -725.5295,
      "Z": 152.522964,
      "Type": "None",
      "Action": ""
    },
    {
      "X": 2861.558,
      "Y": -734.2957,
      "Z": 157.210678,
      "Type": "None",
      "Action": ""
    },
    {
      "X": 2864.04614,
      "Y": -740.73175,
      "Z": 160.33194,
      "Type": "None",
      "Action": ""
    },
    {
      "X": 2867.04639,
      "Y": -748.352234,
      "Z": 160.33194,
      "Type": "None",
      "Action": ""
    },
    {
      "X": 2869.74243,
      "Y": -755.4526,
      "Z": 160.33194,
      "Type": "None",
      "Action": ""
    },
    {
      "X": 2872.20166,
      "Y": -762.634155,
      "Z": 160.33194,
      "Type": "None",
      "Action": ""
    },
    {
      "X": 2870.85,
      "Y": -769.3208,
      "Z": 160.33194,
      "Type": "None",
      "Action": ""
    },
    {
      "X": 2868.3,
      "Y": -775.839,
      "Z": 160.33194,
      "Type": "None",
      "Action": ""
    },
    {
      "X": 2868.31055,
      "Y": -782.8301,
      "Z": 160.33194,
      "Type": "None",
      "Action": ""
    },
    {
      "X": 2870.36646,
      "Y": -787.698853,
      "Z": 160.33194,
      "Type": "None",
      "Action": ""
    },
    {
      "X": 2872.98438,
      "Y": -794.1529,
      "Z": 160.33194,
      "Type": "None",
      "Action": ""
    },
    {
      "X": 2875.31836,
      "Y": -799.473145,
      "Z": 160.33194,
      "Type": "None",
      "Action": ""
    },
    {
      "X": 2878.14551,
      "Y": -805.876831,
      "Z": 160.33194,
      "Type": "None",
      "Action": ""
    },
    {
      "X": 2880.77417,
      "Y": -812.4015,
      "Z": 160.33194,
      "Type": "None",
      "Action": ""
    },
    {
      "X": 2882.61719,
      "Y": -817.2799,
      "Z": 160.33194,
      "Type": "None",
      "Action": ""
    },
    {
      "X": 2889.21973,
      "Y": -834.6285,
      "Z": 160.327545,
      "Type": "None",
      "Action": ""
    },
    {
      "X": 2886.52563,
      "Y": -835.7521,
      "Z": 160.327545,
      "Type": "None",
      "Action": ""
    },
    {
      "X": 2881.291,
      "Y": -838.739258,
      "Z": 160.327545,
      "Type": "None",
      "Action": ""
    }
  ],
  "OffMeshConnections": [
    {
      "Path": [
        {
          "X": 1947.20117,
          "Y": -431.456757,
          "Z": 16.3674278,
          "Type": "None",
          "Action": ""
        },
        {
          "X": 1956.27026,
          "Y": -431.483673,
          "Z": 6.17757654,
          "Type": "None",
          "Action": ""
        }
      ],
      "ContinentId": 189,
      "Type": 0,
      "TryToUseEvenIfCanFindPathSuccess": true,
      "Name": "Hall of Champions"
    }
  ]
}